% Model:              surface_mount_package.mph
% Version:            COMSOL 6.2.0.290
% Date:               May 26 2026, 01:45
% Dimension:          3
% Nodes:              4419
% Expressions:        1
% Description:        Temperature
% Length unit:        mm
% X                       Y                        Z                        T (K)
10                        3.778596701849607        -1.3521342475538296      303.1567055931783
9.036924753490032         3.9550118255451934       -1.9                     303.1584364079932
9.063040768766722         3.966419089819333        -0.9                     303.1583292587916
10                        5                        -1.9                     303.1554392415222
10                        5                        -0.9                     303.15546425612376
10                        3.571428571428573        -1.9                     303.1565785504895
10                        3.571428571428573        -0.9                     303.1565667439742
8.46423472021084          5                        -1.9                     303.1594631146129
8.389893450670382         5                        -0.9                     303.1598213928359
4.645000000000001         2.6900000000000004       -0.9                     303.3885087209826
4.852689149056705         2.752822417413397        -0.9                     303.2773122438894
4.783090898095264         2.4747208273633836       -0.8999999999999999      303.2730800812024
4.714687489693038         2.8206946698824416       -1.1499999999999984      303.28755754840523
4.645000000000001         2.8500000000000005       -0.9                     303.3882288367982
4.8052447446000235        3.043057776269524        -0.9                     303.2697807811624
5.0418551564574425        2.967183553735448        -0.9000000000000001      303.2485506435019
4.445000000000001         2.690000000000001        -0.9000000000000002      303.3886701472219
4.445000000000001         2.850000000000001        -0.9000000000000002      303.3884801045497
4.496680427425381         2.7121711324528213       -1.0171874999999968      303.3364430003133
4.345000000000001         2.770000000000001        -0.9000000000000002      303.3886110268987
4.245000000000001         2.6900000000000004       -0.9                     303.3885635953561
4.348360854850766         2.7343422649056457       -1.1343749999999988      303.32208536794127
4.245000000000001         2.8500000000000005       -0.9                     303.38836830737927
4.273969456860799         2.953665200141618        -1.1187500000000037      303.31782012274203
4.353443249259367         2.431501141301551        -0.8999999999999999      303.3072074064952
4.422752252840732         2.515019329669674        -1.1499999999999941      303.3063580585665
4.056850952284903         2.7968052826018166       -0.8999999999999999      303.3368080794989
4.0612380648338515        2.806407117429481        -1.1343750000000048      303.33307825961833
4.040567201091188         3.0247680097102645       -0.8999999999999999      303.3250887699428
3.8026115494513864        2.829726338745381        -0.9                     303.3550668833378
4.102938913721607         3.057330400283245        -1.3375000000000021      303.3142514681234
7.81758681269301          3.7424563055609656       -0.9000000000000001      303.16578572388295
7.612023880416098         3.605105772080368        -1.9                     303.167904735259
8.941232623347672         2.8269688182369537       -0.9                     303.15978383404763
8.913454150791287         2.8280528492822663       -1.9                     303.15989120101625
10                        2.142857142857144        -1.9                     303.1573563387584
10                        2.142857142857144        -0.9                     303.15735788433346
4.546055946942026         3.024634028566131        -1.0836784357287141      303.29602323475393
4.585751138566674         3.031120743917344        -0.8999999999999999      303.29743598211314
4.576685830329374         2.8885669223514894       -1.4000000000000026      303.2829664890686
4.333972931225692         3.1440191180914043       -0.8999999999999999      303.3008051110059
4.652236881020746         3.2921896226920797       -0.9                     303.26718615607933
5.035167644939081         3.3043280804463535       -0.9                     303.2398731541288
5.534846034202518         3.0035165410827114       -0.8999999999999999      303.2172134323423
4.9213713227944496        3.0726834389201847       -1.3723873827485225      303.25347060452077
5.007206341488213         3.50663209283462         -1.168799855889603       303.2390000718388
4.793521093607724         3.6181882985439557       -0.9                     303.24498713352574
4.287749657848296         3.3515241365201485       -1.3287374372723688      303.28866786171324
3.9634742983985003        3.3311837684175014       -1.2170479983626499      303.31503327729473
4.01846121230329          3.453686230048806        -0.9                     303.3003946719413
3.7390056425137965        3.1851336988508905       -0.9                     303.3426792264153
4.387609820613663         3.642478046114945        -0.9                     303.26728934757415
5.926702415146444         3.605415756879527        -1.9                     303.19796036960446
5.396533960641401         3.8222637377119466       -0.9                     303.2135542980667
6.250543695360485         3.9124578368831378       -0.9                     303.1879418096564
6.928469440421679         5                        -1.9                     303.1717361910964
6.8075978027665265        5                        -0.9                     303.17311605950835
3.6335563156823723        3.6453324058296936       -0.9                     303.3204689009731
4.561795677555482         2.440460059168217        -0.9                     303.29439552153275
4.594985842728973         2.47988731632111         -1.0820913461538422      303.2927129328156
4.426582319771263         2.205857284016522        -0.8999999999999999      303.2870151157003
5.064044970471235         2.4786598982303696       -0.9                     303.2471779280191
4.954684403438224         2.4804422514224385       -1.1452903558873349      303.25738578087913
5.146506695424397         2.724504438593753        -0.9                     303.2419442038923
5.338612228586355         2.5045505114682323       -0.9                     303.2289407091329
5.262670236201965         2.1613848029423335       -0.9                     303.23120558622537
4.691708014615294         2.1928971678376357       -0.9                     303.2679342353272
4.9399829057835785        2.240541597317087        -0.9000000000000001      303.25159403366655
4.973734318080571         2.6302292261260596       -1.3802731713563507      303.25396164251646
5.0695151201184405        3.0111040088927252       -1.9                     303.238039590774
5.377972184335845         2.649588546865913        -1.3980468750000032      303.22864120567544
5.6136170847084434        2.5896913929434744       -1.9                     303.214368918012
3.537232820539422         2.9928113323652035       -0.9                     303.39811749138227
3.375000000000001         2.8500000000000005       -0.9                     303.63470408707275
3.5820002232212076        2.8917961084259542       -1.1499999999999981      303.3890246158605
3.556080903973182         2.73963685512856         -0.9                     303.42291486269403
3.375000000000001         2.6900000000000004       -0.9                     303.63530173148047
3.395018207760045         3.113448337855979        -1.1008865688409282      303.4017061350897
3.389775042879036         3.257011226155171        -0.9000000000000001      303.38057329444473
3.3107075509392954        3.0071612285160834       -0.9                     303.45491856476843
3.08036938477012          3.124361797241152        -0.8999999999999999      303.4406968433984
3.22580295083677          2.939591389536669        -1.0774473825695545      303.4661860454015
3.1750000000000016        2.850000000000001        -0.9000000000000002      303.6353259331408
3.1750000000000007        2.690000000000001        -0.9000000000000002      303.63570483498955
3.2631488040715944        2.7390601151236287       -1.1499999999999955      303.46024540792797
3.0750000000000006        2.770000000000001        -0.9000000000000002      303.6355571213143
3.1247906422237115        2.9922733337292766       -1.2227246615742116      303.44325662211327
2.9750000000000005        2.6900000000000004       -0.9                     303.6354970546234
3.097241775643806         2.640904054162489        -1.0249999999999995      303.51149406738665
3.5288925577468886        3.186269643911783        -1.4010956480990246      303.36254376111816
3.2843359640621284        2.4640476285564          -0.9000000000000001      303.43899359829163
3.8485066728069044        2.659149034717344        -1.1500000000000061      303.35041731192183
3.7468410987716636        2.5152570132173278       -0.8999999999999998      303.3583193193762
3.9841091556725483        2.585389869374801        -0.8999999999999999      303.33573637864424
3.923402944405031         2.2599105590421096       -0.9                     303.32663537342694
4.135629462823818         2.587084182193509        -1.1500000000000001      303.3249745800349
4.160394352802916         2.4431224479393467       -0.9                     303.3186008353288
4.1951156585902165        2.2631765308252          -1.0896081860413807      303.3083479076447
4.197520511474128         2.21392448572618         -0.9                     303.3033176468766
3.51973005454464          2.4808259812326217       -0.9                     303.3975561596428
3.4461137334611944        2.453095333929562        -1.129142367552306       303.4032999630042
4.593668821701766         2.526617004385222        -1.347492719602812       303.28335675687117
4.400504505681462         2.340038659339347        -1.3999999999999944      303.29179847856454
4.2159917282995085        2.7500529521218553       -1.3999999999999995      303.31070397802415
3.7890004464424107        2.933592216851906        -1.4000000000000057      303.34508081557857
4.499464860951424         2.9257269097140615       -1.9                     303.2733396922192
4.034177379308532         3.2755841358235203       -1.9                     303.2987213506022
3.0204430249056657        2.8080226179765067       -1.0649597679696499      303.5121848938397
2.9750000000000005        2.8500000000000005       -0.9                     303.6349977417122
2.9159388129521284        2.9752588303773115       -1.1209828358127725      303.475431049581
2.7346206141021407        2.9791208252919974       -0.9                     303.49154779205173
2.7909443666358675        2.7614010897293157       -0.9000000000000001      303.51209233698626
6.6021474954997785        2.744701958722529        -0.9                     303.1847394490823
5.822848811200478         2.2915530893852853       -0.9                     303.2071102402615
6.541615556688195         2.467179060017069        -1.9                     303.18645202450733
7.541496666852582         2.0156700818120306       -1.9                     303.17076596060326
7.745271178147889         2.156805871181858        -0.9                     303.16851175344885
8.798891854452146         1.4442122802471435       -0.9                     303.1612233090222
8.713205583600345         1.3086576180505274       -1.9                     303.16171202573463
10                        0.7142857142857135       -0.9                     303.15783093326473
10                        0.7142857142857135       -1.9                     303.1578184551175
2.9650358137361383        3.2295959264048717       -1.3608953950214497      303.4259510720575
2.7708648815334866        3.2411249510602054       -0.9                     303.45100943171576
3.2537726229553066        3.417911071571711        -1.3974794215370925      303.3760568774426
3.743596191080595         3.6618939696960267       -1.2525888917056962      303.31546275757324
4.5086964496415           3.619215272113942        -1.243611107523523       303.26423776617986
4.701439729547647         3.811070884329129        -1.9                     303.2431671371841
3.873669328883121         3.774408696926828        -1.9                     303.29279589476306
4.697720072334988         4.138198970181186        -0.9                     303.2368436009161
4.0890829428703865        3.989364895158864        -0.8999999999999999      303.272672618627
5.450540131251512         5                        -1.9                     303.1991589099375
5.426953740314421         5                        -0.9                     303.19975116679785
3.05114830085319          3.6446081642400308       -0.8999999999999999      303.3743566476742
3.463454337392329         4.226264367799792        -0.9                     303.3033903993957
4.208415748486074         5                        -0.9                     303.2420857964672
5.741860685797505         1.9884359465116397       -1.9                     303.2092556226836
5.452896334931911         1.6343454109573128       -0.9                     303.2190953414789
4.312822201345566         1.9174025745275496       -0.9                     303.2849066623549
3.1194835512876065        2.511808108324973        -1.1499999999999988      303.4556531316238
2.9109230711313625        2.613557311432611        -1.1499999999999952      303.48424530270154
2.757741204102784         2.576808545217796        -0.9                     303.4987098331382
2.9063067482107057        2.452992469309029        -0.9                     303.4715924418787
3.0867775662002903        2.4550766706079994       -0.9000000000000001      303.4636750768913
3.748107404215171         2.243500534149432        -1.1500000000000064      303.3474594460933
3.411483068185565         2.2629024443300163       -0.9                     303.38759727736806
3.6630412265527394        2.213246086137553        -0.9                     303.351490656949
3.19442952260456          2.166548384576399        -0.8999999999999999      303.4029878341327
4.074011116372281         1.869103886298262        -0.9                     303.3006670587743
3.772527763480177         1.9567009462225187       -0.9                     303.3285272282515
4.552569016999472         1.9968023523683436       -0.8999999999999999      303.27104456662767
4.926738906200453         1.8796817516433602       -0.9000000000000001      303.2459374494165
4.551744024450519         2.1388840481102704       -1.348480226865562       303.27715160948105
4.5134402211175075        1.7047240927782008       -0.9                     303.26702154114474
4.976820758595632         2.120444309098002        -1.3615278027189999      303.24900854391393
4.8409660203132185        2.4430273747836093       -1.9000000000000001      303.25316175317414
5.1768150993223525        2.017048823900364        -1.9                     303.23259811790973
3.5228497021527994        2.5583459804682778       -1.4000000000000024      303.3805068954579
3.2363772955751675        2.961454179002687        -1.4036970247916232      303.41239139757977
2.887143158780784         2.851960630358212        -1.3618848571160447      303.4634251166198
3.1416845312593185        2.6237154007225376       -1.3163567824722         303.4398830498101
3.458189547031325         3.2293346461882413       -1.9                     303.34989175712286
3.236263959888115         2.1750697468867832       -1.3579142440969987      303.3993043634375
4.130908926433799         2.0296730197388007       -1.3411728829218323      303.305040542349
3.894401796162415         2.488571730689301        -1.400000000000004       303.3358929674107
3.6039826714582497        2.2460577307919167       -1.3817302084825491      303.3603444472482
4.242040886040362         2.358023376275527        -1.9                     303.29237544179534
3.8389952503710303        2.6820507348529112       -1.9                     303.3265948760653
2.4884500722954326        3.1467633514546103       -0.9000000000000001      303.51220183483764
2.4019792163021227        2.9141361135691604       -0.9                     303.57774665029973
2.511660886382474         2.997100259402274        -1.1499999999999995      303.52856239108246
2.5873981640882113        2.745653672608322        -0.8999999999999999      303.52838955555865
2.0996153096877186        3.079417973066044        -0.8999999999999999      303.6646357420381
2.1050000000000004        2.8500000000000005       -0.9                     304.194576945656
2.2738862142744596        3.0933076905460264       -1.15                    303.57960316656767
2.6213425564628223        3.0800644052353814       -1.400000000000001       303.4834435414724
2.6686578752794876        2.698255317234379        -1.1499999999999968      303.51254715588874
2.5543006082502115        2.5129910079348186       -0.9                     303.52507515571267
2.1461610902395605        2.5547104407067223       -1.0111111111111097      303.704133133578
2.1050000000000004        2.6900000000000004       -0.9                     304.1964951580597
2.3252261628836957        2.4636058291534226       -0.9                     303.5916709457302
2.320397883510882         2.729122988006848        -0.9                     303.64766648927304
1.8047089354874812        3.0755815815395744       -0.9                     303.7210840565811
1.9069235812473129        2.945931990283643        -1.1499999999999997      303.73486279796884
1.9124640039773864        3.3262580734511396       -0.9                     303.5890209917456
1.9050000000000002        2.850000000000001        -0.9000000000000002      304.1963227616562
2.503304086294438         2.8303869303715263       -1.4983737244897954      303.51122659379786
2.8407058966235157        3.2459926969016          -1.9                     303.41531519147424
2.8182619634125095        2.458624849776681        -1.4001945096062642      303.46520688349455
2.1306893052356304        2.399125557061942        -0.9                     303.6396422026964
6.4606546372694185        1.4801924807663953       -0.9                     303.18865592570444
6.314592845748852         1.3146780973670076       -1.9                     303.1919054195022
7.472776200826752         0.6115784407491311       -1.9                     303.17233601037105
7.569373740793129         0.7624334048794235       -0.9                     303.1711591360376
8.745763956091974         0.020736498188627106     -0.9                     303.162015153323
8.718152163676347         -0.012867287972214037    -1.8999999999999997      303.16215532377976
10                        -0.7142857142857135      -0.9                     303.15809233271665
10                        -0.7142857142857135      -1.9                     303.15809988663926
2.6188378333744167        3.518381281186029        -1.3693639651928988      303.4404153301305
2.402278007186328         3.5293594358584697       -0.8999999999999999      303.4647351794151
3.18389431815521          4.0705197275557135       -1.9000000000000001      303.3301222087169
4.058499754969336         5                        -1.9                     303.24847099664197
2.9077417788173303        4.105400966520104        -0.9000000000000001      303.3522783957309
2.517214747717147         3.8311286477110835       -1.9                     303.4065541851164
2.2533321249443397        4.2685687848284894       -0.9                     303.39794375341523
3.008572244249779         5                        -0.9                     303.30502936565466
3.8178165553661048        1.780658300567373        -1.3025330072194268      303.324173687699
5.264715719218259         1.4048256021186951       -1.9                     303.2253078276321
5.515253454950246         0.9546717509716669       -0.9000000000000001      303.2145462512281
4.569424330623678         1.625890812691492        -1.2868822900297783      303.2665232201644
4.72565510092415          1.2593781853538464       -0.9                     303.249823770217
4.2634939329552735        1.5134145391071736       -0.9000000000000001      303.27953048348684
5.402101890316769         0.6660713145172084       -1.9                     303.21825922306607
2.9758182985036177        2.2845561015263156       -1.150000000000002       303.4442863944224
2.7185144553738914        2.31371254510015         -0.9                     303.47567776856334
2.9884352754650774        2.22690434480402         -0.9                     303.4334215569226
3.447362771470451         1.899229446115175        -0.9                     303.3574224329858
3.0906485118610383        1.9284085693021469       -0.9                     303.39717681379153
3.7599600148668273        1.4561951157607345       -0.9                     303.3148152006183
1.755783250150493         2.7917269713885355       -1.084374999999996       303.8457437045727
1.8050000000000002        2.770000000000001        -0.9000000000000002      304.1969009753973
1.705                     2.8500000000000005       -0.9                     304.19512127042066
1.9050000000000002        2.690000000000001        -0.9000000000000002      304.1972747872113
2.088914505304693         2.7376559303803005       -1.149999999999999       303.7234738406103
2.4313962799465725        2.5876160017450096       -1.1499999999999981      303.5623982764309
1.8774278639436706        2.601654205164263        -1.1499999999999992      303.74936356594327
1.9495428274782876        2.4498769928979525       -0.9                     303.7153545543966
1.705                     2.6900000000000004       -0.9                     304.1965099365448
1.552349458954339         2.8084867445920256       -0.9                     303.84269996626796
1.7923478002155515        2.514241697867214        -0.9                     303.7845840945843
4.474761454892616         1.7269404154926038       -1.9                     303.26822084427386
3.1275952162863523        2.4062404604945185       -1.9                     303.39871650930485
2.7584189565509387        2.028248736615584        -1.2926651852052395      303.4516859675742
3.187323385231612         1.78196204940609         -1.400000000000001       303.3854951628138
3.625893673505992         1.9733550372808646       -1.9                     303.3365604190804
1.6213070051154053        3.3058134076790813       -0.9                     303.63433798837286
1.7101354860550109        3.1206934071171615       -1.1258413461538455      303.6924526945611
1.5546790382408873        3.0115602069679066       -0.9                     303.75399086674315
1.3862675630963548        3.1533969708597773       -0.9                     303.71370962304184
2.053106734917742         3.2640443855898114       -1.3486202633868358      303.56706392078917
1.8519034944299655        3.658577124532197        -0.9                     303.5191117387653
1.6232160451690822        3.4525352480062836       -1.3375000000000015      303.5952991494633
1.291396768011913         3.5704454296353374       -0.9000000000000001      303.61626591483395
1.5330012222615137        2.8721431624173914       -1.1499999999999975      303.7675822215569
1.3047051882879974        2.883459160224006        -0.8999999999999999      303.80443159906287
2.150479112483122         2.7944737455204374       -1.3982249149659864      303.603657753587
2.1288490098344948        3.2839310406407214       -1.9                     303.50772888134577
1.8285583092644633        3.0026026926948797       -1.4000000000000015      303.6463040802843
2.4522258152301997        2.393331694737727        -1.3189343640579303      303.52696900133907
2.470309634137798         2.180808615847781        -0.9                     303.5035229211131
2.249394502949297         2.1769136076156737       -0.9                     303.5468835556058
2.086854983852625         2.3337364619507595       -1.150000000000004       303.61508340958966
1.8001189557934132        2.735191024123587        -1.275                   303.7154826865728
2.366274897390614         2.578505485866188        -1.9                     303.50606407345305
2.5057563374404412        2.024917906975957        -1.9                     303.46593854320776
0.6998042228180075        2.9621515011035524       -0.9000000000000001      304.3053494639965
0.532626357697862         2.9803377594039184       -0.9                     304.24504221394545
0.6089852735523813        3.031101442320256        -1.0343888842162676      304.1097633816599
0.6350000000000007        2.850000000000001        -0.9000000000000002      305.03327591686605
0.5790000667046635        3.191710952383321        -0.9                     303.9429742181072
0.965595508213256         3.126080705623048        -0.9                     303.87844796445455
0.2944449845665339        3.0604153418064786       -0.9                     304.0204201667351
2.0220343875575537        2.195248525505864        -0.9                     303.5973220001933
5.089490921886954         0.2822605243121017       -0.8999999999999999      303.2304722896127
6.125065422770065         -0.031699443762577946    -1.9000000000000001      303.19698453815903
6.307776626450508         -0.0027368455601051167   -0.9                     303.1926273013159
5.443685008051997         -0.9764797448873446      -0.8999999999999999      303.2224581095926
7.497912625671229         -0.6792369245521477      -1.9                     303.1729475063944
7.462549480380874         -0.645988198935819       -0.9                     303.17333672038836
8.700466850091377         -1.2500621521210036      -0.9000000000000001      303.162581641607
8.638435482527866         -1.3503721999788847      -1.9                     303.16295764374803
10                        -2.1428571428571423      -0.9                     303.1580829921846
10                        -2.1428571428571423      -1.9                     303.158105516818
1.7758390420812633        4.052951583314702        -1.9                     303.4626345310999
2.6959563505908317        5                        -1.9                     303.3251772984345
1.6635302357185018        4.092441079837534        -0.9000000000000001      303.4740499232576
1.8148210246154657        5                        -0.9                     303.38812635554274
5.309742543827603         -0.8091078517583288      -1.9                     303.22664111669155
4.553337029943021         -0.7661711332740042      -0.9                     303.2637821530329
4.746053879132344         -1.319938987540963       -0.9                     303.26056535820317
3.711459697813746         1.2326883417752612       -1.3364027207506228      303.32098172599314
4.606821541526682         0.808746847076563        -1.9                     303.25318481536084
4.203878814884252         0.8453967408185089       -0.9000000000000001      303.27597478068753
4.097620252816673         -0.06261641998009848     -0.9000000000000001      303.28418563277995
4.930777955800318         -0.10516217469601008     -1.9                     303.23849651421693
2.8224372140533496        1.8254242143146744       -0.9                     303.42273253461184
3.127834128990221         1.4721806153210797       -0.9                     303.37249063536825
2.4000955847928536        1.8253401373992362       -0.9                     303.47970698108645
3.600885866461681         0.622242678030847        -0.9                     303.3171127580554
2.11348244692507          1.9554705266808656       -0.9                     303.53829713678346
2.2860691933987516        1.9988771890733936       -1.35570796253937        303.5205496008795
1.4786507271360192        2.6632939607400994       -1.1499999999999981      303.7733724226216
1.1864224679073092        2.7262516711975566       -1.1499999999999981      303.84902741797646
1.0624263149316513        2.762622917338084        -0.9                     303.9988185135793
1.6659412225826487        2.4656524799482256       -1.1499999999999992      303.7269121428919
1.9243154647559515        2.490559316285838        -1.3999999999999986      303.6389488418956
1.8175234074168642        2.153298443238948        -1.1743997379973534      303.62838210404493
1.7685229217694858        2.248463431461421        -0.9000000000000001      303.65430535764415
1.445978047989909         2.593861803613323        -0.9                     303.7832508023741
1.6308809221637155        2.467635537913213        -0.9                     303.74772752299174
1.215875743562501         2.5338102437404935       -0.8999999999999999      303.8275223204535
0.6655420181248478        2.7673177644852838       -0.9708691548849575      304.6787430530529
0.8350000000000009        2.6900000000000004       -0.9                     305.0336231958634
0.8350000000000009        2.8500000000000005       -0.9                     305.0298256675665
0.6350000000000007        2.690000000000001        -0.9000000000000002      305.03512331384815
0.5350000000000007        2.770000000000001        -0.9000000000000002      305.034280200872
2.4096053218886424        1.702161831254092        -1.1557422716746815      303.47870271105796
2.7285177416688122        1.49567543272421         -1.4107234208144461      303.4269468944488
3.537799733206043         1.0767474719646564       -1.9                     303.32539042756105
2.948019843860186         0.5918193754600631       -0.9                     303.3757263474762
2.92728399899278          1.664694652697006        -1.9                     303.3979898274251
2.3510826332167514        1.643270508104448        -1.9                     303.46830366391526
0.4980252850050026        2.8440641399312265       -1.0642585248142644      304.2989371643643
0.4350000000000005        2.8500000000000005       -0.9                     305.03150262871037
0.4350000000000005        2.6900000000000004       -0.9                     305.0333674536695
1.018520883266726         3.3975046716573547       -1.297954403459779       303.7144322661497
0.7963751754657941        3.604177463993175        -0.9                     303.68480369391403
1.0979142310557872        4.321504090562083        -0.8999999999999999      303.5015294146746
1.1022942027102332        3.8149273504813372       -1.9                     303.5704538869134
0.6089378639205189        3.30966466121268         -1.2309612746893661      303.8301100070199
0.22912014294611138       3.444194383777303        -0.9                     303.8088405751406
0.9515698737633203        2.629522091085546        -1.1499999999999975      303.9775041161759
0.963107387581367         2.477914405368626        -0.9                     303.95187294731636
0.7526132050983891        2.4509213724744656       -0.9                     304.059061400989
0.6477149239717399        2.9825285431977564       -1.252463605503421       303.9797273404383
0.7404857812122059        2.8338946113212646       -1.0588650716908778      304.3370890548468
1.2616959277039914        3.073294359804311        -1.3999999999999984      303.73091323856465
0.9243346749555028        2.874748131900053        -1.3186874804274529      303.89854825413363
1.0681397475266303        2.5690441821710968       -1.399999999999998       303.8215849419064
1.488584241631564         3.2712111350885786       -1.9                     303.6037050547126
1.5113234062821337        2.732726117866874        -1.4000000000000008      303.71780884046444
1.7179416242762886        2.5819930755097262       -1.9                     303.6146089409064
1.9688823000967903        2.1615789694888408       -1.5036617765511808      303.58306249188706
1.5395346449497396        2.417063262029237        -1.400000000000001       303.6954529765189
1.975088655648351         2.0314521320551795       -1.9                     303.5455487021177
-0.3943469797319089       3.056907746429525        -0.9                     304.20388594589065
-0.5434587233724397       2.983195122653135        -0.9000000000000001      304.46779995879587
-0.3657239546264286       3.0624245734308198       -1.0052316920896054      304.17549242829625
-0.43499999999999917      2.8500000000000005       -0.9                     305.39126134634813
-0.18092689173341592      2.9799048010820366       -0.8999999999999999      304.11888667949086
0.27568225771435945       2.8116887305881337       -0.9                     304.2072836762832
0.31787586378945587       2.8922685086143534       -1.121000811755534       304.1094621151458
0.041544972445632385      3.100512374504346        -0.9                     303.97466663719973
0.03848650214171023       2.861172495984791        -0.9000000000000001      304.0684736792244
-0.015153833184839632     3.155177625072282        -1.0981489206348884      303.96823527870407
0.36469920675359585       3.8070708013780052       -1.3709335785022716      303.68673864611
-0.023752865057391603     3.7062108644567284       -0.9                     303.74247188127373
0.4531128631106636        3.97424299693489         -0.9                     303.6252084168486
0.2577900240380353        3.171465792350468        -1.321411725419017       303.9031304144653
0.005099794613494693      2.744768271162546        -1.066714932627177       304.09515279739935
-0.23689525110004264      2.751128583935946        -0.8999999999999999      304.2825055090815
1.9234599317795593        1.9143490605890847       -0.9                     303.56507462071295
2.106545480515728         1.6731686319528398       -0.9000000000000001      303.51146019920117
-0.43499999999999917      2.6900000000000004       -0.9                     305.3943633292793
-0.19310695192233424      2.6314720730232946       -1.1499999999999957      304.1610838055178
-0.31368326964108917      2.48357204812266         -0.9000000000000001      304.21148891770684
-0.531951042150313        2.626583784043428        -1.0308341912259602      304.56243390776115
-0.07932271003700708      2.5342850784220667       -0.9                     304.09635507987326
0.1577058351789029        2.5806068870971828       -0.8999999999999999      304.0865552179399
4.963448842941581         -2.333086515817618       -0.9000000000000001      303.2670074103624
4.880169834564142         -2.3060519267873456      -1.1502218297020448      303.27561001381696
4.61867371360621          -2.451849816174474       -0.9                     303.3075956906127
4.82685534015493          -2.081456811523495       -0.9                     303.2708258947045
5.158840534208112         -2.0283103734076287      -0.9                     303.2472299108286
4.847241806715754         -2.5903171850407745      -0.9                     303.2900205052399
4.499196173222985         -2.188288577889732       -0.9000000000000001      303.30072919304246
4.637384052566311         -1.805624038237723       -0.9                     303.2772091613779
4.87561543047947          -1.6818155894720843      -1.4000000000000008      303.2628218891505
4.2866132249443565        -1.4323103601849265      -0.8999999999999999      303.2939398450913
5.052661673439539         -1.665073872220174       -0.9                     303.2481306337341
4.068123524139537         -2.1525027108611616      -0.9                     303.3370531274585
4.182781494782376         -2.2101948161812497      -1.024811605664265       303.3316564929429
4.057509224836268         -1.8124656480307175      -0.9000000000000001      303.3244863570173
4.354533077504992         -1.9325532170666926      -0.9                     303.30270505357385
4.286763739037861         -2.258151519297744       -0.9                     303.32232973613935
4.120340448788427         -2.474347711623409       -0.8999999999999999      303.34921092836464
3.8417808268602065        -1.5572743970575733      -0.9                     303.33577332296085
3.975994239021517         -1.6523416463220817      -1.300775577958552       303.3329131166975
3.997354219537858         -0.9069637192427971      -0.9000000000000001      303.3036431914483
3.767325905798314         -1.9996562242077616      -0.8999999999999999      303.3623656020607
3.926757932190963         -2.1220832762475927      -1.0833855637764793      303.3547852802218
3.824393962555776         -2.463810159530121       -0.9                     303.3802808270008
4.445000000000001         -2.690000000000001       -0.9000000000000002      303.4033524751831
4.392994309299434         -2.453482753659226       -0.8999999999999999      303.32802919556383
4.49456692237114          -2.6527892547383973      -1.15                    303.32995635388664
4.245000000000001         -2.6900000000000004      -0.9                     303.40328045711806
4.462966682594422         -2.767961406229914       -0.9000000000000002      303.4032947106911
4.645000000000001         -2.6900000000000004      -0.9                     303.40316776373305
4.482464726803543         -2.4053505577100722      -1.1480651215639042      303.31616173765275
4.255942203167865         -2.4507828259937114      -1.096962855201251       303.3389850754637
4.695687825729013         -2.602947847258781       -1.149999999999999       303.3053139854694
5.169853995083557         -2.5968920930914656      -0.9                     303.2538413719057
5.526116904743734         -1.7359901338182837      -0.9                     303.22506340747987
5.277541983697779         -1.940923755772916       -1.3710038770864517      303.2424483981767
5.113846808392639         -1.5580071407064424      -1.9                     303.2430103907524
5.42209115102416          -2.2448127581636568      -0.9000000000000001      303.23458926041445
5.849484348397816         -2.149495480713507       -0.9                     303.2138188251602
5.250237117890533         -2.6227002408709326      -1.1896101325855584      303.25052836898277
5.111989440214876         -2.523553640930954       -1.459774398764798       303.2585497079043
6.248484498897304         -1.4616223203961796      -1.9                     303.1980032749027
6.417689872829509         -1.5785718126763149      -0.9                     303.1939254762951
7.626892132708147         -1.7613887751186597      -1.9                     303.1720815026072
7.621134918871189         -1.7219109940428843      -0.9                     303.172116822665
5.641428634816033         -2.621433236825477       -0.9                     303.2244837857688
5.2635591153071815        -2.8675417304033823      -0.9                     303.2473035275247
6.236212085174015         -2.4386211570148904      -0.9000000000000001      303.20070937032193
8.59356010896541          -2.831149864444874       -0.9                     303.1630103915828
10.000000000000002        -3.571428571428572       -0.9000000000000001      303.1575450940755
10.000000000000002        -3.571428571428572       -1.9                     303.1575448216587
8.607114538534073         -2.8293469440734698      -1.9                     303.16297260658024
8.90608576833233          -4.066081342080653       -1.8999999999999997      303.1602797341733
8.87265844118684          -4.081341169350175       -0.9                     303.16042509349626
10                        -5                       -1.9                     303.15634543995833
10                        -5                       -0.9                     303.1563761166671
4.645000000000001         -2.8500000000000005      -0.9                     303.40282206015587
4.886868632071966         -2.8111642855891654      -0.9                     303.2881605817507
5.471684775520897         -3.0422335539201453      -0.9                     303.23309304209255
8.501597176075268         -5                       -0.9                     303.1610183687645
0.40645786798886796       4.053476743842237        -1.8999999999999997      303.6043426060332
1.3288975053034813        5                        -1.9                     303.4253800427643
-0.13794823129065448      4.2438979074478045       -0.9                     303.62346927013823
0.5993296962374545        5                        -0.9                     303.48040190282717
-0.2372023301881945       3.3107968727757306       -0.9000000000000001      303.9326547383335
-0.6072091919263172       3.214652537346748        -0.9                     304.0857261174645
-0.7349999999999997       2.770000000000001        -0.9000000000000002      305.3950972349414
-0.7848889394572036       2.7382084609702755       -0.9885439527060136      304.8569014006661
-0.6349999999999995       2.690000000000001        -0.9000000000000002      305.39606439805993
-0.8349999999999996       2.6900000000000004       -0.9                     305.39439371721977
-0.8349999999999996       2.8500000000000005       -0.9                     305.39186336338116
-0.9884125549584137       2.825576596914791        -0.9                     304.4189683573667
-0.691687636611062        2.9838244559779126       -0.9                     304.48753112442137
-0.7990131736054441       2.918840057185238        -1.0819738072004603      304.40643096653383
-0.6349999999999995       2.850000000000001        -0.9000000000000002      305.393993993107
-0.9328765931244456       3.083295394925827        -0.9                     304.20457419747083
-0.32114575812442414      2.8494824698811927       -1.1097506565323862      304.2563096473487
-0.5530627822230457       2.9761836006137754       -1.0796273501223181      304.34390624903165
-0.4514506653501385       3.689028898420046        -0.9                     303.79388012791316
-0.22960855198294455      3.5916812892416834       -1.3682222259941699      303.8134536089421
-0.7610609252328357       3.985464999914823        -0.9                     303.7265879999024
-0.33976416102341966      3.1636345045709464       -1.3150139533565486      304.00200471137583
-0.21300535875020365      3.8676845347162794       -1.9                     303.6990499620332
4.154172254637427         -0.9521063001317397      -1.9                     303.29281739677486
3.2477508049110164        -0.37595700672277577     -0.9000000000000001      303.3579359320957
3.8413704008705345        0.058260048454080955     -1.9                     303.3008670121418
3.521872002175694         -1.2422250289162213      -0.9000000000000001      303.35633693213447
2.417158511515184         1.2075532630957966       -0.9                     303.4449554662183
3.051993573468438         0.41682903671221005      -1.9                     303.3657511096202
2.4047355725622825        0.24459257780757682      -0.9000000000000001      303.4406569970707
2.0311685707112384        1.6764185951224098       -1.0960390074055413      303.5320509383521
2.032772470734371         1.6461767598073276       -1.5543226003096242      303.52906276785166
1.628501574375039         1.94630922933507         -0.9                     303.6186258763941
0.8830328872817519        2.2022248317753883       -0.9000000000000001      303.8391339192395
0.9294648898999653        2.2876681731381563       -1.1058823529411763      303.8610512893003
1.4189700141566117        2.354282085598391        -1.1500000000000006      303.7351096869687
1.5693836722810217        2.100261099296814        -1.3945376463043404      303.654387728662
1.4030485099704744        2.249700167006055        -0.9                     303.7125913271162
1.165857148555232         2.229237211819531        -1.4134106570241742      303.7498949334987
1.1093294175904633        2.179992132372523        -0.9000000000000001      303.7670093835703
0.6104596079324945        2.5955292709453337       -1.1329670596454833      304.1442581826322
0.5437001969162607        2.448958229208455        -0.9                     304.0989794864037
0.3500143865559142        2.4526731348540793       -0.9                     304.0643152396206
0.26916202971319925       2.655317575364968        -1.1499999999999977      304.0872132984742
2.1019851404197096        1.02228902643374         -1.3667805351571807      303.49508553997725
2.5177705387055442        1.009130449564728        -1.9                     303.4271126693174
0.48657692600661584       2.3143525621098253       -1.150000000000002       303.9698479721082
0.6369158947607318        2.19468301050567         -0.9                     303.89741910813865
0.39896972770428274       2.259298434295309        -0.9                     303.95778246156874
0.7294941626344235        1.9625386045085458       -0.9                     303.8022890600965
1.8103491754991294        1.354865255162177        -1.9                     303.5330740728369
-0.5374985799242018       2.467809270740192        -0.9000000000000001      304.3560905857549
0.46204543337180215       2.772188371138051        -1.463798140498503       303.9442158278926
0.7327401302397893        3.257279773848169        -1.9                     303.72712418547223
0.8174379237704755        2.3986861452897057       -1.3937307685801836      303.869709240991
0.7492837674221186        2.637586356584389        -1.3416112224895829      303.9501295744459
1.0558287626025837        2.5662307102453674       -1.9                     303.7371729751158
1.3669688454652094        1.9543373809217799       -1.8999999999999997      303.6424404097261
-0.6241962127835299       2.763762467984749        -1.1041412015686929      304.51429078406176
-0.6718248793937598       2.5289369120284975       -1.090333600178603       304.38338487378866
-0.018377424221296238     2.8139171991560947       -1.396214490967769       304.0089575692116
0.12810426184571888       3.2596663304445577       -1.9                     303.8072305175053
-0.38263901280330925      2.655686435450237        -1.3580686530490413      304.1340106627439
0.11530684915067756       2.4107422826567704       -1.1025560128273546      304.03152328106
-0.03180921461208836      2.425196610528861        -1.366088820594954       304.0171874812667
-0.4469172357687284       2.433256315231257        -1.1500000000000046      304.2064045749796
-0.4200423275452101       2.27741091669309         -0.9                     304.13224612273046
-0.7209124829522531       2.4545720216612827       -0.9                     304.35874356847154
-0.9160436586684001       2.458405218956081        -0.9                     304.3001778712514
1.7649326750078749        1.4369882329503976       -0.9000000000000001      303.54770377430935
1.3580583811249782        1.8021183857669876       -0.9000000000000001      303.64793137395355
0.9625674755833282        1.8594926303073622       -0.9000000000000002      303.73356920188684
-0.1900813890767854       2.2105801495519235       -0.9                     304.0328574518152
0.13006264977228543       2.2355570298277385       -0.9                     303.9743544522163
3.519239420795782         -2.2780787520513095      -0.9                     303.4153543211599
3.43636821017035          -1.7977638947856938      -0.8999999999999999      303.391854302492
3.453462969392787         -1.9010519418405152      -1.2372925359729732      303.40328430499835
3.209202922423521         -2.2048944889940163      -0.9000000000000002      303.4563778917755
2.9522807806696423        -1.8958278369980777      -0.9                     303.4673010807159
2.5832498097438616        -1.4790345468456656      -0.9                     303.49590541337835
2.9709252077487407        -1.2436278870595263      -0.8999999999999999      303.42180808066735
3.0006885653751585        -1.5847987319301913      -1.4000000000000004      303.44812452271606
3.3767245667650556        -1.4363338473035596      -1.9                     303.3793808118551
3.8325849720824494        -1.7664706045789416      -1.9                     303.3423298370602
4.860114662641498         -2.7118648674103736      -1.3422579887218042      303.2822871498002
4.587097690390168         -2.871418267939001       -1.124409296973423       303.3239687994919
4.445000000000001         -2.850000000000001       -0.9000000000000002      303.40318956954985
4.50450741371994          -3.032886150118409       -0.9                     303.3297528266916
4.316026371304423         -2.0753942004404418      -1.2808104117886967      303.31550162443284
4.693520302889904         -2.349225282143113       -1.426436954721978       303.28935126671786
4.428411065369312         -1.8702065324979704      -1.9                     303.2920347299986
4.544133844742275         -2.615578509476792       -1.4000000000000008      303.30867536155245
4.30445397933815          -2.8472670749139843      -1.1087893847338006      303.3504322902973
4.245000000000001         -2.8500000000000005      -0.9                     303.4031246470072
4.0217984015518935        -2.7671075010753055      -0.9                     303.3676868923652
4.342656759095716         -3.0409084847416263      -0.9                     303.3386004497543
4.108785678980463         -3.0633223814791988      -0.9                     303.35008905379306
3.192966682594421         -2.767961406229914       -0.9000000000000002      303.6764391938038
3.1750000000000007        -2.850000000000001       -0.9000000000000002      303.67621341740494
3.2802468141046424        -2.7273418658725235      -1.012316064104648       303.57604400033864
3.375000000000001         -2.8500000000000005      -0.9                     303.6755491657599
3.1750000000000007        -2.6900000000000004      -0.9000000000000002      303.6765578842265
3.375000000000001         -2.6900000000000004      -0.9                     303.6762458443398
3.29831011614357          -2.4562753426123685      -0.9                     303.4816337117187
3.9593537000498937        -2.418316494540948       -1.1388921043123255      303.36477667189774
4.114565024868727         -2.6462129186887777      -1.1499999999999995      303.35760668594116
3.842797658008771         -2.7379025249482196      -1.1499999999999997      303.3881902863398
3.6093660233181435        -2.779497828079254       -0.9                     303.44025038388867
3.505479668809676         -2.5310148259418677      -0.9                     303.45122447083764
3.4191212138335683        -2.4996213972378154      -1.1179892261531         303.4609769169984
3.6582041322406615        -2.5503808963528174      -1.1214490093814269      303.41572202457314
3.7209287895798475        -2.215488199440307       -1.4                     303.3832359917225
4.207331648185554         -2.525318336302251       -1.4000000000000017      303.3378521544221
3.9226181583639246        -2.1528976468293086      -1.8999999999999997      303.3449579395596
4.877129786696512         -2.9393382985329657      -1.1269621419047935      303.28400657821663
4.90064788198075          -2.5566579979640505      -1.9                     303.267029706304
5.80806899104549          -2.584854583930535       -1.9                     303.2161710109494
5.2192130222969455        -3.0929024667845963      -1.4251013620225272      303.2501805343763
5.142197220139282         -3.1779524633999627      -0.9                     303.25292184323564
7.0525125157758595        -2.7982433192788685      -1.9                     303.18071588713127
7.856120435114437         -3.984631285263513       -0.9                     303.16779675146387
7.126930590354441         -2.6327981062621175      -0.9                     303.1795152827481
6.171972408949964         -3.1253789197277952      -0.9                     303.20201494566794
7.5868735929619895        -3.9491322513196465      -1.8999999999999997      303.1708715710698
8.45488283978747          -5                       -1.9                     303.1612709943579
3.545692623090577         -2.8417742210421975      -1.11764367096718        303.4484631936513
4.4740148184169835        -3.150983363126065       -1.0740505530703874      303.31632304732926
4.77590377411695          -3.2168447447756114      -0.9                     303.2833275283983
4.4684891049109075        -3.2094877662787304      -0.9                     303.3112155700696
4.281867084047191         -3.249611438327381       -0.9                     303.32408802345145
5.52816332698387          -3.5062656333435624      -0.9                     303.22599967757577
7.031381545436603         -5                       -0.9                     303.175033893292
3.9485609966118047        -3.1546307648294007      -1.1499999999999977      303.3644445098243
3.833428631456898         -3.085896089853669       -0.9                     303.37790159826505
3.5299360499437746        -3.0854342791221847      -0.9                     303.4320896599349
4.04552288948071          -3.393291762092692       -0.9                     303.33849155280313
-0.6465638106890036       4.279872051565298        -1.3932507940279903      303.6722947014404
-0.0276655826499983       5                        -1.9                     303.52331330695364
-1.3244959264997926       4.262582752007317        -0.9                     303.69943564913416
-0.6079295196296837       5                        -0.9                     303.55956764547176
-1.2161953928722102       2.8977603874947135       -0.9                     304.2061870113685
-1.0874329293573752       2.8591677331974443       -1.1499999999999944      304.2370203207975
-1.087684427115267        2.6122712750672274       -0.9000000000000002      304.30315530541617
-1.1795869876754634       3.2454116832105284       -0.9                     304.031725885031
-1.4743970545586391       3.0228686066912456       -0.9                     304.1949745777361
-1.3752436818220193       2.892295086345231        -1.149999999999997       304.2151427394726
-1.520754961516292        2.742091257754647        -0.9                     304.3725416725033
-1.1612961816329692       3.2425669546402602       -1.301467269789581       304.03602900664015
-0.866398903542551        3.4670603738851433       -0.9                     303.9217250112324
-1.1867262944319257       3.66610861713706         -0.9000000000000001      303.8533155270906
-1.5173086766596593       3.3543703529741773       -0.9                     304.00699891418657
-0.6349593938831225       3.44622653729677         -1.400000000000001       303.9061610496828
-1.6402723527611025       3.7217751338970766       -0.8999999999999999      303.8633702041269
-1.4173714081897382       3.7290657709966233       -1.313495871001764       303.8668843242451
-0.9343131060724295       4.065724660261514        -1.9                     303.7107966330223
-0.7581089481718504       3.1484223836163294       -1.2953857285323078      304.0745872793544
-0.8510666498878828       3.781684372063549        -1.3642857142857168      303.8107507088734
-2.1049999999999995       2.6900000000000004       -0.9                     305.0829457971954
-2.0049999999999994       2.770000000000001        -0.9000000000000002      305.08319613272755
-2.096713545381169        2.7153576999866265       -1.0249999999999972      304.63291464332355
-2.1049999999999995       2.8500000000000005       -0.9                     305.0808015847069
-1.9049999999999994       2.690000000000001        -0.9000000000000002      305.08384953584334
-0.9405536343736863       2.606760114619214        -1.1204469654063645      304.32894350038265
-1.3387184409554629       2.562003466428279        -0.9000000000000001      304.26422608935206
-1.2619204454616058       2.670730180400334        -1.1499999999999992      304.25118346243676
-0.9440419236664763       2.85606052223235         -1.4242818995750126      304.1447937713628
-0.5104886487078943       2.877593128691731        -1.4422644623437897      304.09502909556227
-0.5581986741840953       3.272216313958384        -1.9                     303.88651973704907
2.884067395060792         -0.5632648116467553      -1.9                     303.40258805512616
2.498500221764639         -0.8175075759507521      -0.9                     303.464954105627
1.7887427098283442        0.5772615480659052       -0.9000000000000001      303.5246914427749
2.3006226029003773        0.3457238393636324       -1.9                     303.4525077992453
1.775265927327947         -0.3884588307624903      -0.9000000000000001      303.56333322437916
1.4484662291080872        1.3984931440782378       -1.3662228041153215      303.61395626588893
0.7971109078106213        2.0433309503128787       -1.4000000000000001      303.80618780034814
1.0991505319780115        1.8752160985807222       -1.2722426470588257      303.72268469752265
0.42935804622946766       2.2298398689438796       -1.3645833333333313      303.91315066361926
1.6675304624792844        0.6861964670663987       -1.9                     303.5437488801189
0.36139539377333385       1.9030674572925177       -0.9                     303.8605545549075
0.6491048125114596        1.6527938861266616       -0.8999999999999999      303.76923927211357
1.1205045224274341        1.266064560022702        -1.9                     303.6460738592287
-0.8228459425777906       2.3103566469001664       -1.1500000000000017      304.2165352315148
-0.6121403256986104       2.2222875703879246       -0.8999999999999999      304.15312963298004
0.3917467904541443        2.4776168626239077       -1.8999999999999997      303.85720450344155
0.7261807221638744        1.8632979574145547       -1.9                     303.7546393892745
-0.7002520323186939       2.5149381110854336       -1.424576511545133       304.1592553101379
-0.2926294556813165       2.519995802751544        -1.9                     303.9719363374988
-0.39407122944226325      2.333536755190222        -1.4172589994303524      304.07976856942815
0.012534981512283154      1.9790369296468673       -1.3999999999999986      303.9516698879896
-0.39166484396467466      2.194291349650277        -1.1500000000000008      304.0941832241436
-0.4269937963160879       1.9898793395782253       -0.9                     304.043232028085
-1.1175445360480478       2.3222273329625485       -0.9000000000000001      304.21643847010495
-0.842974769000215        2.215275224916298        -0.8999999999999999      304.1808049939062
1.059449717737622         1.2018278095802906       -0.9                     303.6590626543745
1.161470370404353         0.2574880415952796       -0.9000000000000001      303.65127104234847
0.005348350154162462      1.7643269722446813       -0.9                     303.91363178903197
2.1050000000000004        -2.6900000000000004      -0.9                     304.29423098602075
1.9050000000000002        -2.690000000000001       -0.9000000000000002      304.29524101937176
2.0618749254288473        -2.494905178854518       -0.8999999999999999      303.83809985965803
2.0139350052156004        -2.722303783340143       -1.087500000000003       303.93732338022454
1.8471706893171826        -2.462431011512222       -0.9                     303.8756496752927
1.9229666825944203        -2.767961406229914       -0.9000000000000002      304.29496188672323
2.1050000000000004        -2.8500000000000005      -0.9                     304.293005417966
1.9050000000000002        -2.850000000000001       -0.9000000000000002      304.2944727501173
1.7566324704194745        -2.257285546401344       -0.9                     303.8101431558753
1.929905097235255         -2.3495196975280526      -1.1336595626811237      303.79445771957035
2.0151434249610833        -2.2065313840594163      -0.9                     303.72330927449684
1.7958493635145296        -1.9700944956835804      -0.9                     303.7304539251137
2.4303486825156724        -1.5575683533602935      -1.3166666666666649      303.54358557558146
2.2273964011371827        -1.746619160017688       -0.9                     303.590216882828
1.977785291532684         -1.2097083161421534      -0.9                     303.5862286574074
1.8172374440244037        -1.6446070302189442      -0.9                     303.6724530473252
2.5567406354242386        -1.937579196129998       -0.9                     303.54266342502143
1.4120326928762763        -1.0821207851663388      -0.9                     303.7047683493043
1.9319037955577938        -1.2779882613085247      -1.9                     303.6012808800922
1.7907991751267216        -1.7315769988778085      -1.399999999999999       303.7090963985063
1.5823516355979463        -1.7765044745313059      -0.9                     303.75425993955236
1.603179795547059         -1.4546254816341841      -0.9                     303.7011986891469
1.2897016903079974        -1.556407528807895       -0.9                     303.80450507137306
1.3794115243517604        -1.4461687942358123      -1.4000000000000021      303.78429818302726
0.8727222387846938        -1.3906966063195396      -0.9                     303.91590959622766
2.2092600134309697        -2.474629602947717       -1.1230288327169518      303.73855835789067
2.330528366973253         -2.572042608315451       -0.9                     303.7134283066861
2.3285062711280506        -2.2402452864459272      -0.9                     303.6391326606168
2.4448867984576306        -2.174011095020503       -1.1319944678713367      303.605735869366
2.69320010530226          -2.184702746176046       -0.9                     303.54158003029346
2.594534033791799         -2.498914594918345       -0.9                     303.60026720375345
2.461682289451483         -2.4778478400710355      -1.0578844655218125      303.6441988782068
2.5122491890377816        -2.6984778065367627      -0.9                     303.6418352405074
2.713204996017052         -2.4475495966767475      -1.0730202155738708      303.5731852637136
2.821615815553243         -2.4707709199719203      -0.9                     303.5520639620932
2.9438484748382185        -2.269900670061336       -0.8999999999999999      303.50581873025004
2.7918056932415842        -2.009129309100432       -1.3999999999999981      303.5133979422328
3.4281229179206925        -1.9755655088448008      -1.9                     303.39650860372154
3.0750198260370567        -2.4513178851708837      -0.9                     303.5164999649359
3.1105947021444393        -2.336119925821839       -1.1171679809129325      303.4924378738963
3.222480212101172         -2.6374444301802127      -1.142069019035644       303.5153829306418
2.9791148278026953        -2.564582699473657       -1.053888134672127       303.55093551371624
2.9750000000000005        -2.6900000000000004      -0.9                     303.67644350914907
3.2631672650399506        -2.3316179827700387      -1.3689707291396362      303.4580599704138
3.038020476822299         -2.825709967739418       -1.0659511220524809      303.5695662725185
2.9750000000000005        -2.8500000000000005      -0.9                     303.676048502555
3.0785199092113915        -3.0020850440308453      -0.9                     303.54666982719885
2.7611760116634705        -2.74824080607726        -0.9                     303.5878097287787
2.318998456053593         -2.813021630219597       -0.9                     303.76069291287865
2.588654723808216         -2.8949619221119995      -0.9                     303.6149984322389
2.4786678297105484        -2.7448946280451585      -1.125331105623903       303.6576078064564
2.2021868259016832        -2.0169852035198046      -1.399999999999996       303.6422378544766
2.4843914719538875        -2.148240278061176       -1.6499999999999964      303.5781156676249
2.6397629116449437        -1.7483579481395175      -1.8999999999999997      303.5027320096915
4.529113220180701         -3.045459522236878       -1.3996692395987247      303.3075949147567
4.29432284758269          -2.5762889609810737      -1.9                     303.3160919954444
4.124673316813111         -2.8795795819923056      -1.3849641119996963      303.348691721255
4.186759107094041         -3.146917482317157       -1.2302531357190998      303.3393403554738
3.297722635497208         -2.9139354613523842      -1.2623745225750236      303.48151342217693
3.2731848166267525        -3.0627673450845982      -0.9                     303.4948599752988
3.769438046817119         -2.773649397275904       -1.430963386584918       303.39025932552795
3.504281495324714         -2.5337031304666784      -1.4000000000000035      303.42875214562804
3.7006925331383442        -2.532472434976974       -1.9                     303.37933354290675
5.237031477920283         -3.2672438691623844      -1.9                     303.2424994329228
4.9578235794414205        -3.6142923457677227      -0.9                     303.25657668500395
4.745890846985424         -3.4311323163722407      -1.290864973811152       303.2795857136944
4.608700716880643         -3.260191036621127       -1.9                     303.2849438163889
6.170936070852866         -3.796810160627985       -1.9                     303.1990624282252
5.221216609073981         -3.8406795091019412      -1.3943119517543803      303.24047752519175
6.74193484048211          -4.071278184418887       -0.9                     303.1836809867126
5.909689448598199         -3.8586322640217707      -0.9                     303.2072258042529
6.909765679574939         -5                       -1.9                     303.1767049015232
3.502932277959246         -3.2734653843710415      -1.1500000000000048      303.42103571051035
3.338333868050798         -3.2938264383368625      -0.9                     303.4409211613599
3.7762453528618267        -3.175860626414711       -1.4068255735137276      303.3819677085733
3.3944169006957874        -3.1388173733637696      -1.35426348681255        303.4423180156718
4.230008429456189         -3.450754820905289       -1.252694907851638       303.32302235417313
4.452409943835742         -3.5579029940751483      -0.9                     303.2951928712932
4.624785858859913         -4.058470566911959       -0.9                     303.2681339119195
5.241942724319923         -4.211517656300002       -0.9                     303.23083085872804
5.6882754333298555        -5                       -0.9                     303.2049929124939
3.819570658710587         -3.5399901469404567      -1.3914550499131297      303.3618733012897
3.623379203704312         -3.4635515244376185      -0.9                     303.3845846702325
3.941884108420812         -3.7114142100739493      -0.9                     303.33542916653
3.168121995090765         -3.325700332265234       -1.1500000000000026      303.4700807001856
3.021904058759525         -3.116765021643339       -1.1189216851713772      303.5183393661236
2.8215296672747794        -3.0615403258912304      -0.9                     303.5532735643355
3.07956280253473          -3.2650740579092457      -0.9                     303.4859806988274
-0.7063501242188372       1.8974708062055656       -0.9                     304.09044100414025
-1.9113246617025714       3.335745819086468        -0.9000000000000002      304.0616659308225
-1.9755387215632516       3.2754373089291384       -1.1500000000000037      304.1123142268323
-1.7782911917113493       3.0729763645480817       -0.9                     304.27431104576647
-2.033607613504398        3.058323157759117        -0.9000000000000001      304.3109792908404
-2.234223233363213        3.2364787625494857       -0.8999999999999999      304.12948045547313
-2.253883518962376        3.6871487976412722       -0.9                     303.9182190228953
-1.3785442548936118       5                        -1.9                     303.6004399307608
-1.6054471066487919       4.199350841467652        -1.4472809955940025      303.7500844326641
-1.8693813200240683       4.07832547538241         -0.8999999999999999      303.7729784211093
-1.8022822140810728       5                        -0.9                     303.6206663486783
-2.2697663647695534       2.797499091688928        -0.9000000000000001      304.44939022896955
-2.347994967287452        2.609884665505345        -0.9                     304.4194456920668
-1.9970829630605171       2.4595093664429815       -0.9                     304.4694128966563
-1.7049999999999992       2.8500000000000005       -0.9                     305.08041744915243
-1.6630544342866638       2.9254224394930177       -1.1499999999999997      304.3020712190291
-1.7049999999999992       2.6900000000000004       -0.9                     305.08262461490364
-1.9426597137595414       2.9431497150269452       -1.1499999999999937      304.3643738148069
-1.9049999999999994       2.850000000000001        -0.9000000000000002      305.08240222737294
-2.2869381307512247       2.982387353657917        -0.9                     304.3038759455621
-2.4544497307165147       3.067233818829551        -0.9                     304.2175370152268
-2.26574802731902         3.059852501785847        -1.0900301406039765      304.2524314991878
-2.5038129707016292       2.835042987597383        -0.8999999999999999      304.32925719470893
-2.1411059573502724       2.845669745586133        -1.0972527359189335      304.4378709143118
-1.7168542097632864       3.3143958553087955       -1.4000000000000001      304.0413081574944
-1.8834569774624783       3.6495811924260058       -1.3624121749277096      303.92672403907756
-1.9864383941719599       3.174336931175918        -1.3395689721200967      304.1413629677551
-1.545211799094637        3.8786498470250446       -1.9                     303.79577083696074
-1.5080205832164766       2.6069994298592936       -1.1499999999999961      304.31002453267797
-1.5798847026249947       2.484809773985143        -0.9                     304.3438252692081
-1.8252306531019504       2.707983176099293        -1.0690737736448017      304.56286306783744
-1.7933594202404723       2.4534624954718467       -0.9                     304.41440272507594
-1.94342131490012         2.612784832886745        -1.1475475369095829      304.46198415412005
-2.1954514284740125       2.6357427683083867       -1.1433673416766459      304.43814693241364
-1.4361564638079503       2.7291890857334415       -1.3999999999999984      304.20991014004363
-1.1899977505424073       3.2627386780487697       -1.9                     303.94522498772375
-1.7358338795117023       2.4434023368816145       -1.149999999999999       304.38138041089763
-1.1532486430002873       2.1859602216573255       -1.1499999999999964      304.2230043138443
-1.381717883797241        2.2057791711756036       -0.9                     304.2428753110403
-1.5322360649251856       2.2690776106847634       -1.1499999999999968      304.302177997054
-1.6450320291292708       2.195404475852869        -0.9                     304.3078724158535
-2.237424660371115        2.422992886136707        -0.9                     304.4328741922455
-1.180467933005642        2.4476651789362474       -1.3999999999999984      304.20453612666705
-0.9844643385606413       2.557854762874525        -1.9                     304.07457284827336
-0.9247794022033337       2.1661412721390536       -1.3999999999999986      304.1671698497786
1.4643373513484597        -0.34074178094406316     -1.9                     303.6226021595566
0.8065579880324997        -0.6064579411935834      -0.9                     303.8194413097735
0.4910339824326431        1.5445230475754723       -1.3533966537548356      303.8139413698398
0.7105130624235798        0.5943665867806955       -1.9                     303.7382408741569
0.37119615850570087       1.34234079093947         -0.9000000000000001      303.8074167288292
0.4985104141435945        1.2406187985350914       -1.9000000000000001      303.77257759092294
-0.6023693090801584       1.9258683713670555       -1.3999999999999988      304.0868512329464
-0.45492574516623874      1.6486741117241244       -0.9                     304.01482400934515
-0.10499268674771978      1.7225168294660036       -1.9                     303.91686555191734
-0.732014268358606        2.01005521131557         -1.9                     304.0586465786877
-0.3133139146301572       1.6145775376475173       -1.3046943293247208      304.00748348821793
-1.1185342223380834       1.8760063971613903       -0.9000000000000002      304.1833448699203
0.34008985529446667       0.3817662454929054       -0.9                     303.8545176277394
-0.2487779990841017       1.2075484970030657       -0.9                     303.96727354758644
-0.7709115182715657       1.4244946385133797       -0.9                     304.1103964549751
0.5302515230988205        -2.2350058379250894      -0.9                     304.3031334857936
0.2994923224411514        -2.095596164127662       -0.9                     304.34729076676683
0.4792927220388722        -2.1671105737927383      -1.149999999999999       304.31502968737374
0.33526954571806256       -2.4383208440415167      -0.9                     304.49998742745
0.7710276502734197        -2.23186289024845        -0.9                     304.19686644613023
0.6375400300639722        -1.9077952307297048      -0.9000000000000001      304.1283980758198
1.0134901543828767        -1.924354650391318       -0.9                     303.9766105247569
0.8550211489432464        -1.7129273009040347      -1.3999999999999981      304.0142488790541
0.33943121657113995       -1.6260410292140222      -0.9                     304.18818034072535
0.38065864558628215       -1.1610376772239475      -0.9                     304.0669457863172
-0.06881089341426172      -1.3444738249082206      -0.9                     304.3346795521085
0.3943799641071226        -1.2824265655836806      -1.3073271147945587      304.12125179598564
0.06135857297964709       -0.6952379985717201      -0.9                     304.12064320954374
0.9220766209957931        -1.1329518348730616      -1.9                     303.8536023241113
-0.5218995130437936       -1.996384507967241       -1.1357183257918542      304.89566643233854
-0.6038439959711468       -2.1932992595240393      -0.9                     305.00506029423576
-0.2631909782298507       -2.2094777762514255      -0.9                     304.7358933570622
-0.42192374236669394      -1.7595493313431163      -0.9000000000000001      304.68695579010324
-0.02163738625544953      -1.9612923305462373      -0.8999999999999999      304.4785637004921
-0.5028568782128868       -2.4744937443568045      -0.9                     305.1524229776701
-0.3320517222152478       -2.3584153032064616      -1.1500000000000035      304.89526289728457
-0.21504575098615855      -2.52397452890457        -0.9                     304.85674870696863
0.09210408161521677       -2.3965326072072544      -0.9                     304.56596094116543
0.035625150750612046      -2.201910923536496       -1.1401228989620213      304.5574102874771
-0.1443791040197637       -1.4956753234954734      -1.2810485740942341      304.4672013122652
0.3357894738672055        -1.9172830162448276      -1.3142922794117629      304.30300070298495
0.16375368936554957       -1.345033552911961       -1.8999999999999997      304.2045785765097
-0.43499999999999917      -2.6900000000000004      -0.9                     306.02886636062357
-0.3362323289372547       -2.622752994840376       -1.1499999999999932      305.0255423761325
-0.22044221704195843      -2.7928495776822033      -0.9                     304.9574717383325
-0.022171109978965653     -2.675072118597523       -0.9                     304.7173660978846
1.9937153433489925        -3.0270882188835273      -0.8999999999999999      303.87786942967836
2.1632422976746417        -2.954792154555303       -1.1499999999999975      303.7834058645097
2.212736174920133         -3.085290504284628       -0.9                     303.7393925633077
2.104903327836785         -2.6766461604503755      -1.2749999999999972      303.7787042147868
1.5943982914020385        -2.458167561069523       -0.9                     303.91844222487777
1.6965441017543867        -2.507618512180933       -1.1499999999999995      303.9067135355315
1.705                     -2.6900000000000004      -0.9                     304.29470578130434
1.5540345248299037        -2.154411377478998       -0.9                     303.8382129979901
1.7979709450480865        -2.735007564585547       -1.1499999999999981      303.9423275207267
1.929357784804792         -2.8774622509320253      -1.099409833003293       303.934794043781
1.4900979953322917        -2.747804632749118       -0.9                     304.01188717525423
1.705                     -2.8500000000000005      -0.9                     304.29348418772025
1.8128359573191055        -2.9678790062125984      -0.9                     303.9983717709979
1.7005503862841718        -2.228118372251124       -1.3587338775357498      303.8138719751433
2.0465643579989283        -2.398500166345448       -1.3999999999999975      303.7376166828619
1.9517248428730753        -1.8965033788876449      -1.9                     303.66098678439
0.6350000000000007        -2.690000000000001       -0.9000000000000002      305.27133694222994
0.6529666825944207        -2.767961406229914       -0.9000000000000002      305.27068600739045
0.4350000000000005        -2.6900000000000004      -0.9                     305.2701292525884
0.5357859233612443        -2.7803314126408845      -1.0117069661916032      304.85337841324304
0.6350000000000007        -2.850000000000001       -0.9000000000000002      305.26973581323267
0.4350000000000005        -2.8500000000000005      -0.9                     305.26854969299944
0.693549667889804         -2.6777662782422023      -1.1573687143794897      304.4925301143223
0.8350000000000009        -2.6900000000000004      -0.9                     305.2692781451428
0.793362380135028         -2.505075299330013       -0.9                     304.42882704767686
0.5834494686716694        -2.4647226336180976      -0.9                     304.47854157431317
0.8350000000000009        -2.8500000000000005      -0.9                     305.2661758287755
1.0651642915690878        -2.5412925762198357      -0.9                     304.1844337835269
1.2366707306367521        -2.6828041920865204      -0.9                     304.08485615104547
1.0596741539441115        -2.8190863321744644      -0.9                     304.272366964149
1.0410587931308681        -2.5514533549116103      -1.100433130700605       304.19868741854947
1.345811852450432         -2.421530709919865       -0.9                     303.9740488981949
1.0368183117954834        -2.3057622410793694      -0.9                     304.0933619503021
0.7312714292172242        -2.3867172049079373      -1.0891471763302296      304.3234241741748
0.8044673045379948        -2.159150605293245       -1.1652641859709987      304.15971262841714
1.3022160557587696        -2.030965027620605       -0.9000000000000001      303.8920690146246
1.1918043338113695        -2.057989522192324       -1.3999999999999981      303.9552483082188
1.3546531601534186        -2.4563071682096123      -1.239119014225787       303.9817580969536
0.6590931216365923        -2.2386249834578207      -1.4000000000000044      304.2342214708339
1.3467903558272474        -1.8102168033052723      -1.9                     303.8179395182223
0.15850803875302413       -2.581890169688123       -1.1500000000000021      304.6208628432651
0.22384873359826907       -2.72778174194252        -0.9                     304.6597372702743
0.025834983232102093      -2.8364879615222307      -0.9                     304.6956629977655
0.4755362797499595        -2.5786056562239783      -1.1192077320980387      304.56052867749537
2.520014334149905         -2.48961277880241        -1.4273223697194284      303.60947338641745
2.8714798402346253        -2.598488536308063       -1.3086944917186774      303.5457519082504
3.1265185053161715        -2.4095585904416277      -1.9                     303.45787332173416
3.09523560355717          -2.7129667246531692      -1.3891481852344159      303.5039875771952
3.078739029533841         -3.0464472818739483      -1.38104682346024        303.4992699728401
2.645232813644129         -3.0592698479835727      -1.2527101489199826      303.58971257043794
2.4873981518551767        -3.1223331250845803      -0.9                     303.62219546359205
2.3343679840162466        -2.8811167092147967      -1.4047275732029154      303.6744340504484
2.2373501337755277        -2.5911707970761344      -1.6413741265650004      303.6713178869126
2.1769772506661855        -2.2873512470219155      -1.9000000000000001      303.6428681076622
2.585379927148016         -2.4747137223306916      -1.9000000000000001      303.56044407957774
3.935964608708457         -3.2590951100343215      -1.9                     303.3465965698554
3.3735330615216514        -2.995117561404143       -1.9                     303.4241694293206
4.9083766162630535        -4.185851416030311       -1.9                     303.2480665565102
4.201137704033243         -3.8483996677955115      -1.9000000000000001      303.30473333951693
5.419517745236735         -5                       -1.9                     303.2141329794235
2.1678979710338897        -3.1257428136732495      -1.2059817556720136      303.7304297112806
1.8436794050663325        -3.149948070136529       -1.1499999999999944      303.83503604803985
1.8276639773623575        -3.151215764126123       -0.9                     303.8449352817377
1.5850916223219           -3.0363341199813823      -0.9                     303.93991228869345
2.0453918249200207        -3.2963096106177496      -0.9                     303.7294855223674
2.2975956604409027        -3.3339107035842694      -0.9                     303.64607470000993
3.2181427308253947        -3.622750210174113       -0.9                     303.4300959553267
3.0092813844336717        -3.4405819510146154      -1.3522469303013418      303.4847917266098
3.463970017094959         -3.778575268594986       -1.5028626874906648      303.3934036113161
4.107706956170913         -4.228726126315641       -0.9                     303.30247416560536
4.509731963508257         -5                       -0.9                     303.2566259697813
3.5523215352393134        -3.9771469637966708      -0.9                     303.3660640545442
2.6544298323875           -3.545586735677171       -0.9                     303.5320341550031
0.6419171978507042        -2.916923029696568       -1.0536737197634591      304.622169919072
0.47046722344982317       -2.8904000926102986      -1.1433181646771315      304.58813986543066
0.4854428393698038        -3.0061159136937583      -0.9                     304.6105328408049
0.7125440239469056        -3.074653711121859       -0.9                     304.4356024098011
-0.5279778029158111       -1.103336980868871       -0.9                     304.56899573644534
-3.148907414532677        3.9343317851188093       -0.9                     303.8900432525722
-2.8299000769878235       3.620764993023889        -0.9                     303.9801663334334
-3.253094954613897        4.074590787617053        -1.280679593729607       303.88159914876536
-2.494877649167914        4.25293115529565         -0.8999999999999999      303.76632656231993
-3.3451163564800623       3.3835606211639133       -0.9                     304.1327393119263
-3.7104916333482483       3.587517796909979        -0.9                     304.0573676156656
-3.009932705255258        5                        -0.9                     303.6769294194409
-2.749793174795105        5                        -1.9                     303.6653177728592
-0.9919004975162994       1.6976645510069588       -1.3114896019638849      304.191313143139
-3.227637596459888        3.0806028613769945       -0.9000000000000001      304.362141703035
-3.0199165651501945       2.9930192672991627       -0.9000000000000001      304.4515675696503
-3.1749999999999994       2.850000000000001        -0.9000000000000002      304.94267949785086
-3.1338103786520186       3.132657800773137        -1.1500000000000012      304.29730500250304
-2.944463087742773        3.220520826074476        -0.9                     304.19501550183156
-2.928895074190111        2.8919572156363555       -1.1690772307726462      304.4141986844568
-2.974999999999999        2.8500000000000005       -0.9                     304.9416473721122
-2.792764306962664        2.7451029256031227       -0.9                     304.46474721198325
-2.7926486405260107       2.9953804503494155       -0.8999999999999999      304.3151906716381
-2.974999999999999        2.6900000000000004       -0.9                     304.943224422682
-3.175                    2.690000000000001        -0.9000000000000002      304.9439053383858
-3.0881623735434123       2.7630415257817695       -1.05625                 304.6337557154832
-3.275                    2.770000000000001        -0.9000000000000001      304.94346315326084
-2.574967266673691        3.300884356205175        -0.9                     304.10004020816217
-2.3649072706781404       3.4110964604539284       -1.2986002604166644      304.05576920612833
-2.3097778848254618       4.050970529190777        -1.9                     303.7998857688366
-3.201324747086831        2.8360830515635493       -1.2125000000000006      304.4902936568377
-2.51713372758453         3.077427231507002        -1.2749999999999992      304.21931144087034
-2.437422487426451        2.7037037368680545       -1.149999999999994       304.3859589993674
-2.6306686646168442       2.5439163647804444       -0.9                     304.4364945088746
-2.5028696113026494       2.446691862588941        -1.1499999999999921      304.460642727765
-2.4573999628145233       2.3914735201112105       -0.9                     304.4410561184336
-2.8360031707481523       2.4919588905624304       -0.9000000000000001      304.5232930701922
-2.71603171835768         2.744054757462756        -1.1235576923076906      304.41796900427283
-2.6641316354680287       2.25369250548291         -0.8999999999999999      304.51887390432313
-1.9311246122560302       2.1887476238749235       -1.1308388397555103      304.40284893434887
-1.9070203634515832       2.1973030079433196       -0.9000000000000001      304.3746257796195
-2.1145533380969677       2.247238444021795        -0.9                     304.4143910657643
-2.2396865098579872       2.2601095241164093       -1.1499999999999988      304.45864081320207
-1.871302863934723        2.8157313896270812       -1.3944852941176435      304.2696136294689
-2.2672671642214315       2.9267634588561227       -1.3999999999999946      304.25347244506
-1.9163997428669157       3.2744213576434285       -1.9                     304.00520132938607
-1.7738633881964443       2.5454541261569217       -1.3999999999999946      304.309164430906
-2.3710320041512625       2.5723644861387167       -1.3999999999999932      304.3815692104464
-2.1115703125849388       2.3617191665804023       -1.399999999999991       304.39557288251376
-1.5416754812664597       2.033718996841727        -1.377976190476189       304.30836152415947
-1.6561175347437036       2.5606177839721673       -1.9                     304.1725268886167
-1.7613123014329335       2.254253089100636        -1.4194326352909825      304.3336737775598
-3.363277492301806        2.8179927696383773       -1.0406250000000032      304.6279267345471
-3.3749999999999996       2.8500000000000005       -0.9                     304.9419738706352
-3.569315476273817        2.995847001847442        -0.9                     304.39195437144457
-3.540777361494987        2.7754198553475113       -0.9                     304.5651117541402
-3.277398774210585        2.630887390572752        -1.055737342079301       304.6702787850773
-3.3749999999999996       2.6900000000000004       -0.9                     304.9433648961363
-3.2575082692236066       2.4634955974351342       -0.9                     304.6598653030183
-3.055012922280734        2.467170408773015        -0.8999999999999999      304.608315024202
-2.917585419099376        3.4981393525525526       -1.3605254152046293      304.0622882128527
-2.9565770479880635       3.8336479258937977       -1.9                     303.9021134728287
-3.4512055823342624       2.8719684279363267       -1.175113931058018       304.48587554756244
-3.7404706779920374       2.89967497731747         -1.0892934909596534      304.46063219442027
-3.7691909606918634       2.7576616195548187       -0.9                     304.5205301496048
-3.927183589788865        2.923926764533122        -0.9                     304.4405154422056
-3.8401775154946733       3.1929061155230016       -0.9                     304.2654220474511
-1.5160441022025413       1.8127282828842983       -0.9                     304.2957073043494
-1.8071155285559115       1.956308580703791        -0.9                     304.3636247548357
-2.367802707131027        2.1584998816524257       -0.9                     304.474115358783
-2.0987926184295644       1.9726724315355537       -0.9                     304.44515547661064
-3.7631766036677483       4.198844807768719        -0.9                     303.8495395078754
-4.031261530587163        3.357739104580554        -0.9                     304.19248957050695
-4.086735939447714        3.1566246230431734       -1.1500000000000012      304.3430423796242
-4.243384736078966        3.055958101172923        -0.8999999999999999      304.4243757312599
-4.310678796149624        3.2968930474539304       -0.9                     304.2548078857412
-3.747247090322686        3.2786808606170332       -1.1813074448529406      304.2406463026529
-4.160352018590398        3.624729723650123        -0.9000000000000001      304.0723311353349
-3.5765887941788947       3.6043313656644367       -1.3883093032803164      304.0707425638018
-3.6735150002380883       4.055610435629935        -1.9                     303.8816317523465
-4.499199675515745        3.082495538349714        -0.9                     304.4313444204406
-4.444999999999999        2.850000000000001        -0.9000000000000002      304.83780839988833
-4.436757519482532        3.007558842849369        -1.1500000000000001      304.5013623954385
-4.244999999999999        2.8500000000000005       -0.9                     304.8369827782119
-4.645                    2.8500000000000005       -0.9                     304.83712903483195
-1.3241428253214576       1.911286418915898        -1.9000000000000001      304.20538088693013
0.015759061838754196      -0.33706002888094755     -1.9                     304.07394153312663
-0.15251634061730712      0.777775972458052        -1.9                     303.9707261541654
-0.8322925040302165       1.3140533691623588       -1.9                     304.1370595316093
-0.9713982112972677       1.1375796935466307       -1.3480902777777748      304.2633215543559
-1.3233004075133457       1.3309240349036355       -0.9                     304.3185378541447
-0.6639975709570561       -0.25584338892825453     -0.8999999999999999      304.4171119994539
-0.8191915815184099       0.6319846746458682       -0.9                     304.2644875997422
-0.9072144175467801       -1.962851433846191       -0.9                     305.18570351514205
-0.8776383864368098       -1.5126960166572552      -0.9                     304.9944844086889
-0.5931897392248133       -1.3469192719547385      -1.9                     304.68517569603125
-0.7057643321352727       -1.8137777884409718      -1.5088571187324122      304.99711853270406
0.35968793754001077       -2.427733420977531       -1.4000000000000035      304.4277938692894
0.5850113974285833        -1.9146826749051815      -1.9                     304.1230062796743
-0.6349999999999993       -2.690000000000001       -0.9000000000000002      306.0309913660397
-0.7298706380306204       -2.4713780765617717      -0.9000000000000001      305.3392445133149
-0.5973987263912149       -2.593538380746114       -1.132413194444442       305.30591871521233
-0.8349999999999996       -2.6900000000000004      -0.9                     306.0302415221455
-0.6170333174055798       -2.767961406229914       -0.9000000000000002      306.03043715443465
-0.9892576111477146       -2.5132667541989404      -0.9                     305.52675581192807
-0.8747868598341126       -2.2928694604205795      -0.9000000000000001      305.3050134115233
-0.8951589745456274       -2.478070630605612       -1.0947916666666644      305.4603885893337
-1.119433144486898        -2.2456188358479316      -0.9                     305.5203902005819
-0.7022721273077948       -2.2470119836193785      -1.3999999999999984      305.1483275907278
-0.2293678230266839       -2.206408451087599       -1.4806614061704306      304.72343208286264
-0.45741890688835224      -2.721531460776179       -1.3999999999999957      305.0563772025343
-0.04886548467417076      -2.5746324408768553      -1.3999999999999995      304.69325968893105
-0.10744738144906041      -1.9606991952076713      -1.9                     304.50292632830724
-0.48307934193651153      -2.862867674873639       -1.1499999999999932      305.2354052854716
-0.43499999999999917      -2.8500000000000005      -0.9                     306.02708047540204
-0.6349999999999993       -2.850000000000001       -0.9000000000000002      306.02944210567694
-0.11944799715350496      -2.977196355605014       -1.1500000000000046      304.8046198070363
-0.05766425481954407      -2.9895747291800916      -0.9                     304.72982452538264
-0.2808229345543367       -3.026746238395024       -0.9                     304.9518897140761
-0.5087397769846644       -3.004203888971106       -0.9                     305.2829824739597
0.8664342485492644        -2.9116168058473972      -1.226391345229724       304.3135147473133
1.337252904287387         -3.0310734209714068      -1.1457698378300476      304.0109536626024
1.350071890018275         -2.8851322013440264      -0.9                     304.024876134523
1.38154416653387          -2.6862490165095627      -1.3805022244586387      303.98174779090385
1.8687976121336838        -2.806915428487212       -1.4060081630362569      303.82488979365536
1.6029244046713371        -2.9285192397727937      -1.2549509849972595      303.92523239113706
1.6195439365980804        -2.3931885023223747      -1.8999999999999997      303.8058558032754
0.9392984895401777        -3.1648221054377275      -1.1500000000000026      304.1962574275655
1.2689793645745793        -3.1326646634886552      -0.9                     304.01172836090166
1.004007001944018         -3.123557479976558       -0.9                     304.1717497087307
0.7901494247567126        -3.279991094794789       -0.9                     304.22039195408337
0.2822863753173044        -2.8889483638985993      -1.1341402245314114      304.60678114661465
0.22076227832547657       -3.0065717890146275      -0.9                     304.59654511578594
0.5206484213325412        -2.90875582869524        -1.361862517276228       304.4244685283457
0.8349853842990779        -2.573755999814999       -1.4188779522402364      304.23084856594113
0.9234465849312342        -2.4689014332380097      -1.8999999999999997      304.06844510239654
0.23067759868192506       -2.776282604809672       -1.3946275396411107      304.5515771513013
1.0774248713565644        -2.995099868331556       -1.4639402042494405      304.0946920599105
2.7776775134360534        -3.092398242213111       -1.9                     303.52194952365693
2.545143797001723         -3.367376448317671       -1.4480212128912466      303.579018226402
2.076883780192354         -2.8700302583421813      -1.9                     303.69188254797075
3.2491954327739028        -3.8876836508948447      -1.9                     303.4058760020826
4.019930634949777         -5                       -1.9                     303.2890687341983
2.090407356606703         -3.5081828113648443      -1.2906198498150823      303.68328791202197
1.7510821942235508        -3.294964199467774       -1.3621609267289136      303.81081677478585
1.6733980813277487        -3.4278583834316145      -0.9                     303.8040257889023
2.145733252836272         -3.6618644732510774      -0.9                     303.6344241194375
2.9604473286307726        -4.193780498763771       -0.8999999999999999      303.4314986505284
2.578984912110862         -3.9978788843341806      -1.3236310452992388      303.5203724583935
3.348749614057951         -5                       -0.9                     303.347465919126
2.287558360462248         -4.041645455167835       -0.9                     303.56003463865494
-0.6908754699451416       -3.0182598376602803      -0.8999999999999999      305.4246222047386
0.5346075006126807        -3.1742106478572962      -1.1500000000000028      304.40135213981193
0.4365686777173834        -3.2704401811487753      -0.9                     304.3897062765708
-0.0500845790850768       -3.28263153045108        -0.9                     304.63867168860736
0.6656526532894098        -3.538651512000264       -0.9                     304.1783370917398
-1.26237753136058         -1.6359935901377431      -0.9                     305.46622164645254
-1.5805170031719704       -1.9464741069578344      -0.9                     306.0418441340797
-1.8682836564050493       -1.5194131414444705      -0.9                     306.35929788512846
-1.4224385231959424       -1.4274043852211469      -1.373923807915494       305.69142468679087
-1.1044691351928506       -0.7756878551983686      -1.9                     304.94255145430077
-1.2502262624296816       -1.036563099553022       -0.9                     305.2046458260897
-4.827451747608703        3.062126003937056        -0.9                     304.4416523880932
-4.1137725342413844       5                        -1.9                     303.7239835918176
-4.2083288713964935       5                        -0.9                     303.72763786735067
-4.397024538671013        3.980138882545188        -0.8999999999999999      303.9498553276098
-1.5822967738068505       1.5421515334024511       -1.3895174612570553      304.4178944524129
-2.96343307005868         2.4823004747877087       -1.095532956186602       304.58150184351746
-2.935992571105922        2.246498799169896        -0.9000000000000001      304.6067913109792
-3.2726363442422057       2.9997769356669526       -1.3831444057634557      304.35314241066936
-2.783522256376736        3.0732333523112025       -1.399999999999998       304.2396606651254
-2.972909149918397        2.65319692922404         -1.3531647922787642      304.4817606709103
-2.5920445127534713       3.2964667046224116       -1.9                     304.05789313818156
-3.273172053537304        2.593817323512982        -1.3296400443299004      304.5715037630188
-2.6000549145154506       2.7321570625271843       -1.445976873715533       304.35159374553393
-2.657744255317842        2.283499059672539        -1.3999999999999928      304.5355618616383
-2.8517842362127177       2.0067057331292135       -0.9                     304.67349275184444
-2.5988608860966034       2.019015469199064        -0.8999999999999999      304.5820484825491
-2.1725786023095277       1.837015925842423        -1.3855113226781521      304.55188409285967
-2.3161202617182943       2.526135325217477        -1.9                     304.2970435910411
-1.9776552055297183       1.8551121412351592       -1.9                     304.41315541104757
-3.508168344675924        2.5862717312776433       -1.1128611718656845      304.6370626513271
-3.2910604740452323       2.4220741791653495       -1.053949951039774       304.67756146244824
-3.1698605481446234       2.236695551306755        -0.9000000000000001      304.67805595437966
-3.629692032320999        2.5553688703330115       -0.9000000000000001      304.62908837602805
-3.453270540667874        2.442371410691824        -0.8999999999999999      304.6642497058063
-3.379028791209291        2.2743495799161466       -0.8999999999999999      304.71611142728193
-4.234053129010871        2.8217276812620855       -1.0994081942017262      304.61499987665434
-4.444999999999999        2.690000000000001        -0.9000000000000002      304.838489964346
-4.244999999999999        2.6900000000000004       -0.9                     304.8381683252053
-4.01081252932284         2.7277352408566875       -0.9                     304.58001214846996
-3.9647743954271824       2.6113369089698986       -1.1356460419225693      304.6661655545732
-4.251673994208607        2.605906098909332        -1.0250000000000001      304.7546619217118
-4.0574620386444735       2.494370334439381        -0.9                     304.7277655671756
-3.8551251132238726       2.490990655019485        -0.9                     304.6812877097031
-4.225294999034707        2.435551223953437        -0.9                     304.808877073589
-3.862793082745795        3.0163561986324123       -1.4000000000000035      304.39367639099413
-3.3253658289228296       3.26393717076132         -1.9                     304.1451756797633
-3.6177293949373386       2.635082509186844        -1.4104572328746485      304.5863725029213
-4.545000000000001        2.770000000000001        -0.9000000000000002      304.838210323094
-4.645                    2.6900000000000004       -0.9                     304.83831171225626
-4.492458006513181        2.7399046293609235       -1.0875000000000017      304.7222177967181
-4.4273796656737705       2.458162150745575        -1.0806505125604933      304.87248591403926
-4.571166805280107        2.528286149751637        -0.9                     304.8296423634757
-4.38347263010648         2.4674835571409792       -0.9                     304.8287843479354
-4.332543784661064        2.244533137716074        -0.9                     304.967696644004
-1.927412323996568        1.541838037731572        -0.9                     304.5090008514093
-2.3587082734854974       1.7948842611915112       -0.9                     304.58749670136564
-4.319065138624259        3.555879656853773        -1.3999999999999948      304.1483288985089
-4.604075797795561        3.4649160080077586       -0.9                     304.18050973536754
-4.907485626520202        3.6877839556530296       -0.9                     304.0892976399914
-4.27904091151409         3.036115745356532        -1.3975476348525353      304.43531077850645
-4.327451481098875        3.8148662662536204       -1.9                     304.00057499736215
-4.521513479124759        2.7867457055796523       -1.2823207431310784      304.65074846363234
-4.595462049582554        3.238856711833506        -1.150000000000001       304.34241641414513
-4.605637189482758        3.016407450861023        -1.3882141115644417      304.4855420350449
-3.956395204799728        3.2750507777100086       -1.9                     304.20282182289327
-4.985925058696095        4.053392181262961        -1.9                     303.9518729755254
-4.687503453249154        2.7675934283889085       -1.1157246324681558      304.69572112190696
-4.77670166147841         2.4741989766044306       -0.9                     304.869785646745
-4.809091909586558        2.8033255476868746       -0.9000000000000001      304.64762752817404
-4.87034935751812         2.6334017222885566       -0.9                     304.75762948777333
-4.896705716724631        2.534058324051041        -1.1500000000000012      304.8760329521866
-1.668630288041558        1.1109723377769645       -1.9                     304.5449708471911
-1.184979565359126        0.2843652646172381       -1.9                     304.5805813834096
-1.7829403506249633       0.8054415379709345       -0.9000000000000001      304.7540837916705
-1.769323153095411        -0.13817108838011638     -0.9                     305.31571793469163
-2.121163797654243        -2.2094238772833874      -0.9                     307.2027141211392
-1.997592662896135        -2.461420395615451       -0.9                     306.9612463137668
-2.198773373812709        -2.2850385771016803      -1.100434981684981       307.5322681451187
-1.8100076697542327       -2.229592689279616       -0.9                     306.54050029369864
-2.2502328271136673       -2.469123848514184       -0.9                     307.5745551304191
-2.423203374595478        -2.2082277575292055      -0.9                     308.0214869113583
-2.250155959991574        -1.8495935430470132      -0.9                     307.39269078298383
-2.501919820218887        -2.5099348205938066      -0.9                     308.3245057072617
-1.7049999999999992       -2.6900000000000004      -0.9                     306.7668204283947
-1.7491498959105933       -2.4953085277468454      -0.9                     306.5154382931309
-1.4964378673505694       -2.5821093543731006      -0.9                     306.1220494731197
-1.8193809993759855       -2.5878912628896495      -1.064434523809523       306.73111037355534
-1.9049999999999994       -2.690000000000001       -0.9000000000000002      306.7683085729529
-1.8870333174055798       -2.767961406229914       -0.9000000000000002      306.7682773930214
-1.6633358270109997       -2.3789832622172953      -1.1376186347560837      306.41553037006
-1.4719105597886815       -2.294226158821407       -0.9000000000000001      305.99171605148734
-1.9913702118563235       -2.745957881995052       -1.0875000000000024      307.066019746003
-2.1049999999999995       -2.6900000000000004      -0.9                     306.7701494746269
-1.9049999999999994       -2.8500000000000005      -0.9000000000000002      306.7684947767788
-2.1049999999999995       -2.8500000000000005      -0.9                     306.7711901301154
-2.0228816419905677       -2.9828911053387004      -0.9                     307.04838208977907
-2.319751446414349        -2.7262967255287016      -0.9                     307.7780503797516
-2.409697585314301        -2.625253644423659       -1.1301367517891998      308.21808490157974
-2.5642242660735373       -2.691645865975528       -0.9                     308.5487091414348
-2.745718244120596        -2.576664212974116       -0.9                     309.1247907980395
-2.5182939990781747       -2.845850454363434       -0.9                     308.43748096304256
-2.0733112984170243       -2.5139518215526198      -1.150000000000004       307.2744397319715
-1.2055248863081545       -2.530150263804309       -0.9                     305.71692363557395
-1.3077086406978071       -2.4192405609252274      -1.133672417534718       305.8745129613187
-1.2718858702727802       -2.034235342079012       -0.9000000000000001      305.62476030131796
-1.1085922861168374       -2.5930304737883523      -1.1499999999999995      305.6961851912565
-1.319046519279273        -2.746101574871183       -0.9                     305.89731738345097
-1.009919571100332        -2.8125734094540302      -1.0718749999999952      305.663275100298
-1.0808390115705784       -2.8046733951433045      -0.9                     305.68342391785154
-0.8349999999999996       -2.8500000000000005      -0.9                     306.02815036565784
-0.7224176573576859       -2.8068928929918884      -1.1499999999999937      305.4586902902801
-1.933629730711825        -1.966938197515426       -0.9                     306.69853171081
-1.8183272302301348       -1.9526132407692722      -1.311182749462708       306.5971836234096
-1.5253761839855697       -2.7714960327502363      -1.274999999999997       306.29095775621016
-1.520883863487176        -2.811934054538132       -0.9                     306.21498064262784
-1.7049999999999992       -2.8500000000000005      -0.9                     306.76623599393594
-1.1250485898795681       -2.021447364628432       -1.3999999999999995      305.5266780646526
-1.469191600069205        -2.2847257050249796      -1.38931206597222        306.09109157811776
-1.263701280956698        -1.716565203820501       -1.9                     305.49292988074274
-1.7852026517555475       -1.2142113373330683      -1.9                     306.0326256563617
-0.9650995441968729       -2.459903088498568       -1.399999999999997       305.4817673946257
-0.6746736165849666       -2.0226458906769835      -1.9                     304.95251055982396
-0.020937117201961536     -3.105457265679283       -1.4060524321173575      304.6736263094097
0.1891243519812047        -2.6204610040299823      -1.8999999999999997      304.4424116287747
-0.478616214188557        -3.118946556457718       -1.3999999999999946      305.04475531810687
-0.8426729339871518       -2.697162827076969       -1.399999999999996       305.4102534231087
-0.479837813776701        -2.593062921552356       -1.9                     304.90363272795463
-0.7140518824161147       -3.1577538513786414      -1.1499999999999961      305.304707174304
-0.27494905028692246      -3.3994965912951676      -1.1499999999999984      304.81606668796667
-0.5234375640391224       -3.274438326154447       -0.9                     305.04211255007664
0.731795731821946         -3.3859920356576483      -1.399999999999996       304.20084283677994
1.2759596317371527        -3.3726314763047243      -1.3581922322149218      303.96108512400684
1.341895108647297         -3.249306232161329       -1.9000000000000001      303.89769421091387
1.1248422486257423        -3.5388345326972277      -0.9                     303.97486397133264
0.3052266204978576        -3.2980016103934844      -1.3630534661240232      304.4409159971703
0.5623789529116758        -3.229726046922299       -1.9                     304.2308376012153
2.092732490657577         -3.935932154944418       -1.9                     303.608324014035
2.6526847850970707        -5                       -1.9                     303.4333406851501
1.6390569883608301        -4.1086240323744185      -0.9                     303.70848005907095
2.2046607550915986        -5                       -0.9                     303.5045038359979
-1.8228254068851886       -2.870197872122715       -1.149999999999998       306.8112940750607
-1.2919428302690905       -2.9988456245145327      -0.9                     305.87152948055353
-1.5647882349818945       -3.098050851590545       -0.9                     306.27103849829575
-1.8342948670926564       -3.041821074423428       -0.9                     306.7416607667745
-0.9494875506436813       -3.196561146299569       -0.9                     305.4672448145744
0.3886245294930555        -3.6841817255110505      -1.3463772277551642      304.3111841511783
0.22477352183073585       -3.675024959474494       -0.9                     304.3653560747743
-0.2623922645142285       -3.624781688903319       -0.9                     304.7039825217484
0.7601098121385021        -4.153532480363901       -0.9                     304.00462776760213
-2.4134645681820404       -1.9036556540757958      -1.3999999999999941      308.0694896395199
-2.0805499386425383       -0.9895336005837265      -0.9                     306.4251427477468
-2.0971647352195126       -1.4491755576470078      -1.3999999999999986      306.9385105593709
-2.6412303094301146       -1.9435289411737697      -0.9                     308.63921807886794
-2.399494069553167        -1.5284979535302319      -0.9                     307.60466919847016
-1.959738260932228        -0.5511047905397395      -1.8999999999999997      305.8676526765795
-2.4106044105447113       -1.2029356034854999      -1.9                     307.34199156718324
-5.132506860759333        3.4868828303722506       -1.399999999999999       304.23477240454645
-4.94185011297583         2.921862899310912        -1.150000000000003       304.5753272265801
-5.0632425949502275       3.264296676544929        -0.8999999999999999      304.31335363660804
-5.094744378489106        2.8099940659249025       -0.9                     304.62381286778515
-5.129323337951722        4.2279533931901785       -0.9                     303.90557985118994
-5.346826470776032        3.6039891967252258       -0.9                     304.146298477025
-5.426953546768363        5                        -0.9                     303.7682844531889
-5.475327649375954        5                        -1.9                     303.7697541133975
-2.7661826833070604       1.7280903554199998       -0.9                     304.78878713636317
-2.655080838881115        1.5111326352777228       -1.3999999999999955      304.9393194064272
-2.3132602294689413       1.2893683376319582       -1.9                     304.8174282745626
-3.248305487870036        2.244805731365667        -1.3335539064237523      304.72982209202
-3.049898007868684        2.0423974624543675       -0.9                     304.7261655104789
-2.95930632896453         1.8827153595691006       -1.2755455521403718      304.8390170623708
-3.0417001168396642       1.8484615988334587       -0.9                     304.8331020200885
-3.0665618250566578       2.48234784585694         -1.9                     304.4698001991085
-2.713226447779729        1.8271940822418578       -1.9                     304.69767468250166
-3.615083083517755        2.2600737701130185       -1.1116569967388847      304.81183895551095
-3.341274571044833        1.9282100596724017       -0.9000000000000001      304.90044375640076
-3.628286373066993        2.215251355219008        -0.8999999999999999      304.8019542504716
-3.945796408860719        2.2403185753885047       -0.9                     304.8659808963875
-4.29705348758748         2.633704460840183        -1.4631084931197202      304.7035106340979
-4.092795499863105        2.376361725042096        -1.2558511504343974      304.8575991395391
-4.147458306109355        2.29189268204431         -0.9                     304.88230024108447
-3.7346376356273723       2.5234530907259214       -1.9                     304.59011120774454
-3.7949271389698156       2.14349913247019         -1.3810818705625048      304.9571870635265
-4.665515675469284        2.4737089961494916       -1.3472566714417022      304.9006160118442
-4.469794392955219        2.130457457064649        -1.2749999999999995      305.1737157327526
-4.71983560648122         2.3640493429295635       -1.1342639099076026      304.99732797201864
-4.587809423290463        2.2476643863786507       -0.9                     305.02425798709817
-4.886829390353512        2.232914726160039        -0.8999999999999999      305.09585389240425
-4.1210268451540895       2.068561420628467        -1.1247723284374003      305.1111996258347
-3.9103343527838885       1.9315138737465014       -0.9                     305.11001809070245
-4.163438782328534        2.030692562993979        -0.9                     305.1050469554165
-4.42291146297293         1.977041390144875        -0.9                     305.24231528103377
-3.1464410191728973       1.5495836011836044       -0.9                     305.10273122139245
-2.5969352299824964       1.1950711883135825       -0.9                     305.0582836215899
-4.985563880757208        2.2695329127266484       -1.15                    305.1356733825787
-5.052926035115308        2.463216703201346        -0.9                     304.90375501666955
-5.756113496384209        3.71467978197672         -1.9                     304.11146540133916
-4.7286966027391          3.1755948313185165       -1.9                     304.32866718150854
-4.763247938506574        2.6377659634048074       -1.4959316035591272      304.76889278481127
-5.1053971804122735       3.0577950083375613       -1.4101126564146558      304.4905192809084
-4.3862939649074235       2.5328422559409702       -1.9                     304.7134830762065
-5.357528094998456        3.2859817050914715       -1.9                     304.3103440460923
-5.111492924835668        2.64153071528675         -1.4270935054376506      304.8139843074586
-5.196228239943622        2.0919687669826423       -0.9                     305.30958459278605
-5.320627851348374        2.4837954792782213       -0.9                     304.91545975627423
-2.2830382968707363       0.45394116507852633      -1.9                     305.4207350255559
-2.3263219043954257       -0.11689434682013766     -1.3999999999999975      306.1400030281329
-2.732994640040367        -0.5497005467465201      -0.9                     307.3917242299321
-2.6929055478586337       0.3173160968994782       -0.9                     306.0510309557789
-3.2305905198390796       -2.703852677746851       -1.0037623153259316      310.63408224761315
-3.1749999999999994       -2.690000000000001       -0.9000000000000002      309.4819638825248
-3.264571854445391        -2.476118797852072       -0.8999999999999999      311.3616420303659
-3.3749999999999996       -2.6900000000000004      -0.9                     309.48792340161896
-3.1570333174055794       -2.767961406229914       -0.9000000000000002      309.4828107176093
-3.0127814796322197       -2.494375779731257       -0.9                     310.1103397051893
-3.3749999999999996       -2.8500000000000005      -0.9                     309.4987340522238
-3.174999999999999        -2.8500000000000005      -0.9000000000000002      309.4852307301267
-2.041622596834048        -2.337903643105235       -1.3999999999999992      307.2256257027021
-2.010192093313571        -1.8902798790435615      -1.9                     306.8296402435618
-2.7316224587050373       -2.326415176343069       -0.9000000000000001      309.0759564598128
-2.860647725030034        -2.502905234288206       -1.1092924075488322      309.74668111425586
-2.974999999999999        -2.6900000000000004      -0.9                     309.48056087173705
-3.080332141496236        -2.7409602407272935      -1.080064816346126       310.43661875489386
-2.974999999999999        -2.8500000000000005      -0.9                     309.482672594896
-3.024997018007795        -3.0079483299778573      -0.9                     310.1917884799572
-2.6093040154198457       -2.400583510620732       -1.400000000000001       308.92180359738273
-2.576773176372498        -1.957717765104579       -1.9                     308.4016097480398
-2.7578287555757663       -2.798986029819452       -0.9                     309.17959563621963
-2.7115535939738344       -2.8111789565061245      -1.1500000000000035      309.2706427608484
-2.306999645831761        -2.887600528132367       -1.149999999999998       307.9687001390815
-2.281343851123421        -3.041567400407257       -0.9                     307.77634964626856
-2.824380600386432        -3.0448163274073465      -0.9                     309.5414155268171
-2.5977621802763906       -3.0256354470923985      -0.9                     308.75418226104006
-2.209436706235423        -3.0482508484898934      -1.0864507020757017      307.7014667244902
-1.927833779445225        -3.0528187143021834      -1.0959046562411952      307.0261772798631
-2.0333727758034943       -3.1389024400466266      -0.9                     307.1643884312826
-1.2075551723856834       -3.207936360123071       -1.1499999999999928      305.8151333819802
-1.837640097597779        -2.6918520033711872      -1.3936878145729192      306.85267779090117
-2.102907423706465        -2.803820222382156       -1.3030474296577257      307.4633631928836
-2.023095847548245        -3.0614614428844327      -1.366346153846155       307.32430564307714
-2.3559983108260663       -2.7119416061467727      -1.4065247252747266      308.16681036264276
-1.2316225280728266       -2.6839992191926285      -1.394140624999996       305.84002160287224
-1.5810892965213887       -3.0592456965387576      -1.4000000000000035      306.4082046979584
-0.9819127439236525       -3.070364611165779       -1.3999999999999946      305.5573422092719
-1.6759964862237142       -2.5162122091004506      -1.9                     306.36453764968275
-1.082316083155512        -2.5572419022045456      -1.9                     305.49705105610514
-0.4998135214887618       -3.5163616521392567      -1.3999999999999932      304.98223044509245
-0.062334806084260654     -3.6193463036869438      -1.3999999999999944      304.6032395062282
-0.2576698328555689       -3.316514478041016       -1.9                     304.71832051221924
-0.8829864762767414       -3.3360558271882557      -1.9                     305.29226718893267
-1.0530408387558456       -3.4912058398212875      -1.3631747792805489      305.58776875881
-0.7419572101219574       -3.716208826237485       -0.9                     305.10982703102724
0.819969183541185         -4.213140049582311       -1.9                     303.96552756644724
0.08463516535105953       -3.906010398469004       -1.8999999999999997      304.38988809904225
1.2670050582669123        -5                       -1.9                     303.7201800059093
1.0933050503351858        -5                       -0.9                     303.76920901518355
-1.5768661645672986       -3.3057463903801985      -1.1500000000000001      306.37420165907974
-1.4331976008477156       -3.34550810908036        -0.9                     306.0414665719964
-1.840563104016577        -3.3933805678396474      -0.9                     306.7748201653367
-2.2018173076719805       -3.3028428965559042      -0.9                     307.62388832472453
-1.2399128686408538       -3.733319238452622       -0.9                     305.7041607226392
-0.23812121763774652      -4.288313723893227       -0.9                     304.5450533564078
-0.0031049116890997652    -5                       -0.9                     304.25416158959337
-3.0981727335017486       -2.1390425472890326      -0.9                     310.6833151648112
-2.9695906632329265       -2.034651019133178       -1.3999999999999992      310.26358590826135
-2.952985144574498        -1.6656157395650362      -0.9                     309.72436345329294
-3.2505415032192837       -2.34516533012873        -1.1309384538692335      311.76127652722397
-3.4388954529320594       -2.2958175474865694      -0.9                     312.85763244270174
-2.681794777559609        -1.4342756715252674      -1.3999999999999964      308.594253052841
-2.676676198781001        -1.1973229969452461      -0.8999999999999999      308.130948002985
-2.8641669152542724       -0.5656006679781402      -1.9                     307.7055177273841
-3.123849686747114        -1.4262122236184394      -1.9                     309.9820052089468
-3.351444610197331        -1.1123156593393135      -0.9                     311.113246353986
-5.7106369184951475       2.9777545288820244       -0.9                     304.5393324055259
-6.092310319048044        3.942210695993918        -0.9                     304.0299971696941
-6.807597802766551        5                        -0.9                     303.78933312426494
-6.928469440421676        5                        -1.9                     303.78867187559837
-6.653208315279782        4.005218909809891        -1.9                     304.01669503276304
-3.488853956042658        1.7484935819557876       -1.365209157284425       305.1834673858112
-3.107641223040831        1.0357196057291014       -1.9                     305.5947574286057
-4.040151439316531        1.8534219656525401       -1.3541300532879466      305.3195580286537
-3.4660808644502206       1.6669895656706604       -1.9                     305.1590517295957
-3.615577037216563        1.6724548707372193       -0.8999999999999999      305.22921360588356
-4.179547504462166        1.8064291352225537       -1.9                     305.3343036989535
-4.640175212854592        2.05972947752125         -1.9000000000000001      305.2071063896824
-4.91820172639911         2.0758491222519497       -1.399999999999997       305.3553191547833
-4.474295945878268        1.8024279908392205       -1.3999999999999984      305.5545828919019
-4.769044387294388        1.7984268464558903       -0.9                     305.56485154175346
-4.2154361862034895       1.5328234424256262       -0.9                     305.70127369588823
-3.5034512897872476       0.8841888678493683       -0.9000000000000001      306.1695636086469
-5.402697903792624        2.218260228355408        -1.3626751314909606      305.2877669005418
-6.149067697209353        2.988810778806984        -1.9                     304.5588955204276
-5.224327634355143        2.384509795308432        -1.9                     304.99196850918696
-5.685303338419057        2.4939159227639562       -1.1750080724538734      305.0073676225947
-5.357107235100233        1.718899524629638        -0.9                     305.85621147946625
-5.828613956895374        2.1732118928900337       -0.9                     305.32232980804184
-3.572982227937414        -0.20684856995032552     -0.9                     308.816614321967
-3.4374602071590266       0.11235866160162589      -1.9                     307.6124830536283
-4.152492485966441        -2.6783235024218595      -1.0250000000000008      320.59068417849204
-4.244999999999999        -2.6900000000000004      -0.9                     322.0894184342964
-4                        -2.7198019023142543      -0.9000000000000002      322.1005941784892
-4.177872236180069        -2.519947654038619       -0.9000000000000002      322.10216996203775
-4.117574976650497        -2.8886151841095113      -0.9000000000000002      322.1172949708621
-4.244999999999999        -2.8500000000000005      -0.9                     322.1143807387327
-3.774868160539039        -2.8694777613659377      -0.9                     316.3123148009079
-3.7729636012265333       -2.5960034286093765      -0.9                     316.2535799017268
-3.6778441010870635       -2.804011050882564       -1.1500000000000001      315.12918724580334
-3.5495603216615286       -2.7560005522823814      -0.9                     313.36484989513497
-3.5539650428585556       -2.9604262686539533      -0.9                     313.6421362831205
-3.530781233359582        -2.522343750783964       -0.9                     313.4516716049729
-3.374798019574632        -2.642136642074357       -1.123157169117645       312.3299137157999
-3.723217667366791        -2.291762542977345       -0.9                     315.7691204743851
-3.5505946760574725       -2.406211162035804       -1.149999999999995       313.9672304878759
-3.078216036090934        -2.410976603778471       -1.399999999999997       310.9027180580751
-3.0603917844465554       -2.1318461108881785      -1.9                     310.38197586441504
-2.953345138232505        -3.021464863217907       -1.1495336371679092      310.288667657476
-3.3120431644573047       -3.0839982622920443      -1.1323295697904914      312.249083901715
-2.9618308486340084       -3.22639021626427        -0.9                     310.2394879604557
-3.3165829009478642       -3.175574763127739       -0.9                     312.09023730667707
-3.6720309923017878       -3.1635420522504014      -0.9                     315.19760330277126
-2.307246986956633        -2.590337162448031       -1.9                     307.81941427123377
-2.85888292187413         -2.9307120470367143      -1.3999999999999975      310.02101673729425
-3.1988815747159194       -2.786168095906414       -1.4356599978670672      311.59904125477834
-2.795404656244219        -2.5929392637122537      -1.9                     309.44345945621444
-2.613733133927571        -3.1327272256471983      -1.1316470043100109      309.0317506383996
-2.514058295117086        -3.066269193540427       -1.4124650411893416      308.75542939603923
-2.591461676430664        -3.2876567576922455      -0.9                     308.82211242470663
-2.14330268655813         -3.3868722018788584      -1.2314636752136745      307.6450984978648
-1.6019905495037388       -3.49660720975745        -1.3844469099276795      306.4395715027374
-1.9981893138589457       -3.0696265018736746      -1.9                     307.1118654837728
-1.457178593042788        -3.268491393077509       -1.9000000000000001      306.06622376929096
-0.6235036567260431       -4.172413200742675       -1.9                     304.88975276386543
-1.2744487251998944       -3.8375786940506984      -1.9                     305.72803126828745
-0.9866834956905715       -4.107984050346281       -0.9                     305.2924685198109
-0.10973846204558324      -5                       -1.9                     304.3174713605311
-1.7207095952626077       -3.7583924652622187      -0.9                     306.5060116205387
-2.2858844644859637       -3.7123520565728056      -0.8999999999999999      307.8918891570225
-1.4989945991054157       -4.3379141507779275      -0.9                     305.97287266128745
-1.1431450437168866       -5                       -0.9                     305.25420493387054
-3.329877311046008        -1.668718527645624       -1.3999999999999975      311.88465164025087
-3.535904935344903        -1.9112248316728175      -0.9                     313.62712467784866
-3.965207569177745        -2.286537847456488       -1.1369741586538418      318.090877069325
-4                        -2.4287688351692873      -0.9000000000000004      322.1009989688369
-4                        -2.07910053721218        -0.9000000000000002      322.10904667845995
-3.98739933716063         -2.559277663771952       -1.1499999999999992      318.2182292319033
-3.778248959568735        -2.509506878306          -1.274999999999996       315.7536839851203
-4.222496202094732        -2.2759388512137306      -0.9000000000000002      322.1157602771013
-3.55440030846034         -2.303460751719811       -1.4459294321948741      313.68563776100143
-3.6100350041511273       -2.0578133957913245      -1.9                     313.1135240916187
-3.7921800386347453       -1.4629693238020658      -1.9                     313.25878608310796
-3.9747986743212516       -2.6897864923746178      -1.399999999999999       316.81491056327945
-4.360734250109385        -2.489272364369895       -0.9000000000000002      322.11282961567343
-4.279938656129321        -2.6205794890416505      -1.1226562499999995      320.1560393838935
-4.444999999999999        -2.690000000000001       -0.9000000000000002      322.0843718733144
-4.444999999999999        -2.850000000000001       -0.9000000000000002      322.12988114758434
-4.395359672433844        -2.797940922310805       -1.066053352151726       320.88526550926395
-4.545000000000001        -2.7700000000000014      -0.9000000000000002      322.09924136711453
-4.589670405513992        -2.762531905537661       -1.0250000000000024      321.4001907506159
-4.645                    -2.6900000000000004      -0.9                     322.14152366806826
-4.645                    -2.8500000000000005      -0.9                     322.16994140870696
-4.501889245223362        -2.4776870199749705      -1.150000000000002       320.4908171785589
-4.592090764489994        -2.4991159995793737      -0.9000000000000002      322.145507638746
-3.5718123244160305       -1.2876424915706925      -1.3999999999999981      312.6866629403266
-3.663999785205594        -0.7953233999949645      -1.9                     310.8986082031001
-4                        -1.6159169893034928      -0.9000000000000002      322.1036522014274
-4                        -1                       -0.9                     322.0551692589772
-4.383236869881998        -0.4873320277005165      -0.9                     312.9776308460618
-4.534425230386589        -2.239047965063831       -0.9000000000000002      322.1508335139264
-4.739734046251285        -2.370790430764508       -0.9000000000000002      322.18290888109374
-6.6162779004249685       2.8099269950433725       -0.9                     304.7209054155814
-8.46423472021084         5                        -1.9                     303.7585707577419
-7.849676328330339        3.9159477700714365       -1.9                     304.0432475460329
-8.389893450670382        5                        -0.9                     303.76170315492936
-7.669249393542255        3.5657717506239948       -0.9                     304.2080005412976
-8.9502941898124          3.8216916269521675       -0.9                     304.0161870600304
-9.33505962123715         4.330109740253635        -1.3999999999999981      303.8530999208469
-10                       5                        -0.9                     303.6614337455758
-8.876054609203614        3.986903184651702        -1.9                     303.96282241580246
-10                       5                        -1.9                     303.6630759693806
-10                       3.421920567334892        -0.9                     304.0804373101859
-7.235874651203019        2.7163371389308666       -1.9000000000000001      304.819833758978
-4.118973492232339        0.8969414790081509       -1.9                     306.72410235803636
-4.914000749602156        1.57172022630153         -1.9                     305.9457036464761
-4.993310848416723        1.1809228045315123       -0.9                     306.70385218045067
-4.453152871515115        0.4218132914375867       -0.9000000000000002      308.2923248608568
-6.141839610646189        1.7253776030380839       -1.9                     306.0242760715647
-5.837061900737216        1.3262829827571145       -0.9                     306.7071041750309
-6.522140073199065        1.73354952621023         -0.9000000000000001      306.0588182544762
-4.637252034840307        -2.0407226274564625      -1.1500000000000021      320.57289091025456
-4.166004625084547        -1.132397736544681       -1.9                     313.9256847132183
-4.425179907310846        -0.37818439807552195     -1.8999999999999997      311.39459740656037
-4.369725414073861        -2.9712561108231093      -1.1500000000000006      320.2851572331018
-4.326002967237361        -3.0268992409178104      -0.9000000000000004      322.1472198585466
-4.560883192115705        -2.9827281421960636      -0.9000000000000001      322.17125477357945
-4.146245260523905        -2.961315461702297       -1.15                    319.45296954015913
-3.9111793407934177       -2.9710543423852602      -1.1500000000000015      317.54030775855523
-4                        -2.9919570284408885      -0.9000000000000002      322.12667297918284
-4.238384392135285        -3.1893428750006505      -0.9000000000000002      322.1599657985045
-4.423799758819326        -3.253213560171535       -1.1249135840663795      320.61611054444916
-4                        -3.3047388472459693      -0.9000000000000002      322.1589495407196
-3.6064550228621295       -3.5154116514444183      -0.9                     314.71714079230617
-3.702513013539204        -3.113924335027206       -1.3365334706773933      315.1693685207344
-3.5808200416350964       -2.7385443403991907      -1.3999999999999968      314.01768204898895
-3.2703983360739644       -3.0966992441797974      -1.4428058926451413      312.1325702858949
-3.398682817897891        -2.7246043768475197      -1.9                     312.2675797029215
-4.079380436867069        -3.067487148714646       -1.3939008758372842      317.5640654843507
-2.9369798220063688       -3.276593592036679       -1.3999999999999995      310.4945758171522
-3.0180200569567504       -3.6068149276113997      -0.9                     310.7149076416808
-3.3067677422160986       -3.4663726128378953      -1.3551390777594186      312.55078388363546
-2.543554870520448        -3.3023933569359025      -1.9                     308.68460182166507
-3.1131168369956703       -3.1609056418808623      -1.9                     310.9596976748017
-3.485579249344492        -3.9218714779308845      -0.9                     313.84775001102156
-2.684059768623623        -3.795320067249043       -1.375610045882879       309.4810303754757
-2.060155473036642        -3.91440740089236        -1.9                     307.25015181629993
-1.449585427635844        -5                       -1.9                     305.6645345387405
-2.1087435939256167       -4.130254622757354       -0.9000000000000001      307.3317771011447
-2.774749233512914        -4.241404081570652       -0.9000000000000001      309.50282077701377
-2.2967216656769773       -5                       -0.9                     307.42969044058674
-3.8885971449682195       -2.689844337655071       -1.9                     314.8843899090619
-4.085137498354245        -1.800087527262516       -1.3749999999999993      317.1471587079614
-4.420513296691663        -1.9029844547731374      -0.9000000000000002      322.1409206820707
-4.404159890277509        -1.431190482818546       -0.9000000000000002      322.129561166898
-4.228138087637947        -2.2691762894482768      -1.4000000000000001      318.06461535652556
-4.09554192516651         -2.049080214526651       -1.9                     315.510147110365
-4.332612735433116        -1.6135053463578837      -1.8999999999999997      315.87418776472947
-4.432097707685704        -2.753742551020318       -1.3999999999999968      318.9946998378006
-4.554216779174209        -2.653725349900433       -1.1355489061390827      320.69251425896715
-4.78809225458472         -2.530850576950008       -0.9000000000000002      322.1907033978169
-4.599616564967119        -3.2506607565771173      -0.9000000000000002      322.20705606878715
-4.305232099100341        -3.530316557744868       -0.9000000000000004      322.1964258921393
-4.597062173671284        -2.974199277393354       -1.1433817175299008      320.7696930395388
-4.81888296145663         -2.7196128549383864      -0.9000000000000002      322.2024152745874
-4.9349954098568745       -2.6085232755304038      -0.9000000000000002      322.2277621299982
-4.760697557163249        -2.708245927497137       -1.1079934538324303      321.1192079809652
-4.715859403193411        -2.9973124818079047      -0.9000000000000002      322.2019729575481
-4.830804846746243        -2.870661923552219       -0.9000000000000002      322.2153179622846
-4.818099492091746        -2.4487296964546728      -1.117846806633692       321.08189926881295
-4.643044240337333        -2.466101675580049       -1.3999999999999981      319.45160141912123
-4.4163356458755985       -1.0661988682723418      -1.4000000000000035      316.38740807654546
-4.666666666666667        -1                       -0.9000000000000002      322.14904679133855
-4.6919223563224275       -1.6247879006538164      -1.363611111111107       319.0437387156073
-4.998695199275021        -0.3163627534187219      -0.9                     312.45995898459836
-5.333333333333334        -1                       -0.9000000000000002      322.26939147859423
-4.841835337646703        -2.081157941094829       -0.9000000000000002      322.2051089460119
-4.964133352056657        -1.5725611962807653      -0.9000000000000002      322.21823108576797
-4.9090620625228105       -1.8755109982102744      -1.149999999999995       320.78069126661507
-4.962554675590393        -2.3833332842589394      -0.9000000000000002      322.2310557889281
-5.028310836677413        -2.805685950586983       -0.9000000000000002      322.2578269331056
-7.658227689416101        1.8257993449829901       -0.9000000000000001      305.94557986061267
-8.59666418608094         2.645627868692879        -1.9                     304.8212097266806
-8.843886918095285        2.678151870206724        -0.9                     304.7597072860079
-10                       3.4103625430903084       -1.9                     304.08065941856427
-9.069369364864192        1.3478467271572572       -0.9                     306.6564874187743
-10                       1.927946980969418        -0.9                     305.33545911541665
-7.540702960827294        1.6109765912919503       -1.9000000000000004      306.32721421461326
-5.449986273742504        0.47594730935744783      -1.9                     308.9168806146502
-5.585961730756144        0.40419436616504445      -0.9                     309.25276172779826
-5.627669419263828        -0.5016590402646797      -0.9                     314.46000121587264
-6.8185069739680655       0.6240220811558412       -0.9                     308.8246960219306
-6.701852472015274        0.7312326989546714       -1.9                     308.47340692640137
-6.250172680178333        -0.273349445601482       -0.9                     312.95091196412164
-4.860723922620892        -2.157088842163139       -1.3947996635030038      319.692605936413
-4.881409762654858        -1.230375157455943       -1.9000000000000004      315.9701003350379
-5.5185090617632495       -0.677226374073796       -1.9                     314.29676035144655
-4.767189687282464        -3.1565593060333006      -1.1802957887230319      320.8257732178555
-4.541411135247642        -3.1123935198878487      -1.3999999999999964      319.35838522499574
-4.148210179576337        -3.387460250423715       -1.3048893010920297      318.47454164072707
-4                        -3.728673763145617       -0.9000000000000002      322.1928081447395
-4.650724562809579        -3.4710444887553797      -1.399999999999996       319.63862755790865
-4.918525778182783        -3.3296041750761285      -0.9000000000000002      322.26648228121076
-3.771471697147616        -3.7183104536747         -1.249735526886835       316.0691980600869
-3.6680503614700917       -3.3513156292359882      -1.9000000000000001      313.88246357595557
-4.281548357738103        -3.74148755063255        -1.1500000000000035      320.10058305763874
-4.2403647355487255       -3.182276945723483       -1.9                     316.625512596203
-4                        -4.308899695957572       -0.9000000000000002      322.2120643881844
-3.0814893347232006       -3.949391431964223       -1.8999999999999997      310.8517518549733
-3.557610016983439        -4.478066229575923       -0.9                     314.4706550518586
-2.7324104791019708       -5                       -1.9                     308.8170828301218
-3.2595537779706447       -5                       -0.9                     311.39204230028946
-4.848198457186137        -3.671082649739225       -0.9000000000000002      322.27337013340275
-4.4429143477018425       -4.027499746830552       -0.9000000000000002      322.2361180964963
-4.619195415371396        -2.6574851020406354      -1.9                     317.719768710569
-4.7454268703875275       -1.9735883160206225      -1.9                     317.5372762413664
-4.882393300246211        -2.7365650392423686      -1.3999999999999968      319.95314041671077
-5.060825334787626        -2.62730505719454        -1.1499999999999964      321.1704776202795
-5.210468398273336        -2.56598026526588        -0.9000000000000002      322.29203463186826
-4.963457398841412        -3.102919113769084       -0.9000000000000002      322.26083516876
-4.979046444390459        -3.129106785058342       -1.051829927693355       321.5947380558039
-4.979289383026731        -2.918654184698499       -1.1412138513479015      321.1859504854199
-4.971888667898647        -3.063406274342613       -1.4522103840388612      319.9386270473548
-5.239641194429038        -2.3631293821848094      -1.1500000000000001      321.22766599118245
-5.09333983289784         -2.448924163802099       -1.3999999999999984      320.1299802300998
-5.229432957827013        -1.780993577065073       -1.3333333333333326      320.03920097990255
-5.892358534472953        -0.8419439458255944      -1.3165370577050275      316.9682689109707
-5.364752236074937        -1.2219249383448318      -1.4184111827601424      318.46976823467145
-6                        -1                       -0.9000000000000002      322.43590312352063
-5.66376440347257         -1.5483382424522176      -0.9000000000000002      322.36907799968134
-5.321575504069008        -2.11762275313769        -0.9000000000000002      322.30635212355895
-5.297831298848057        -2.942418384745518       -0.9000000000000004      322.32627738477464
-5.202007851417204        -3.3863045466175112      -0.9000000000000002      322.32478907330534
-7.928290432931589        0.6740932965860549       -0.9                     308.7230910832177
-8.796485238392359        1.1374908536123138       -1.9                     307.21269219559497
-9.229924774595354        0.28071365826829053      -0.9                     309.86238093439516
-10                       1.870394377622777        -1.9                     305.42289178661525
-10                       0.6831281689543857       -0.9                     307.8819669594449
-7.529550239204433        -0.013809498176215131    -0.9                     311.66899424453794
-7.3216782904143205       -0.2934885269872156      -1.311582488132822       313.52665217018756
-6.957910580748308        -0.38693146520890886     -0.9                     314.0261208596662
-8.26219896355606         -0.27788288034326314     -0.9                     313.25840283813574
-7.673149623104091        0.2974826348454296       -1.8999999999999997      310.12735563632356
-7.591268320227424        -0.5574097288996449      -0.9                     315.4489692052348
-7.333333333333334        -1                       -0.9000000000000002      322.8661914430076
-6.666666666666666        -1                       -0.9000000000000002      322.63029707750815
-6.578156985770054        -0.36172707753947586     -1.8999999999999997      313.15606721456487
-6.977762727373516        -0.8608605134399224      -1.3389898575938912      317.49480532222543
-6.21818638376285         -1.223158119402668       -1.9                     317.18818934237817
-6.344731125505119        -1.539026920675754       -0.9000000000000002      322.5532558012887
-5.580552056974614        -1.7340118244128646      -1.9                     318.19109934203055
-4.946659074936379        -3.6425511293885364      -1.3500000000000014      320.3064923856157
-4.996217026518824        -3.41177241976589        -1.9                     318.57220453223994
-5.432443030996076        -3.8678093616277534      -0.9000000000000001      322.38848467339443
-4.190908784465936        -4.070422422349135       -1.9                     316.3044795183395
-4.437605900020132        -4.543536624616919       -0.9000000000000002      322.24721318221026
-4.879679015507264        -4.139893727717702       -1.4000000000000068      319.8591600180834
-4.25157989699871         -4.999999999999999       -1.3999999999999997      317.51076919232753
-4                        -5                       -0.9                     322.2142053169375
-3.836493127330755        -5                       -1.9                     313.81570403121344
-5.014812917727985        -4.40966791373745        -0.9000000000000004      322.32127955781465
-4.666666666666668        -5                       -0.9                     322.2734618745724
-5.3290274386080805       -2.572017980387224       -1.9                     318.82761420033756
-5.3326888928067175       -2.719387527464418       -1.399999999999997       320.43325533908325
-5.663355647384498        -2.595064462304153       -0.9000000000000001      322.40270436442773
-5.5061628965860745       -3.2116499002110603      -1.3500690745012176      320.79585439374466
-5.653113854015318        -2.3300458697523974      -1.3999999999999984      320.5039158952552
-6.037104969647123        -1.7718914215854686      -1.380033509700176       320.21705157297214
-5.977200269422548        -2.0880737591175667      -0.9000000000000002      322.4686681249946
-5.823072981887739        -3.2550381486237168      -0.9000000000000002      322.4624928067368
-6.678066732019122        -2.103779747999278       -0.9000000000000001      322.67406154450816
-6.988945505527268        -1.479466194684182       -0.9000000000000002      322.75740170562693
-6.342288124616928        -2.6874444509412108      -0.9000000000000002      322.58826400433634
-8.855410683777565        -0.060776786891625356    -1.9                     311.6167047866174
-9.332433546284731        -0.4594884514007047      -0.9                     314.3712570893749
-8.666666666666666        -1                       -0.9000000000000002      323.15000000000003
-10                       -0.2506255972938902      -0.9                     311.9298862040537
-10                       -0.11888288955703263     -1.35720093317074        311.32256757660207
-10                       -0.6981562505154664      -1.2979341291307507      315.0999689886654
-10                       0.46256650217357276      -1.9                     308.5347131985413
-7.494741334277446        -1.433764828804246       -0.9000000000000002      322.94159506413877
-7.624910085152019        -1.0787768767370016      -1.3870302374178243      318.69159114053036
-8                        -1                       -0.9                     323.15000000000003
-7.792719065688379        -0.6660641071953087      -1.8999999999999997      314.86748528979723
-6.879573431080316        -1.7321504878190455      -1.3999999999999966      320.3964952640296
-7.081080130141501        -1.3605212276388032      -1.8999999999999997      317.87422539062345
-6.428435274532527        -1.8270380445197896      -1.9                     318.7550876082739
-6.1719371117939374       -2.5006172975368495      -1.9000000000000001      319.31272276879696
-5.852811584763405        -3.4198621290225324      -1.9                     319.328394940978
-5.657692647176752        -4.069737323634534       -1.4000000000000035      320.5447035616998
-5.9989416110408165       -3.887186938664218       -0.9000000000000002      322.51924801466134
-5.316443683312685        -4.252287708604847       -1.9                     318.6609281706424
-5.697496597338332        -4.43264062381443        -0.9000000000000002      322.45326477136365
-4.847651996900485        -5                       -1.9                     316.87650338392837
-5.333333333333334        -5                       -0.9                     322.3780697557072
-6.305178969893754        -4.434037490028588       -0.9000000000000002      322.6020141930962
-6.0975498546901665       -3.053653289981873       -1.4000000000000026      320.9086868863335
-6.37497800596644         -3.7830727705445093      -1.3999999999999995      320.95006091218147
-6.503294391341397        -3.9351317171005533      -0.9000000000000004      322.6547599607206
-6.494806671005931        -2.4223667248204706      -1.3333333333333308      321.1156346432825
-6.9439468789198635       -2.54830137225727        -0.9000000000000002      322.7703616530861
-6.4050097207347845       -3.414241593348472       -0.9000000000000001      322.6210598588346
-7.379962223706361        -2.0166125345493615      -0.9000000000000004      322.9107275059305
-6.911510549528685        -3.0974869843952435      -0.9000000000000002      322.7690007009713
-7.829602458405959        -1.6802422425258663      -1.3750000000000062      320.68761096611337
-8                        -1.666666666666667       -0.9000000000000002      323.15000000000003
-8.441441453742199        -1.4699719346356472      -0.9000000000000001      323.15000000000003
-8                        -2.3333333333333335      -0.9000000000000002      323.15000000000003
-8.503110669331024        -2.031328163578115       -0.9000000000000002      323.15000000000003
-10                       -1                       -0.9                     323.15
-9.333333333333332        -1                       -0.9000000000000002      323.15000000000003
-8.960699485322326        -1.2299509412819098      -1.9                     317.21837070950477
-9.567330211687294        -1.4541600267711337      -0.9000000000000002      323.15000000000003
-9.00673871316963         -1.5737184920935583      -0.9000000000000002      323.15000000000003
-10                       -1.4248746986498826      -1.3372088568963592      319.0813298875263
-10                       -0.7136732186941108      -1.9                     313.7969907907542
-8.13844254677943         -1.8558145390565586      -1.8999999999999997      319.15128797456236
-7.477488341763415        -2.7478155605887733      -0.9000000000000002      322.9559039211317
-7.199218598200804        -2.4550076119067032      -1.9                     319.59841246515504
-6.729723853984756        -3.3657969913598196      -1.9000000000000001      319.6652983109052
-6.344946291198085        -4.151903947740536       -1.9                     319.2709400779141
-6                        -5                       -0.9                     322.52309138159876
-6.275972127758322        -5                       -1.4                     319.5993614565706
-5.885277588849975        -5                       -1.8999999999999997      317.76388663336553
-6.666666666666668        -5                       -0.9                     322.7011664911551
-7.007450864966715        -4.403225840808891       -0.9000000000000002      322.80657867617253
-6.917375983123658        -4.038897562657457       -1.3999999999999992      321.0094577176479
-6.9707584681493          -3.6973772682730033      -0.9000000000000004      322.7936398394005
-7.523893613276932        -4.003450761818813       -0.9000000000000001      322.9779678969115
-7.102162815539014        -3.3705586714999174      -1.3999999999999941      321.2348272611115
-7.89734947211488         -2.761102867959405       -1.4000000000000046      321.3636186699759
-7.474601777093279        -3.3753203516400143      -0.9000000000000002      322.959304459629
-8                        -3                       -0.9000000000000002      323.15000000000003
-8.804310423071348        -2.1133688708659037      -1.2021414780483528      321.80023909161014
-8.410160635898677        -2.4028591694540715      -1.4000000000000061      321.2601290213677
-8.482164865317815        -2.6652463636765082      -0.9000000000000002      323.15000000000003
-9.009399342834483        -2.3134715394748167      -0.9000000000000002      323.15000000000003
-9.51432218357529         -2.0362567732435277      -0.9000000000000004      323.15000000000003
-10                       -1.666666666666666       -0.9                     323.15
-9.09755542721658         -2.2838319207006292      -1.9                     319.40950694041936
-10                       -2.1785356013076167      -1.3268806265336661      320.06821576114487
-10                       -1.7639312955519113      -1.9                     317.4117918220231
-8.317210602466329        -2.7743901753300397      -1.9                     319.846462240068
-7.574863278553597        -3.316269543511273       -1.9                     319.86294601133426
-7.331457574905922        -4.1426634082143705      -1.9                     319.53850095053605
-6.93995480293819         -5                       -1.9                     318.1249213596338
-7.651890007943005        -5.000000000000001       -1.4000000000000001      319.93002600322745
-7.588454841688997        -4.557461354728008       -0.9000000000000002      322.9995975480271
-7.333333333333335        -5                       -0.9                     322.9099732024344
-7.665728787452956        -3.9046650374405187      -1.4                     321.2546618007429
-8                        -3.6666666666666665      -0.9000000000000002      323.15000000000003
-8                        -4.333333333333334       -0.9000000000000002      323.15000000000003
-8.028402240665176        -3.321176091880955       -1.3999999999999921      321.4182096363822
-8.481941202776762        -3.326082640250635       -0.9000000000000004      323.15000000000003
-9.046947095054872        -2.6616850787335373      -1.400000000000004       321.17570739561774
-8.99633876289317         -3.039538236766435       -0.9000000000000002      323.15000000000003
-9.517149619688237        -2.6871199362688882      -0.9000000000000002      323.15000000000003
-10                       -2.848942852621318       -1.2737832379727987      320.53495484666934
-10                       -2.333333333333334       -0.9                     323.15
-9.26334748464002         -3.3598579234111448      -1.9                     319.4987156910091
-10                       -2.840318652515256       -1.9                     318.22512827063207
-8.502026099177328        -3.9697834539718717      -0.9000000000000002      323.15000000000003
-8.484019290084614        -4.038754536471462       -1.9000000000000001      319.66007487836066
-7.970446682552673        -5                       -1.9                     318.2850648821932
-8.31855667460967         -5                       -1.4                     319.9737803733546
-8                        -5                       -0.9                     323.15
-8.440220566822925        -4.541789569590136       -0.9000000000000002      323.15000000000003
-8.684765406040958        -4.190531089220876       -1.294358766039285       321.52393151305364
-9.012999009895811        -3.7392974621996142      -0.9000000000000001      323.15000000000003
-9.273824794537605        -3.5689283665264093      -1.311525962356893       321.4278162345037
-9.51532627475868         -3.317636412936359       -0.9000000000000001      323.15000000000003
-10                       -3.4722840808691178      -1.322621643080703       320.269977797348
-10                       -3                       -0.9                     323.15
-9.348014616685246        -4.249628553608348       -1.8999999999999997      319.0630257407868
-10                       -3.931918963414249       -1.9                     318.1187390045475
-8.99543992665766         -4.4334431169512625      -0.9000000000000002      323.15000000000003
-8.985647547983145        -5                       -1.9                     318.0994193748437
-8.666666666666668        -5                       -0.9                     323.15000000000003
-9.506620366890616        -3.964903216589784       -0.9000000000000004      323.15000000000003
-10                       -3.963590481904279       -1.271343849990126       320.474328452832
-10                       -3.6666666666666674      -0.9                     323.15000000000003
-10                       -4.494736643381922       -1.3608942895328149      319.69172251706857
-9.66666666666667         -5.000000000000001       -1.4000000000000001      319.3014318347792
-9.565465058939187        -4.548614926727716       -0.9000000000000002      323.15000000000003
-10                       -5                       -1.9                     316.8988228185672
-9.333333333333332        -5                       -0.9                     323.15
-10                       -4.333333333333334       -0.9                     323.15
-10                       -5                       -0.9                     323.15
4.747614853064957         1.8842600911117633       0.28578669903197484      303.55298512607214
4.95                      1.845648771681249        0.3949056452486446       303.5520259515082
4.95                      1.6082442145320943       0.10000000000000002      303.58241995292434
4.95                      1.9500000000000002       0.10000000000000002      303.5131912923205
4.95                      1.4607262209232075       0.409295338547229        303.6099406137354
4.722218252470156         1.820500787452163        0.4659760354612792       303.5839935466725
4.95                      1.7199999999999998       0.75                     303.55941730333444
4.754168478026161         1.7528901218360327       0.0240513181078056       303.5568467551429
4.645000000000001         1.9500000000000002       0.09999999999999998      303.39164739519634
4.95                      1.9500000000000002       -0.10000000000000002     303.5187689775876
4.95                      1.611601099134481        -0.10000000000000002     303.58144928010046
4.771446755531093         1.8869857374369432       -0.27808378550429164     303.5494551408038
4.95                      1.8456487716812489       -0.3949056452486451      303.5519216052648
4.95                      1.4599506879270159       -0.4092826248811795      303.60999181844323
4.724223241178827         1.8203423640323644       -0.46642375382157936     303.58335038050643
4.95                      1.7199999999999998       -0.75                    303.55939399617813
4.645000000000001         1.9500000000000002       -0.09999999999999998     303.391690235748
4.445000000000001         1.9500000000000002       -0.10000000000000002     303.3914768118718
4.245000000000001         1.9500000000000002       -0.09999999999999998     303.39212644660125
4.477283891091907         1.7230175181946594       9.129943105479438E-4     303.588000204656
4.245000000000001         1.9500000000000002       0.09999999999999998      303.3920684669461
4.445000000000001         1.9500000000000002       0.10000000000000002      303.39147521160817
4.445000000000001         1.8656332488067657       0.3384277751113143       303.6019807932499
4.448230483377247         1.8784703798329625       -0.30214892655902015     303.5863478551142
4.6291316848161825        1.2752884180425044       -0.013037231639751075    303.7011353692649
4.95                      1.251181485139627        -0.10000000000000003     303.65115883135707
4.5693648414603905        1.4565321709966907       0.38896940191076507      303.6722427186762
4.95                      0.8868890966574664       -0.1                     303.7025891726202
4.95                      0.8956645737364778       0.10000000000000002      303.70160615016533
4.95                      1.2539310589961365       0.10000000000000002      303.65075572467896
4.95                      1.1233473056359613       0.3064244481092376       303.6657321856356
4.95                      1.197532747060767        0.7500000000000001       303.62153395398116
4.578783156099058         1.3509973147544423       0.7500000000000001       303.6611751981631
4.417015119519559         1.7200000000000004       0.7500000000000001       303.6470814948705
3.2799481136707462        1.8215430820583471       0.01413750609443636      303.8917391626595
3.1750000000000003        1.9500000000000002       0.10000000000000002      303.6417554748989
3.375000000000001         1.9500000000000002       0.09999999999999998      303.64206907824115
3.1750000000000003        1.9500000000000002       -0.10000000000000002     303.6417590938957
3.9522202940831876        1.95                     0.1                      303.747257542437
4.090444931656166         1.6692520654256784       0.02441268688521718      303.75408289704427
4.153248641791044         1.845248669733205        0.3960363681452912       303.7071953500845
3.8094715757196473        1.8671302101899019       0.33419723207201774      303.8335654178108
3.6677797059168165        1.9500000000000002       0.10000000000000002      303.846141431985
3.497626656688243         1.842065449830733        0.4050324243914088       303.9682182445586
3.5127758070999473        1.7791496237368          -0.01965788644853639     303.92248767825026
3.9522202940831876        1.95                     -0.1                     303.7439915147653
3.756504988681937         1.7481767644916164       0.11639342107607566      303.8742000449546
3.6677797059168165        1.9500000000000002       -0.10000000000000002     303.84788023857806
4.1462172081276645        1.847513217094467        -0.38963656038520345     303.7080820383668
4.95                      1.1239235471905422       -0.30930997980944686     303.66558883457276
4.629131684816182         1.378298232507947        -0.2676785440803411      303.67776959106754
4.362639244575993         1.5083228885444366       -0.43803723163975367     303.7117695019722
4.41701511951962          1.7200000000000004       -0.7500000000000001      303.6461566688031
4.95                      1.1975487420220225       -0.7500000000000001      303.62151570475027
4.573671831058784         1.351032482918064        -0.7500000000000001      303.66222484020534
4.154336377236505         1.4275316975336576       0.36553400897338845      303.7972665811594
3.02961670779434          1.7460524523480312       -0.025000000000000286    304.14294456988154
2.9750000000000005        1.9500000000000002       0.09999999999999998      303.64298035284537
3.1784004386947937        1.8765879780382997       -0.30746875771784965     304.0675379272498
0.5                       0.5                      0.05                     320.6524438116722
0.42900824926240655       0.4669293685973921       0.23327160649121154      315.96035981015854
0.6045165744735597        0.6386414195815424       0.10189231442853745      313.6648847044555
0.38651845652757877       0.7020041629007091       0.27449180061940875      313.60022846170426
0.5653083097855786        0.4276954326700016       0.2214606884482337       315.1368629348472
0.5                       0.5                      -0.05                    320.64830986158023
0.4895809417459427        0.7023562622485875       -0.03589291022882875     314.06149109249486
0.5                       0.34442110531934056      0.05000000000000001      320.70507223525567
0.6464001495913455        0.335428569580635        0.029698647442789508     315.87897180071104
0.43381519148791986       0.25611192858967635      0.22499999999999817      317.00225306892213
0.5                       0.1732353782487256       0.05000000000000002      320.7278775485083
0.30507206105774337       0.7022879149987581       0.015624999999999658     315.03364560392924
0.3444211053193428        0.5                      0.05                     320.7009621904059
0.34654836291235336       0.38095400718950906      0.05                     320.7214561169107
0.3484121818065166        0.24102827177193184      0.05000000000000002      320.74029708838356
0.33256574523847726       0.08666801771024518      0.05000000000000001      320.7529698635636
0.17323537824874014       0.5                      0.05000000000000002      320.7153083539678
0.17323537824872656       0.5                      -0.05000000000000002     320.7144378046242
0.11011727288587501       0.6854993408062604       -4.3849642170481654E-4   315.7686547642043
3.375000000000001         1.9500000000000002       -0.09999999999999998     303.6421977407799
3.497626656688708         1.8420654498307363       -0.40503242439139886     303.9658631233644
2.9750000000000005        1.9500000000000002       -0.09999999999999998     303.64311307527265
2.872681522795711         1.845509533607021        -0.3952991441540717      304.3749791783881
2.6822202940831867        1.9500000000000002       0.10000000000000002      304.477155335709
2.6822202940831867        1.9500000000000002       -0.10000000000000002     304.4771211437395
0.560115646847601         0.8282556778303916       0.05473208977117135      312.1827434747181
0.6505148332683807        0.8506327847288543       0.34920385772532286      311.0194132393381
0.2704328806122937        0.41949423946531195      0.22499999999999762      317.18092629674715
0.21761097192737816       0.330699777908244        0.05000000000000002      320.736938202257
0.08241841466178933       0.343898435863243        0.05000000000000001      320.73103941654523
0.1721559076516031        0.5506174545110807       0.2249999999999969       316.2248497054408
9.769962616701378E-15     0.5                      0.05000000000000001      320.7020197299972
0.08271553019903104       0.8182216422542958       0.09375000000000046      313.83688961589274
0.2657230167961471        0.9045758299975125       -0.018749999999999864    312.64309962759853
6.689093723366568E-15     0.5                      -0.05                    320.7030767225662
-0.05016316766226681      0.6646144978485736       -0.12984130327688748     315.8201780049512
-0.21939298099776436      0.652037771223377        0.02421875000000207      316.45932611748964
-0.19039920119486528      0.3366510509069214       0.05000000000000001      320.68183694491296
-0.1732353782487348       0.5                      0.05000000000000001      320.6708990941225
-0.3422152580152531       0.36702574288238077      0.05000000000000001      320.63706020169406
-0.2023843475399168       0.40698926724612766      0.2250000000000034       317.59374159553494
-0.07291475811221873      0.36179595015115573      0.05000000000000001      320.70750866809607
0.004322825875549945      0.5264052064987986       0.30312500000000003      315.854937642324
-0.10029195639808507      0.7318674545110792       0.2062500000000008       314.5534235615371
0.23261588439479228       0.9637349090221609       0.36249999999999893      311.65960084546737
-0.17323537824873025      0.5                      -0.05                    320.6707450496325
-0.34442110531934245      0.5                      0.05000000000000001      320.6262005307459
-0.34442110531934345      0.5                      -0.05000000000000001     320.6255381006204
4.547183874724948         0.9439132932034079       -0.22500000000000037     303.7716866722831
4.95                      0.7344095303183381       -0.426327364301685       303.7041474793782
4.95                      0.5344838437256817       -0.10000000000000002     303.7356617895956
4.95                      0.5373947822355353       0.1                      303.7354921791225
4.681452556289597         0.745574267056493        0.03656561461270912      303.76786238713515
4.95                      0.7368018297016892       0.425341300218067        303.7039890272913
4.308263369632363         1.2966457770888744       -0.12607446327950647     303.7801635894966
4.95                      0.17915398996577672      0.10000000000000002      303.75274670558696
4.95                      0.3443639527262147       0.40501169506663703      303.7324847279942
4.730977597629806         0.19033038166789465      0.2908237559282755       303.78574953367377
4.95                      0.0016967181591866312    0.3537364261021102       303.7442791295726
4.950000000000001         -0.17907584291970824     0.10000000000000003      303.75340975234207
4.95                      2.4572525516575183E-5    0.7500000000000001       303.7036488953731
3.365767760487344         1.6399013542787737       0.13720258703940036      304.0635685273292
3.1784004386948888        1.8765879780382995       0.30746875771785         304.06350673198676
4.416511430450621         1.0925635545412151       0.3119627683602477       303.7806869361036
4.95                      0.607400917181949        0.7500000000000001       303.68116899358466
4.570106739820728         0.5307357044151227       0.3702383484865102       303.8018630254318
4.524759491268873         0.8884813319935513       0.7500000000000001       303.7359066415416
3.7393079130126203        1.3985312240706247       0.3420986160360117       303.98241569953564
4.114286523170029         1.2797399435469161       0.7500000000000001       303.8025720282644
3.8098966595894073        1.7200000000000004       0.7500000000000001       303.8416245765324
2.8726815227958937        1.8455095336070206       0.39529914415407347      304.37456630709084
3.1863556112198217        1.7200000000000004       0.7500000000000001       304.16616202696616
4.407536625277888         0.2612404998173621       0.7500000000000001       303.8188823298942
1.9069070613694077        1.8685620107807832       0.3301508390977864       305.26256205009184
1.9723022037110345        1.6415607265733954       0.1861793271209184       305.4026342819997
1.9314364090232359        1.7200000000000002       0.7500000000000001       305.44473815474333
1.5764003119949932        1.8415915773179783       0.4063716293187589       305.9337079562411
2.237587652147152         1.8417135664974327       0.4060268772898647       304.9865319590804
4.95                      -0.5373307051979638      0.10000000000000003      303.7373791817449
4.95                      -0.5344838437251332      -0.1                     303.7376053105226
4.715968783240356         -0.19752893990052112     -0.06056921124267704     303.7978978522469
4.95                      0.17916455659367647      -0.10000000000000002     303.7527022623804
4.95                      -0.17916455659368813     -0.10000000000000002     303.7533522891648
4.95                      -0.33880064897100803     0.40267691189388033      303.7342803111241
4.95                      0.0012639772875333354    -0.3537679941357735      303.74428232068334
4.95                      -0.34035628893896075     -0.40279540250765805     303.73408474691047
4.595307426506551         0.26459194951845666      -0.0925541279217237      303.82417504200197
4.95                      0.3377788797512563       -0.40602224338161397     303.73279073119744
3.9769196625847707        1.4340338499696283       -0.3420986160360036      303.8659013893919
3.8094715757196496        1.8671302101899054       -0.3341972320720073      303.8340735356831
3.3329723089602035        1.5521963301232107       -0.2727759034587935      304.1443002542976
3.668328842282772         1.5545595488332264       -0.19209861603600178     303.9709394142922
3.8098966595894277        1.7200000000000004       -0.7500000000000001      303.8425914964115
4.500893263268663         0.5337429845555616       -0.3881636821508426      303.819202262327
4.95                      0.6074294142256182       -0.7500000000000001      303.68115340574144
4.95                      1.0391687510491465E-13   -0.7500000000000001      303.70367490973484
4.41922742179356          0.2481994656287472       -0.7500000000000001      303.81572274618253
4.517975049539296         0.8727702129287509       -0.7500000000000001      303.7395506037105
4.120439243012298         1.2870538051539118       -0.7500000000000001      303.79882445064004
4.14436774944989          1.000937489749347        -0.3500000000000011      303.8872792108903
3.8114731673778244        0.9933042185795251       0.27302465400900505      304.0482139920841
2.5508756346319874        1.8676137577551444       0.3328306846050281       304.6720073628478
2.8842334155886844        1.5421049046960582       0.04999999999999837      304.50073737093044
0.6584222173595506        0.11563048440842105      0.043749999999997014     315.9882582798297
0.5                       -2.8588242884097785E-15  0.05000000000000002      320.7373344332395
0.604354433087815         0.08685942146306455      0.2187499999999991       315.59261337998413
0.7282679460581584        0.5236677080559297       -0.02185270511441534     313.3731067327434
0.7416218753559825        0.8657815753118314       0.1063614744279283       310.8863920188004
0.7393146494560378        0.6006151128578276       0.16444664888253688      312.453029238548
0.792800299182694         0.32643603384193043      0.10939729488558392      313.32138705144183
0.831917742547533         0.5233634768031109       0.3562945897711724       311.5113047241602
2.550875634631737         1.8676137577551486       -0.3328306846050162      304.6729415885684
3.4742441226703136        1.2142305953012962       -0.09798622190546753     304.19808766658315
2.948595555895656         1.4460848934477628       -0.3544628791385882      304.4951503050363
3.186355611219502         1.7200000000000002       -0.7500000000000001      304.16146759455665
2.5607986090354133        1.7200000000000004       -0.7500000000000001      304.6901993581619
0.674089822434142         0.7024246094984169       -0.08741082045765716     312.4672520221038
0.4851671878515238        0.8297974240339571       -0.228080410228829       312.21679507175185
0.38316507459875054       1.0352083754864327       -0.21249999999999913     311.1004914358845
0.8481796448682867        0.9048492189968367       -0.1248216409153151      310.1395770551305
1.2951920351025026        1.7200000000000006       0.7500000000000001       306.5237546354322
1.3304496010599993        1.2387796608049781       0.399999999999999        307.35219709750965
1.0375123272925637        0.6896929542314915       0.31258917954234466      309.8270334830776
1.658118644290156         1.3626491377183645       0.049999999999999344     306.42892221478337
1.957697642261255         1.1990292117130181       0.39999999999999813      305.9973951993668
2.2257927377337614        1.2484294735552384       0.02499999999999967      305.5263042592079
0.5                       0.34442110531934167      -0.05000000000000001     320.703984746594
0.34442110531934345       0.5                      -0.05000000000000001     320.70078420869925
0.5                       0.17323537824874036      -0.05000000000000001     320.72912917153377
0.6584222173595519        -0.05760489384031258     0.04374999999999768      316.00645369586886
0.7358708627012662        0.2717300019172268       -0.10720129532228695     314.2465479539759
0.6882869532213229        0.04176514116809302      -0.13750000000000187     315.05808148157024
0.8168444347191052        0.05802559056811378      0.037499999999997397     313.57057295388313
0.957614543396114         0.287921871644797        0.35004458977117225      311.25901747777885
-0.022255736938524503     0.3338145635585507       0.264062500000001        317.490515420049
-0.14446737874910837      0.24179683328572993      0.05000000000000001      320.6973608048998
-0.004591846039631532     0.2136214123198212       0.05000000000000001      320.73002740224325
0.28044019313866075       0.1568079909199362       0.2249999999999998       317.9735811604932
0.16901595482080067       0.19792272948186107      0.05000000000000001      320.748886584162
-0.02789158495236552      0.1147181586124516       0.19218400991855256      318.8603300165424
0.04985245594261889       0.09128324784602898      0.05000000000000001      320.74343788237366
0.010964801360943244      -0.04779162526808062     0.05000000000000001      320.73835900796087
-0.1426114627375017       0.08180203934650138      0.05                     320.69906988782265
0.1783924775926374        0.01159333883303676      0.05000000000000001      320.7565333755852
0.12937243648893068       0.09833861270177019      0.14269562146341722      319.44209535604745
0.12909222810006812       0.24531127723924345      0.2445312500000004       317.88631723543614
0.19330420921565103       0.5929192416056078       0.3965580982293093       314.30878033982594
0.5493755215015039        0.5110948306011343       0.404682674279684        313.2757272685242
0.5919991986506926        0.3077593140734186       0.38612786403483207      313.9095437713502
0.6419886355213151        0.6869171469656743       0.75                     310.8584987133207
0.34439314759261297       1.2221816670633576       0.7500000000000001       309.43695484015154
1.0027805578298423        1.1149101838915936       0.7500000000000001       308.20996840132784
0.3532906346387893        0.33791396294130444      0.3645640243035031       315.4943327423919
0.6559018859943029        0.02340198347538288      0.4603041274757578       313.3871973385136
0.7526463156049985        0.21406799874945473      0.7500000000000001       311.5981701757854
0.6321542363942424        -0.26112946897841677     0.07178092459955071      316.1572102067233
0.6888583797498328        -0.22913515813061996     0.2187499999999989       314.36265421623403
0.503848790017681         -0.12799733083715725     0.2250000000000028       316.59271277521844
0.5                       -0.17323537824874014     0.05000000000000002      320.7304709975225
0.3329221031355488        -0.07737573684307852     0.05000000000000001      320.7536871978527
0.4691395225934547        -0.25386059840814174     0.13874156264321275      318.2733882637548
0.325943914869555         -0.21397564579745748     0.05000000000000002      320.74619466657623
0.39186443145652494       0.11569325235801531      0.40000000000000085      315.4879950553141
0.22782032861613835       -0.04803924401434021     0.22500000000000253      318.20357307520135
0.17356248884966508       -0.16689183483940484     0.05000000000000001      320.7520765023237
0.39214449157817094       0.014405330041389459     0.22500000000000128      317.58424630543243
0.3067123960423685        -0.2573604937016755      0.22499999999999765      317.70777502023816
0.5217950534338988        -0.21662444871425474     0.3374770759030869       315.0746996154184
0.7884168354545533        0.6398839576369318       -0.2309449573357938      311.65775519900313
0.6877797284700339        0.45248893899611214      -0.22500000000000114     313.5563989470575
0.5036929727475624        0.37990017677023513      -0.14400305541321654     317.4900516721946
0.38955100493828315       0.38838809209209463      -0.05000000000000001     320.71499056568683
0.6137174048175814        1.0211469025311954       -0.38538879805968507     310.2391129599447
0.41395829531005457       0.5765592239761023       -0.22839567386441242     315.04513722031794
0.264051314245387         0.7278968539157589       -0.19746093750000046     314.2088839402574
0.5150285676343533        0.6362613694246817       -0.3693602559489591      312.9348295265509
0.5                       5.551115123125783E-15    -0.05000000000000001     320.7368164013342
0.3709833690937783        0.25660533429718746      -0.05000000000000002     320.7363711608919
0.1311898058473186        0.5256089389170046       -0.21308593750000254     316.71127292766874
0.07180936382562894       0.34167461040878133      -0.05000000000000001     320.73025707650817
0.2573105810895343        0.3721803012441319       -0.05000000000000001     320.730380515973
-0.1112072772337902       0.8364491979135438       -0.003293524807712584    313.8129055796934
-0.20728189585098783      1.0775082122609136       0.2841127145721746       311.4178108985024
-0.3761339591251799       0.7274272062851965       -0.1927197466740435      314.3575335248751
-0.0884377569542848       0.8762836303824358       -0.20937500000000112     313.09673684467975
-0.31310834022450124      0.9061887546090694       -0.01793502775351429     312.9815750390254
-0.4520191926672357       0.7156964579554275       0.18360925835223796      314.3819403505707
2.4540065159084725        1.5992147367776208       -0.037500000000002476    304.91430049741007
2.0663498995515637        1.5584957421680115       -0.15257541954889212     305.3943755576374
2.3977797059168164        1.9500000000000002       0.10000000000000002      304.72354046272636
2.3977797059168164        1.9500000000000002       -0.10000000000000002     304.7228939697688
2.237587652147643         1.8417135664974373       -0.40602687728985215     304.9910618127301
2.1050000000000004        1.9500000000000002       0.09999999999999998      304.21356016083445
1.5367429662592058        1.6720830425969422       0.06779140020516321      306.13424849416674
1.7825128528297607        1.6156055742495743       -0.14007541954889227     305.7420340586175
1.9069070613693622        1.8685620107807837       -0.33015083909778586     305.2596010272037
1.5764003119954424        1.8415915773180314       -0.4063716293186077      305.9451697145265
1.9314364090226166        1.7200000000000002       -0.75                    305.4454375810673
1.705                     1.9500000000000002       0.09999999999999998      304.21566589877824
1.905000000000001         1.9500000000000002       -0.10000000000000002     304.2125185056549
1.905000000000001         1.9500000000000002       0.10000000000000002      304.2122983145617
0.8989748005299993        1.23188983040249         0.1874999999999997       308.6331189757673
1.1963592897365765        1.3096984379936765       -0.19964328183063096     307.6158089185925
1.2933468773035317        1.8674400074290163       0.333321718135389        306.43196640574456
1.412220294083186         1.9500000000000002       0.1                      306.0517376004555
1.2448530835200518        1.5885692227113446       0.06683921815237792      306.91190355871754
1.412220294083186         1.9500000000000002       -0.1                     306.04742435484815
1.2933468773032617        1.8674400074290172       -0.3333217181353869      306.4387765065308
1.2951920351018498        1.7200000000000004       -0.7500000000000001      306.52765275884866
0.9814812908927576        1.8440986005506197       0.39928656366129367      306.9372224978115
0.6453071609688221        1.7200000000000002       0.75                     307.63874999127125
0.5072948534643675        1.3224488752210937       0.2713504291443481       309.23414013426185
0.10991952168151277       1.1732954376648426       -0.16816626226473147     310.7821646841837
0.11561490639873569       1.4130079200396979       0.3552008582886964       309.4394670666698
0.46749999999999914       1.2250000000000016       -0.024999999999999637    309.87212682767046
0.19066896159744143       1.158791875018605        0.16822542914434827      310.75327523827855
0.7976314548279871        1.3808223955670644       -0.21269421817633072     308.3625946517648
0.556403580484119         1.4724999999999997       -0.387499999999999       308.5065096484466
0.35475546292972826       1.8438045717018883       0.400117514755535        307.86568688486074
-0.0079287039795215       1.7200000000000004       0.7500000000000001       308.414905906776
0.639471852317258         1.876629048610282        0.3073526887100732       307.07805736659196
-0.37281754394914707      0.48171307410143094      0.21631632011451765      316.898249799152
-0.5                      0.5                      0.05                     320.5749623451669
-0.5                      0.31058618294082674      0.05000000000000001      320.5977848754365
-0.5691260969521212       0.5498984167002678       0.17628063799234317      315.5823294634025
0.10893760814918495       0.32094295848651816      0.39999999999999913      315.95139840154
-0.21308610626106603      0.215202373322651        0.22365252302604488      318.2813160351597
-0.310399164705985        0.2110908557797017       0.05000000000000002      320.63853247537867
-0.2143430106197776       0.3080738529581633       0.3941371410034295       316.1731719579109
-0.22054108136367928      0.021024747340690347     0.16921096266828364      319.1211948393304
-0.31557065292454045      0.001828984220008545     0.05000000000000001      320.62173642464126
-0.15878832748827418      -0.08725528961357987     0.05000000000000001      320.6941663867958
-0.44380147000901365      0.13739643607139976      0.1585821006569229       318.7557867473063
-0.5                      0.10352872764694221      0.05000000000000001      320.49139267189184
0.2532391930756619        1.1908335019457232       -0.7500000000000001      309.7172749772504
0.332933973761835         0.817260180077322        -0.4369185782479169      312.1744769415927
0.007359266462431625      1.0028312331782716       -0.39687499999999976     311.6274681109608
0.03840607410771995       0.7287779218658116       -0.3523437499999999      313.7732134351335
-0.20209622829849838      0.7883846763165855       -0.37617187500000115     313.2342271912979
-0.07901141646376754      0.46321506675230667      -0.19371575946501166     317.71847004792295
-0.07772679657655403      0.34541512227387267      -0.05000000000000001     320.70803016701046
-0.21649722735017987      0.6081181283249459       -0.30069172950460404     315.1699692906414
-0.22009898280753848      0.30651043106050235      -0.05000000000000002     320.67425987096027
-0.5                      0.5                      -0.05                    320.5760920610279
-0.5432169983490805       0.6589185631241968       0.01301036715847311      315.17405609660517
-0.703563539555305        0.5990772788004851       0.20319061246398265      314.13286153194264
-0.741663909258198        0.8089568218051149       0.09375000000000056      312.61172669052127
-0.002268231210410754     0.7024698180443207       0.75                     312.44585050440224
-0.3248928571866853       0.5794702938061671       0.4000000000000026       314.54902527624756
-0.5869623129747421       0.6006374277940965       0.3673177083333355       313.9013890922485
-0.41825239754227095      0.8449620531200822       0.40000000000000335      312.53547606654826
-0.7714268512520155       0.895444789032222        0.31584814754424567      311.6800329665503
-0.3365047950845441       1.189924106240172        0.75                     310.03904058891294
-0.5889258423219078       1.0784924275568997       0.410399264854687        310.89775345657347
-0.588059676180582        0.37271703339108914      0.1951180769306127       316.58865833741396
-0.5                      0.19999999999999996      0                        320.5177595793334
-0.622578393735575        0.25349156351115293      0.06581648398841392      318.3046006067289
-0.5                      0.3113610635380739       -0.05000000000000002     320.59596624084304
-0.6487415418279497       0.673878792120685        -0.1976185754716105      313.87888321971883
-0.3500096751645889       0.42399727756754063      -0.2249999999999995      317.27633496860716
-0.3435949225585404       0.35828175506195903      -0.05000000000000001     320.6367335751748
-0.7366090168012115       0.4028197243548157       0.11718750000000076      315.7047727078005
-0.5514199814172925       0.4810634439157689       -0.28490085907529417     315.3345193582217
-0.40586700006994136      0.6116277553679502       -0.39745957968561263     314.1961246723585
-0.4425985307047167       0.8479914307673592       -0.4000000000000024      312.4899859764686
-0.7179979939606009       0.8213166425130337       -0.38286065107158773     312.079848442608
4.95                      -0.6620320470777067      -0.30627685647020597     303.72047975857976
4.61894758639847          -0.6657888171503178      -0.3146649621674326      303.7840832979463
4.95                      -0.6074294142256179      -0.7500000000000001      303.6830364261553
4.95                      -1.054585461445848       -0.414663804027904       303.672960478496
4.95                      -0.8868890966575024      -0.10000000000000002     303.7057478332103
4.168296255887483         0.714821174344784        0.050000000000002424     303.933623818729
4.95                      -0.8956286472027546      0.10000000000000003      303.7046382260856
4.950000000000001         -0.6685810966182459      0.30828719878563166      303.71971263043696
4.538016624366935         -0.6795100497069827      0.1291435993928136       303.8121516642033
4.95                      -1.061206056461538       0.4173071576687289       303.67219212892314
4.396396897760745         -0.024429636454479483    0.28029893732446015      303.882392154803
4.375968626162386         -0.31069311030452507     0.7500000000000001       303.8275316822691
4.95                      -0.6073622215571257      0.7500000000000001       303.6830962119279
4.95                      -1.1975191814571342      0.7500000000000001       303.6252366075513
4.579576861163045         -1.3633325408249817      0.7500000000000001       303.66341429951996
4.492547391379918         -0.9037940932138001      0.7500000000000001       303.7460088808525
2.5359803622965575        1.246036825225957        0.38749999999999796      305.0518776583767
2.560798609036005         1.7200000000000004       0.7500000000000001       304.6917322260014
3.186677047852623         1.24281653218661         0.3499999999999995       304.38386319100954
3.8111023917652997        0.6178755884261441       0.7500000000000001       304.04121892646714
3.4350322068670214        1.1229568631368605       0.7500000000000002       304.1674771002345
2.8461679868593572        1.243644176896675        0.7500000000000001       304.60240405045715
3.735851491326961         0.006347720624315656     0.7500000000000001       304.1233091948666
2.2572766402323503        1.035409285707668        0.7500000000000002       305.4545886748179
1.601744964546679         1.0616748349447587       0.7500000000000001       306.734714717069
1.2268450097168362        0.47453668946614624      0.7500000000000001       308.81037067169143
4.381477808487471         -0.20687560975174088     -0.29281589347447134     303.8842661053452
4.95                      -1.197548742022024       -0.7500000000000001      303.62508637230076
4.4517396589386715        -0.8916839029994132      -0.7500000000000001      303.75791718437983
4.409799176847728         -0.37548427162241516     -0.7500000000000001      303.8140498379642
4.051786526537323         0.3330764387927872       -0.3499999999999982      304.0078264017137
3.935276797187157         -0.04866829675921136     -0.7500000000000001      304.0140103207846
3.421478667394413         1.0916343934541415       -0.7500000000000002      304.1846004654501
3.757768228086893         0.5494248525809527       -0.7500000000000001      304.0783169990965
3.3865925117749693        0.5339777749530881       6.050715484207104E-16    304.43737224207626
2.79845190526945          1.0214544282565217       0.029723515419036346     304.88719437915574
0.8777167594996643        -0.11384921094189747     0.3875                   311.98281416141987
0.9493854295663819        0.5308361845209453       -0.02810246234748408     311.1658351785088
1.4205108166576716        0.26951211467346353      0.19999999999999957      308.7375882362928
0.9811193532926281        0.23090935604233007      0.08127229488558492      311.624703960237
2.457495673911079         1.2231499740925502       -0.36659338570091476     305.1760202473954
2.855614986999926         0.8447189567295901       -0.34700091385159865     304.8655914774718
2.7407656754953758        1.0247754418875457       -0.7500000000000001      304.8083645536575
2.187173063620322         1.208553610658989        -0.7500000000000001      305.4345729383877
0.6453071609682395        1.7200000000000004       -0.7500000000000001      307.6342075033829
0.9347356777415375        1.0999655825917194       -0.7500000000000001      308.44650709942664
0.7270073512260415        0.7514978958589175       -0.4227667173944464      310.9861907735668
1.0046241631891428        0.17389684043986314      -0.18750000000000241     311.377078000899
2.204549366169103         0.7621000360417696       -4.066191827689637E-15   305.95998166189867
1.144382646546241         0.8315736146493141       -0.3471148190007806      308.91400131681166
1.4112372885803128        0.7752982754367241       4.676814491233473E-16    308.13070179782864
1.910711152588773         1.16224466748127         -0.3625000000000018      306.1440355073739
1.7073327638771294        0.5962084264594277       0.375000000000001        307.2575634422753
1.5956295674437824        1.076059861407299        -0.7500000000000002      306.7123967561471
0.9186701089071666        -0.19222290648433255     0.14531249999999965      312.1659148419813
1.1336888694382143        -0.0571841971125008      0.024999999999998163     310.58099754928503
4.563789547843332         -1.3622997135271848      -0.7500000000000001      303.6668285231789
4.494563385704263         -1.1874024814218571      -0.1948319020139531      303.75170457061745
4.578388226687046         -1.2585851568220419      0.2771468163239443       303.71618385807136
4.95                      -1.2539216845910652      0.10000000000000002      303.6545938587506
4.1154060119213565        -1.2972138042334453      0.75                     303.8047046862322
4.370550501356686         -1.5287768334702136      0.3523232410252238       303.71130883970704
4.428297205774842         -1.7200000000000002      0.7500000000000001       303.6494719033389
4.95                      -1.4678605470086494      0.3967685813396832       303.61411806328204
4.95                      -1.7199999999999998      0.75                     303.5636583327108
4.949999999999999         -1.608243975778331       0.10000000000000002      303.5873798498143
4.95                      -1.251181485139627       -0.10000000000000003     303.6549090674712
4.95                      -1.4677931286458326      -0.3927784823976967      303.61363731770246
4.95                      -1.7199999999999998      -0.75                    303.56318129238804
4.625806808591335         -1.491849259146611       -0.34470004972690765     303.65908313272826
4.603029779389687         -1.844798104389985       0.397309704984826        303.59476963882076
4.352381470563289         -1.868200216106596       0.33117330230744724      303.6324545966158
4.95                      -1.845648771681249       0.3949056452486446       303.5559706008167
4.7975                    -1.8605884102333126      0.3526849276015087       303.56507747540655
4.95                      -1.9500000000000002      0.10000000000000002      303.5220587049248
4.438950951213848         -1.7200000000000004      -0.7500000000000001      303.6468239445583
4.105097288432686         -1.844396204212839       0.3984455098332819       303.73161876439195
3.9157500273391674        -1.5065893215819604      0.3299532303411086       303.8820774370349
3.8426847601748095        -1.7200000000000004      0.7500000000000001       303.8373456663203
4.076840192330444         -1.3011554788998763      -0.7500000000000001      303.8181434408302
-0.30670249052395027      -0.1967395418970327      0.05000000000000002      320.6395301181682
0.3936505105096185        -0.34147509857732494     0.05000000000000001      320.7245802122624
0.5                       -0.34442110531934056     0.05000000000000001      320.708012642901
0.2500817612730093        -0.33620354413305986     0.05000000000000001      320.7374304914914
0.4931765746407686        0.27344660602546744      -0.225000000000003       316.5017539144885
0.3146712652547764        0.40752109817308557      -0.2266978369322057      317.0793308832474
0.4340305215693671        0.10353167735769227      -0.2250000000000024      317.23942276276546
0.34033877185287964       0.08336208843906562      -0.05000000000000002     320.75255937551896
0.5                       -0.17323537824874002     -0.05000000000000002     320.729757863415
0.7179734779240301        -0.1934898959337362      -0.05126678073241277     314.8039875704177
0.5567947464790813        -0.17171399327425585     -0.22500000000000006     316.00694774984197
0.8755594569400708        0.40497787799222706      -0.4000000000000031      311.47055404624103
0.7372044188101667        0.133238325865901        -0.38688624213874084     313.07135332149517
0.5597294717235406        0.025504691768072255     -0.3125000000000011      315.2175914132294
0.8520989666318923        -0.07660198359027005     -0.24843750000000062     312.65435053382504
0.5877734523351713        -0.3396094032457017      0.030646221454327008     317.28422313676697
0.5                       -0.3444211053193411      -0.05                    320.70735747232635
0.7476654905756211        -0.38013873827995653     0.08476562500000023      313.7727786807727
-0.18240376581044976      -0.16063320652665994     0.22499999999999953      318.38199513493487
-0.15123851490296297      -0.22588961856279105     0.05000000000000001      320.6971605025706
-0.026722803935830264     -0.18584088362603612     0.05                     320.7283076123329
-0.13186508942361458      0.020455638785189845     0.3141552973214026       317.50932603839635
0.6067530395542008        -0.43675231257428554     0.17343749999999913      315.0404396584098
0.5                       -0.5                     0.05                     320.656413223997
0.5                       -0.5                     -0.05                    320.6645322870699
1.074651214560241         -0.10474418790497086     0.7500000000000001       309.9181726775006
0.42513592659991145       -0.4229944066866417      0.22500000000000128      316.44716753376014
0.34442110531934345       -0.5                     0.05000000000000001      320.70514302457656
0.056943433266163745      -0.19494226784386967     0.22899519261007184      318.2700539309372
0.08911040921635055       -0.33172754175303154     0.05000000000000001      320.734532574731
0.23035812773195644       -0.4003726708029435      0.2250000000000001       317.3634508344769
0.7340224003395953        -0.3683806721889794      0.3685225159827125       312.7023311891396
0.07743604755989815       0.05962943603927508      0.3829365761790329       316.70206700291163
0.2837288629130521        0.23138650471603173      0.7500000000000001       313.731508189454
0.6217446495611192        -0.17051422477129552     0.75                     312.3800774246547
0.2979470680650131        -0.11012283791893655     0.4076468342070914       315.8585229898945
0.28748087721517823       -0.30074534160588956     0.39999999999999913      315.5586091780245
0.46495601114801327       -0.49233359953236155     0.35480163894055244      314.2285660073269
-0.6618717989908169       0.4205829474512513       -0.07058757150453882     316.4798144652888
-0.9425490320321449       0.6202283432733008       -0.28750000000000026     312.73765018689477
-0.908610777710085        0.8386633104261177       -0.14062499999999847     311.85334518359184
-0.5                      -2.7755575615628914E-17  0                        320.44414138351334
-0.6062524674308103       0.08234340538013694      0.09493259910484805      318.6518690432715
-0.5                      -0.10352872764694232     0.05000000000000001      320.4933119065295
-0.5                      0.1051130243889187       -0.05                    320.4923021316603
-0.6078351372875239       0.10000000000000098      0                        319.69115922769294
-0.6212342812296304       0.22318037561226006      -0.18901196357193278     317.0968876547733
-0.7425680657542282       0.19999999999999996      0                        318.76502216087437
-0.5943862416979351       -0.10000000000000053     0                        319.7810217809352
-0.5                      -0.19999999999999996     0                        320.52140367427876
-0.5                      -0.10256123610525936     -0.05000000000000001     320.49351347911266
0.486353149281534         0.3736578338021993       -0.4000000000000023      314.31694270534376
0.5610430729455107        0.605188817143967        -0.75                    311.5145574835197
0.27590583673967056       0.5569899651052277       -0.4201276961086486      314.16719391354934
0.31712958160697025       -0.07563586175445208     -0.05000000000000001     320.75473769894876
0.37488446849796553       -0.06638325131008295     -0.2250000000000017      317.66590934096405
0.3045127967671313        -0.22211890740464107     -0.05                    320.74682089744203
0.1860345727708304        0.0025973982623950786    -0.05000000000000001     320.7568932900773
0.1679862860847539        0.18080718497828424      -0.05000000000000001     320.74999422470233
0.21538423519949831       0.23848297237006896      -0.22499999999999895     318.00405637337093
-0.14757572098595112      0.22614468707882207      -0.05000000000000001     320.6967315333872
-0.010678423022330186     0.19187873704252967      -0.05000000000000001     320.73000954050354
-0.042485950910067447     0.23434791013294134      -0.18747655540206098     318.7729038829722
-0.14452107267119071      0.08578897701716787      -0.05000000000000001     320.69846528460045
0.1203681981064083        0.3943859777723252       -0.36726938331028447     315.92935976880284
0.06888087721846754       -0.060165198624733796    -0.05000000000000001     320.7470708396254
0.035138356254523995      0.06633412526693723      -0.05                    320.74180879734655
0.06866144264185542       0.03129101668756637      -0.2249999999999995      318.44935535615315
-0.036135004025752024     -0.042203610120871815    -0.05                    320.72894865823633
-0.1700205936603218       -0.09610644574377375     -0.05000000000000001     320.6903295637231
-0.08329723824781217      -0.12684887458807131     -0.18124999999999863     318.99508749752954
-0.01373293915333576      -0.18500859450359655     -0.05000000000000002     320.7308212567949
-0.15859521007293098      -0.23116456198730903     -0.05000000000000002     320.6948959649865
0.17308847124137344       -0.1178499789599473      -0.1375000000000037      319.47565382267305
0.18165699959308734       -0.17855767458185637     -0.05000000000000002     320.7516922249333
-1.054769369493692        0.9174202904971379       -0.34866071428571366     310.8820069127923
-0.5925772473943843       1.073412145928604        -0.25448025057715945     311.12204799039506
-0.3851970614094382       1.1959828615347174       -0.7500000000000001      309.99160465226953
-0.8347689311412573       1.1465800399635937       -0.012499999999997772    310.4531630630199
-0.5158882968655242       1.064462416398342        0.15538790321023355      311.3735888272822
-0.24332069970126416      1.2249999999999965       -0.024999999999995668    310.67864877153266
-0.3142718353038905       1.4231489700107485       0.3619754291443483       309.51931732272357
-0.6535482228717742       1.7200000000000004       0.7500000000000001       308.3092714487224
-0.2841116162726387       1.1602457153836794       -0.3937500000000008      310.75487627454163
-0.12562470184056068      1.4724999999999997       -0.3874999999999993      309.33438512908816
-0.007928703979857232     1.7200000000000004       -0.7500000000000001      308.4115386978778
-0.0013860715973166293    1.8622809310572301       0.34790171657739405      308.24207379825344
0.1422202940831876        1.9500000000000004       0.10000000000000003      307.7783503634153
-0.06715010140451745      1.5875                   0.03750000000000112      308.9294707454083
-0.2501050616749376       1.8315573237543483       0.434729302433364        308.3422590828579
-0.7441585770065168       1.4332900199817993       0.36875000000000024      309.1936322430803
-0.7441585770065666       1.4332900199817953       -0.3812499999999967      309.1923075056258
-0.6535482228718745       1.7200000000000004       -0.7500000000000001      308.3094093308392
-0.5187839542918535       1.8669712599968347       0.33464643913938164      307.88324043705364
-1.034784442472733        1.837272863730501        0.41857668945728055      307.96382995587334
-1.2951946883434655       1.7200000000000004       0.7500000000000001       307.8513757401299
-0.7638625925150402       1.8677923326717591       0.3323260163624209       307.75971633909734
2.1050000000000004        1.9500000000000002       -0.09999999999999998     304.2135613502651
1.705                     1.9500000000000002       -0.09999999999999998     304.215634655613
0.7703420323177           1.625209862138837        0.03672022826119077      307.4668211729647
0.9858772153035255        1.7613805146292882       -0.07912103836990149     306.83053093928385
0.9814812908928365        1.84409860055063         -0.399286563661265       306.9302026423884
1.127779705916815         1.9500000000000002       0.10000000000000002      306.45684812877056
1.127779705916815         1.9500000000000002       -0.10000000000000002     306.46522552519673
0.8350000000000009        1.9500000000000002       0.09999999999999998      305.0666502841361
0.3682909359328513        1.6587725970157923       -0.031417392960952646    308.0536965543052
-0.0013860715973725846    1.8622809310572301       -0.34790171657739405     308.242729912991
0.6394718523174934        1.8766290486102823       -0.307352688710073       307.062333984857
0.1422202940831876        1.9500000000000004       -0.10000000000000003     307.7782145901937
0.354755462929611         1.8438045717018352       -0.4001175147556836      307.859812446694
0.6350000000000007        1.9500000000000002       -0.10000000000000002     305.0643201699734
0.6350000000000007        1.9500000000000002       0.10000000000000002      305.06427901430203
0.4350000000000005        1.9500000000000002       0.09999999999999998      305.06893470517804
-0.44405486247385395      -0.14133112853066732     0.19246943152636178      318.3143598462138
-0.5                      -0.31058618294082685     0.05000000000000001      320.5977507286437
-0.5305305942906258       0.24077503912801293      0.35438667740054036      315.9725775785245
-0.7553012409989874       0.34175508293846923      0.36211292672757317      314.6046816175585
-0.28983125541346233      0.12795706898449954      0.7500000000000001       314.4639967955345
-0.3192403023109069       -0.038962399159403374    0.4012583475161612       316.484200447354
-0.5536948467217238       -0.08420567688075695     0.380868941610987        315.98183130678376
-0.061427358864841075     0.7060857869701331       -0.7500000000000001      312.48143350852047
-0.13017266142085943      0.286370859911999        -0.3666846796868042      316.5544604172808
-0.36937918392081753      0.39648536293982956      -0.4374829489087304      315.2223054356099
-0.31942972620358484      0.18982264958432038      -0.05000000000000001     320.63104391488656
-0.3405694299989965       0.17314321035991334      -0.2250000000000025      318.14935219307705
-0.3255406149881512       -0.0017081344152574118   -0.05000000000000001     320.61548026483064
-0.23941537518533887      -0.03929669254885636     -0.22500000000000184     318.4212767214733
-0.32107667404193596      -0.20307618028163965     -0.05                    320.6340751968681
-0.25444419019618175      0.13555465222631333      -0.4000000000000007      316.5066797971943
-0.6027007860061678       0.01896268536003154      -0.19999999999999823     317.513903828397
-0.46568825191330016      0.17583225584226966      -0.36578478982314017     316.2822922326187
-0.4309752423917252       -0.1420490342784421      -0.19843750000000138     318.2852354932895
-0.5                      -0.3102382047318901      -0.05000000000000001     320.59979522241844
-1.4248908659755566       1.4460599128459235       0.361914116259279        308.47089270562276
-0.9812743185290338       1.548290019981795        0.043749999999999505     308.6092280771988
-0.8961591474644283       0.531489331446491        1.841582442096979E-15    313.90556617366
-1.1611881550228396       0.7998247056868409       9.828943214884591E-16    311.40191762855005
-1.0585851971803963       0.6286889038094574       0.37500000000000105      312.1045466257654
-0.6967039871221701       0.6046441512283047       0.75                     312.25264295032684
-1.214223686587684        1.0154233854391663       0.3548634501630889       310.15861289016203
-1.04486373941931         1.0573778076189135       0.7500000000000001       309.7746381498882
-1.78951617031763         1.0332766115325682       0.75                     308.73462842349625
-0.7761993351269225       0.11698878247624196      0.1459031375817376       316.9070627750344
-0.971643730376934        0.2125716173967299       0.3750000000000027       314.0399495320789
-0.7758317543829909       -0.07299267331174379     0.35013848129308905      315.3192341288466
-1.2914901555013598       0.37433707750287715      0.19407445247453226      313.00887414448215
-0.7759826804574811       0.4267078242695306       -0.3605746757842839      314.1253935193309
-0.6794452857773507       0.17205098893950369      -0.3857315255738793      315.31676744410925
-0.5650178342737445       0.32634572025053415      -0.41140624999999903     315.13071729394585
-1.0723066549414826       0.19999999999999996      0                        316.8114304179439
-1.2157192249797173       0.5507163054396763       -0.3750000000000002      311.97157943222913
-0.7248981297426935       0.6685795181670474       -0.75                    311.9258301468207
-1.062918154844874        1.1030435483218175       -0.75                    309.5919413370844
4.126033248733867         -0.6904390027957206      -0.04999999999999982     303.95850399052864
3.756312880254418         -0.07823061392131614     -0.024999999999999602    304.20457764911566
4.0895017360006465        -1.065219411728255       0.349131675510384        303.90348625210305
4.022939297259097         -1.319926840642367       0.01401459616482984      303.8892440382105
3.847667523259288         -1.0063430298350176      -0.36249999999999866     304.02467146846726
3.766798031456693         -0.7037500226551706      0.7500000000000001       304.05621220895773
3.6304979523625343        -1.3378575980590606      0.7500000000000001       304.00847255996223
2.908410885781371         0.41876405676921913      0.7500000000000001       304.79797577183865
3.147068628300099         -0.3514015926400644      0.7500000000000001       304.5621782872036
2.0034282391739415        0.41711857748213155      0.7500000000000001       306.32982929352136
1.5160476821645776        -0.03674251022821062     0.7500000000000001       307.9363080669099
3.6562082751100453        -0.6924665582721746      -0.7500000000000001      304.12414761359105
3.476230664216454         -0.037319052002715014    -0.75                    304.2968529379545
2.9620826317846394        0.45007996148002827      -0.7500000000000001      304.73380448563785
2.66921375189938          0.04525101338840779      0.0018179223093017906    305.3384112696888
1.2169368410989232        -0.3137687598371271      0.28004963445768555      309.6852596276042
0.9193145781814408        -0.49101458862282343     0.19374999999999956      311.3769948654501
1.7673777388764298        0.05886698402373735      -1.6618650899857816E-15  307.474723802595
1.4576092798906481        0.2874301668968973       -0.1750000000000021      308.56576070019105
2.151822092105851         0.4887907863758707       -0.7500000000000001      305.96812739280693
1.251118913880142         0.4655346506651095       -0.7500000000000001      308.70702357839576
1.009056075552246         -0.02847300035213918     -0.37350834502294694     311.06738606956236
1.7815296903430822        0.6320445309062954       -0.3750000000000023      307.00253803293697
0.939369891922844         -0.32709053674934424     -0.08280100177716147     311.822924867165
1.2366504737833226        -0.27302627435323834     -0.16747846881943476     309.7130494227184
0.8064726014014096        -0.5311423184292929      -0.049218749999998396    312.4116021344206
1.3933466343645682        -0.6328136272571326      0.7500000000000001       307.94944363196964
4.167823847188566         -1.7650851439543342      0.062160701895899555     303.6839078290487
4.244457046497252         -1.5647010978439526      -0.29488337901080275     303.7376439387408
4.108663848661072         -1.8444082978729175      -0.39841133209827717     303.73444879605825
4.355517589813037         -1.8671351163858616      -0.3341833667356092      303.6299961357493
4.245000000000001         -1.9500000000000002      0.09999999999999998      303.4064576136507
4.445000000000001         -1.9500000000000002      0.10000000000000002      303.40609602115546
4.558452447611283         -1.634329264212968       -0.03553536692856276     303.62555187024867
4.6962617930191906        -1.742946760958583       0.15442941133042043      303.57728246024163
4.95                      -1.6116010991344867      -0.10000000000000002     303.58227374889333
4.445000000000001         -1.9500000000000002      -0.10000000000000002     303.40607504186715
4.95                      -1.8456487716812489      -0.3949056452486451      303.55601287381427
4.74649182520231          -1.841877132406296       -0.40556462580829405     303.57975266680194
4.95                      -1.9500000000000002      -0.10000000000000002     303.52731275490925
4.545000000000002         -1.8656140227565277      -0.33848210960111913     303.5909504177752
4.645000000000001         -1.9500000000000002      0.09999999999999998      303.4061586580428
3.493445865254915         -1.4269894678864363      0.3157983195429345       304.1151412405323
3.8461995451711055        -1.4351794303058683      -0.35274936955463443     303.92927771153853
3.85129962701832          -1.7200000000000004      -0.7500000000000001      303.8339951725754
3.8394734660890757        -1.861765795337463       0.3493575349158673       303.8333471863061
3.952220294083185         -1.9500000000000002      0.10000000000000002      303.75748513226
3.85345323866267          -1.6351097506989312      -0.03750000000000039     303.87790590633455
3.952220294083185         -1.9500000000000002      -0.10000000000000002     303.75512365061905
3.8447315670829183        -1.8640158307767185      -0.3429987391092749      303.83008509915607
3.568945664043959         -1.704307015148581       0.1574018667163091       303.97042263312875
3.596141559499398         -1.8401077716607572      0.41056499313264333      303.935489158906
3.2406208106298804        -1.7200000000000004      0.7500000000000001       304.13970018359106
3.5842489304559932        -1.362275292047119       -0.7500000000000001      304.0250749077249
3.321167985389132         -1.8635103360062613      0.34442731128665405      304.0355037033732
3.1043757864428714        -1.8534813220884339      0.37277017670660173      304.17458004506494
-0.23165663993224994      -0.2219056721339182      -0.22500000000000217     318.24056482915165
-0.21412451943168323      -0.32857473138551907     -0.05000000000000001     320.67746073941106
-0.06804168819688333      -0.34338355043367363     0.05000000000000001      320.71181528462347
-0.205738890355705        -0.3185644473932723      0.05000000000000001      320.6800700676044
-0.3565199690470457       -0.37597967410282185     0.17534096796287857      318.2927889547457
-0.6075802489755171       -0.3380112761790583      0.3874999999999976       315.14467464060886
-0.3431261609437884       -0.36679040614669817     -0.05000000000000001     320.6396971639132
-0.3423028540763559       -0.3731925591228341      0.05                     320.63931780920143
0.17323537824873025       -0.5                     0.05                     320.718266353953
0.44696838451737175       -0.2589489865136578      -0.22500000000000112     316.92019343602357
0.3731849141721735        -0.34281801851027366     -0.05000000000000001     320.7267984013615
0.16304451629391697       -0.25624566149154965     -0.2000604698471811      318.42063774437764
0.21781456852369288       -0.35189332023504827     -0.05                    320.7366048113453
0.07051580242789218       -0.34382820974441347     -0.05000000000000002     320.7317757065357
-0.06265440792898973      -0.32713137147292837     -0.20100723269950738     318.37611339709287
-0.07298268788110392      -0.3479612648049253      -0.05000000000000001     320.71051921296663
0.28341300426323013       -0.4256591557621143      -0.18596591145831867     317.72736671632526
0.34442110531934245       -0.5                     -0.05000000000000001     320.70458340697127
0.1732353782487348        -0.5                     -0.05000000000000001     320.7171517692314
0.3680610431387342        0.1204456655910157       -0.40000000000000163     315.60822995789925
0.6429176417908599        -0.3768301180491928      -0.16859075829102688     314.8931740442312
0.4895687288962597        -0.5049265687378537      -0.1696975097751275      316.08414635304433
0.6135894929581605        -0.17019260829977212     -0.39999999999999797     313.947688717675
0.7271789859163151        0.0040358887197933235    -0.7500000000000001      311.9066330901953
0.8689473564569418        -0.3377638585767114      -0.38749999999999835     311.68372203105633
0.5937611864098924        -0.5706137579418555      -0.022312509224081744    315.1165788763449
0.7016507773866304        -0.7255802713891311      -0.17148437499999858     311.9048893222772
0.7606767235993485        -0.6825802564210106      0.0081865951995532       311.9439117865013
0.4001908289895097        -0.6812500000000018      -0.018750000000000704    315.0552495418014
0.3850298617944154        -0.6106425325972845      0.12890624999999825      315.84031637233863
0.25991809555767814       -0.616726681627314       0.03574578569321976      316.854240926412
0.6954974084850717        -0.6238506499039734      0.359516324336664        311.98761926724285
-0.005116364065935386     -0.48686000481751895     0.21289062499999895      317.230717224632
-6.689093723366568E-15    -0.5                     0.05                     320.70590025737835
-0.1443683637677924       -0.344971814498435       0.22499999999999876      317.95085659661885
0.13533116770222037       -0.5926959341222025      0.156306811311632        316.544332600781
-0.3636144378616592       -0.3185515512211111      0.39999999999999813      315.87236705066056
-0.12041462713903402      -0.19836507000157289     0.43435640419011007      316.1944859461183
0.6024701434623329        -0.7124224900665748      0.20624999999999918      312.6010809830785
0.27840315132524807       -0.7225919161606272      0.20679601312517024      314.1396142291068
0.8423805738493355        -0.6246899602662922      0.7500000000000001       310.2213989566854
0.16674081414184164       -0.5787046829436246      0.3921874999999985       314.52666251636794
0.06726417439499023       -0.3454960215374676      0.3999999999999962       315.93252660210766
0.4132426853804114        -0.5090274295919043      0.7500000000000001       312.4622436341809
0.13452834878998665       -0.190992043074937       0.7500000000000002       314.2076539339504
0.3261598422742609        -0.7235419225925441      0.3828124999999997       313.0779563659983
-0.9208299686034711       0.26288491772184325      -0.2009274982470029      315.0854772030209
-0.725959933907124        -0.15677640701655135     0.12245914373199489      317.36888197684294
-0.715670274575049        4.440892098500626E-16    0                        318.9667725084619
-0.6887724833958702       -0.19999999999999996     0                        319.1235268125977
-0.9749258108666123       -4.440892098500626E-16   0                        317.3842949814607
-0.8119346790083456       -0.03956520019573168     -0.19374999999999892     316.38793901524076
-0.2337804098629328       -0.5764478255456493      0.2171874999999978       316.2187246036393
-0.6325389657271305       -0.25117455008695766     -0.15932518519193248     317.24395464415824
-0.6167838941806004       -0.4032022979711715      -0.0026223604682332944   317.5559154082787
-0.5                      -0.5                     0.05                     320.5811401578176
-0.5                      -0.5                     -0.05                    320.5825429637944
0.19429368324597984       0.18467557922433842      -0.7500000000000001      314.0758050180191
0.2497689369959345        -0.13276650262016793     -0.400000000000001       316.0761227917921
0.1465535721520927        0.09693871995138982      -0.39634568187293256     316.43054544561977
-0.1532901353825242       -0.07688525068245637     -0.4000000000000001      316.6559136186122
-0.00938627831222386      -0.17269322780308416     -0.331195260816921       317.18184001733323
-0.5182049348976495       -0.39119496707081153     -0.19843749999999857     317.08591780298957
-0.4339517442380492       -0.5192436020171584      0.4182362364856656       314.6416613983659
-0.2254194542031347       -0.34340737000866084     0.75                     314.072398640153
-1.4972238647626115       1.1165123683374878       0.00478029122125411      309.4642752750323
-1.691478379807567        0.7493851157131353       -0.3750000000000001      310.1727218984951
-1.9000500953613022       1.406536460186445        0.34189206618689066      308.02024543404485
-1.9314364090229794       1.7200000000000004       0.7500000000000001       307.2456569239702
-2.373055609211015        1.2802100928639495       0.7500000000000001       307.59763444188553
-1.3607059254622962       1.3940800399635964       -0.375000000000002       308.6879763294981
-1.8015269313390452       1.0710054527988448       -0.7500000000000002      308.6196969579905
-1.2951946883433445       1.7200000000000002       -0.7500000000000001      307.85368231374474
-1.2871307394185214       1.8680404132324067       0.3316249191258086       307.7410292481595
-1.3554474480161245       1.5669049846409784       0.0136317961519632       308.262709168449
-1.287130739418495        1.8680404132324062       -0.3316249191258092      307.74201900578777
-1.5624244315079725       1.8421934862742384       0.40467058226845826      307.474862647762
-1.7264726510384465       1.5409621621637546       -0.04282142084505962     307.8160244101327
-1.7075847331007208       1.7257552138193133       0.14105517467681236      307.2268304918264
-1.9088072708619803       1.8711067990185652       0.32295904625188193      306.8854798834963
-0.43916034985062996      1.5874999999999975       0.03750000000000145      308.7234896200002
-0.2501050616750691       1.831557323754323        -0.43472930243343644     308.33738795248615
-0.1422202940831836       1.9500000000000002       0.10000000000000002      307.94290000601455
-0.5187839542918997       1.8669712599968342       -0.334646439139382       307.87732031060426
-0.1422202940831836       1.9500000000000002       -0.10000000000000002     307.934291942262
-0.43499999999999917      1.9500000000000002       0.09999999999999998      305.43315000621857
-0.8081371592645143       1.7491450099908998       -0.028125000000001787    307.5508182239236
-1.0347844424727788       1.8372728637305147       -0.4185766894572418      307.9513670529546
-1.127779705916815        1.9500000000000002       0.10000000000000002      307.5551641638978
-1.127779705916815        1.9500000000000002       -0.10000000000000002     307.564866994885
-0.7638625925150873       1.8677923326717583       -0.3323260163624229      307.75457798151655
-0.634999999999999        1.9500000000000002       -0.10000000000000002     305.4289628673683
-0.634999999999999        1.9500000000000002       0.10000000000000002      305.4289707439038
-0.8349999999999996       1.9500000000000002       0.09999999999999998      305.43207593412006
0.8350000000000009        1.9500000000000002       -0.09999999999999998     305.0668902580665
0.4350000000000005        1.9500000000000002       -0.09999999999999998     305.0688197243752
-0.725087703317535        -0.2965298593184758      0.17823924280761985      316.1640231556101
-0.5663595768688191       -0.5316973408903204      0.20165940872027877      315.6185170324896
-0.8836245069969815       0.05337862725567999      0.7500000000000001       313.1372426899961
-0.7930449559844397       -0.5258116550495482      0.4000000000000001       313.49395264334794
-0.5715454234734247       -0.2851244332133285      0.75                     313.69794736773696
-0.36677538470034055      0.19598911027016586      -0.7500000000000001      314.26699526772876
-0.2683543219266017       -0.3239741545738494      -0.38356699475780215     316.17026360631365
-0.3754282850536688       -0.0694799399811948      -0.3999999999999981      316.37200393943044
-0.5975664347248134       -0.062074629279933215    -0.3999999999999962      315.70572113562116
-0.5364098697952967       -0.2823899341416279      -0.34687499999999916     315.933317550074
-1.1150078722250474       -0.10000000000000053     0                        316.62269508701803
-1.231686840845415        0.05669133032233448      -0.1840048866536119      314.52704361168094
-1.6998520771963874       0.7456105572566536       0.3750000000000001       310.18192078043717
-1.4392540017280486       0.6340800399635931       -1.215891482895E-15      311.43412044851516
-2.181193440147816        0.6638222365260124       0.3639274246039328       309.6744636583937
-2.4685881907006895       0.7023635851326737       0.75                     308.7523345266126
-1.4043261917367997       0.4183370045944571       0.7500000000000001       311.0803143402817
-1.6378032550436832       0.2766444197657194       0.36896759709879007      311.8191291627472
-1.9734869918115265       0.4230610345861169       0.75                     309.9740576576873
-1.0118936975744592       -0.15547164015033468     0.15786129938906265      315.51129781554783
-1.2050370288267112       0.022502156978283772     0.32356219623196086      313.7686828213245
-0.9930102035961811       -0.28154746539913195     0.38124999999999876      313.7895652295238
-1.3033945322597076       -0.08180890765648408     0.14605280022480066      314.47531529315586
-1.2550899335834824       -0.19999999999999996     0                        315.9187087767563
-1.4522908408748416       0.19999999999999996      0                        315.0463231523455
-1.4449045156668825       0.07140459338347173      0.136363636363636        314.0370115367447
-1.353690387229162        -4.440892098500626E-16   0                        315.4954449097459
-0.900572215451446        0.11905179379026858      -0.3749999999999976      314.56849594963575
-0.8542923315288965       0.16870446142531859      -0.75                    313.1025774292199
-1.3334706735721138       0.20508140524297527      -0.3797391716567135      312.79717286888905
-1.7045152189543653       0.3153050757495375       -0.37500000000000144     311.5261714337604
-2.0728707334166327       0.47469255785656883      -0.18749999999999817     310.7071313509278
-1.358071220365765        0.46612562366447174      -0.75                    311.0610956050541
-1.9567395970338852       0.43061015149907544      -0.75                    309.9893159140576
-1.6077581772673772       -0.078479089002638       0.3197104372497055       312.4989726683088
3.302066497467734         -0.8463941618663094      3.971128981206108E-15    304.44698306160717
3.39446581106856          -1.404002243889629       -0.11345890551718535     304.1868070680468
3.03364211723608          -1.2077211105709598      -0.7500000000000001      304.45577216423123
2.8834757132272664        -1.3239122879396403      0.18638508835329934      304.6484706601405
2.822335372242039         -1.8342146516842361      0.4272194626315074       304.44726619556553
2.9479247198254175        -1.0003217654604402      0.7500000000000002       304.6082236860126
2.6369237546083903        -1.7200000000000004      0.7500000000000001       304.6311698232971
2.6625756400116645        -0.794343253790849       1.7728873924482976E-15   305.1790240577139
2.2521748679845244        -0.42009182471191303     0.7500000000000001       305.7987325974436
1.769566232360089         -0.38951742797179945     0.37499999999999967      307.2476235977791
1.7203322941498103        -1.1434061632417454      0.7500000000000002       306.3760154966487
2.618436983102579         -0.5217630485002471      -0.7500000000000001      305.15563806467645
1.4970809263242142        -0.5514894270300678      -0.08873601214836015     308.16598312595045
2.0230847825555953        -0.7422923457153888      -4.253541963095132E-16   306.37923233452995
1.022756826641298         -0.7196969680886377      0.062066773216558596     310.0254318560844
1.4612743445665055        -0.9133103834666101      0.27640064908575757      307.6785109573622
1.0532211234616466        -0.8568000697065912      0.33742609173752713      309.26207983210037
1.3091969970440538        -0.9545261592173475      -0.07402159800845945     308.1592159249823
1.531327238578919         -0.29938460943465717     -0.75                    307.7901773198918
1.1560320732891194        -0.6840709382670663      -0.34336231250813964     309.25362985829264
0.9371508237520282        -0.9089508607700193      -0.19460260233834298     309.70870358366835
0.8274183196515379        -0.631501802844642       -0.27564411308318776     311.3243151135824
1.1051595629450572        -1.1452029656660037      0.7500000000000001       307.8958656851152
4.245000000000001         -1.9500000000000002      -0.09999999999999998     303.40667079280166
4.645000000000001         -1.9500000000000002      -0.09999999999999998     303.4063081756631
3.257009013403608         -1.7073416367571823      0.039083079992313925     304.070260776459
3.503398866362018         -1.7073416367571828      -0.060916920007685275    303.9856852961845
3.597760693192063         -1.8402482666634767      -0.41016794203800133     303.93361282032777
3.240714955908225         -1.7200000000000004      -0.7500000000000001      304.1381543400121
3.667779705916814         -1.9500000000000002      0.10000000000000002      303.8628607139532
3.667779705916814         -1.9500000000000002      -0.10000000000000002     303.8632432137147
3.375000000000001         -1.9500000000000002      0.09999999999999998      303.68258386616026
2.9292378566136317        -1.6369561439698206      0.04319254417664918      304.39743123613516
3.16424365806085          -1.6330807275968962      -0.3130481049253583      304.22773751473125
3.321827356889133         -1.8635827001032321      -0.344222804056085       304.04025445407245
2.8257469642065547        -1.8342330674686174      -0.4271674180234743      304.4474324426324
3.1095579888815683        -1.8548010226549267      -0.36904058814912083     304.1770017817858
3.175                     -1.9500000000000002      -0.10000000000000002     303.68234682533244
3.175                     -1.9500000000000002      0.10000000000000002      303.6823426878473
2.9750000000000005        -1.9500000000000002      0.09999999999999998      303.6835514320635
0.7213900541312445        -0.9835091250652238      0.009811199464386845     310.3938820267365
0.08488950020383841       -0.4390556044438636      -0.22500000000000295     317.38611188586134
-9.769962616701378E-15    -0.5                     -0.05000000000000001     320.7046069495182
-0.22389790467916101      -0.4045146517189802      -0.2250000000000025      317.630820464991
-0.08215751775276743      -0.47247843468247636     -0.26419305576422397     316.75777739049676
-0.17323537824874014      -0.5                     -0.05000000000000002     320.67348266446436
-0.17323537824872656      -0.5                     0.05000000000000002      320.67344694975816
-0.3431038357125823       -0.5183346019827043      -0.21090928902954273     316.73890560639325
-0.34442110531934345      -0.5                     0.05000000000000001      320.6290452347975
-0.3444211053193428       -0.5                     -0.05                    320.62838097278023
0.10795163307532832       -0.6556433022035545      0.027498666015989548     316.33812903143195
0.22942423511794025       -0.6966606168630222      -0.15572753293019953     314.8850936120178
0.48107305744695866       -0.7315073592623429      -0.19511718749999934     313.2385942607332
0.3939367690347413        -0.34466259477857614     -0.40000000000000013     314.9293095932087
0.007231115644645963      -0.38571256430880696     -0.4453275240384624      315.4581717699732
0.3260833474561163        -0.5433420529110914      -0.30738315961163987     314.9732879196473
0.31350330122103554       -0.26813040350273365     -0.7500000000000001      313.5645903714352
0.20833001003025214       -0.7170287585376269      -0.3186729629592099      313.8101551025201
0.09926319797978725       -0.5342829991433182      -0.400000000000001       314.9123525769947
0.5237997659867641        -0.6315027213946423      -0.38000435932844556     312.86635941153514
0.7317880968277546        -0.6131173738739663      -0.7500000000000001      310.76666932661544
0.663774441137146         -0.8981246613888934      -0.3153197881873074      310.82290785803957
0.4559605526596733        -0.8624999999999987      0.012499999999999569     312.42466146655187
0.2800498705581061        -0.8069547448557872      0.07556728128358932      313.64147059902103
0.6651942690432514        -0.9276971357127111      0.37561254782595094      310.55219304896224
-0.12486282155920055      -0.6469865030914644      0.06860604285870009      316.4627586133865
0.06410034499522499       -0.8151122064233546      0.18828124999999873      313.6906033899949
-0.12313971440652176      -0.6528956510912945      0.3843749999999969       314.3128995771907
-0.3159653246440537       -0.7287291862188078      0.26481786452500644      314.2029152650293
0.16737198194523567       -0.9175894888993555      0.33182864356149744      312.2243444740688
0.3815991709291575        -1.0837850651945669      0.17031249999999978      310.9050062032622
0.4583549558352234        -1.0838211242726463      0.7500000000000002       309.8444020180787
0.02770006158957639       -0.6839463130780199      0.7500000000000001       312.56698928395514
-1.0440164818407724       -0.14809308575149438     -0.18750000000000028     315.10964457270507
-0.7982593084810146       -0.2557505648452973      -0.29374999999999823     315.1891653388736
-0.8073737467448997       -0.34010458542842836     -0.0935122685859905      315.83757777886865
-0.8775449667917405       -0.19999999999999996     0                        317.91892131325534
-1.0663174501876116       -0.19999999999999996     0                        316.85360309551544
-1.0633205516762962       -0.17375927200374705     -0.34794017436260627     313.98100058247314
-1.2930993144148604       -0.14098856005131008     -0.255149147727273       313.70405342320765
-0.7308758087290463       -0.4960535736793644      0.07031250000000001      315.29417645984057
-0.4033960765565476       -0.6787917073295847      0.009374999999998843     315.6216635119209
-0.7372025266980549       -0.4802091708568552      -0.18702453717198425     314.9493789443076
-0.6292727455778002       -0.6345747525734162      -0.012124282752045652    314.8783617931938
-0.5201658998792538       -0.7233823324846207      0.2554808566590785       313.8119479312111
-0.4667577022907041       -0.6878209690655269      -0.21874999999999942     314.50502096444876
-0.16205919809386507      -0.2395594783820797      -0.7500000000000002      314.3759972179312
-0.19393968637755643      -0.6148505448595397      -0.416169535910031       314.39170319619984
-0.39583072683663373      -0.5411733561934607      -0.40000000000000024     314.7193676718031
-0.5135029001898679       -0.705423731971908       0.75                     312.267791624684
-4.95                     0.6230989606486          -0.3410237591077776      308.0075797505997
-4.95                     0.29802256959959417      -0.38804864090374985     308.950846795883
-4.95                     0.6053151594932109       -0.75                    307.6165585631647
-4.584628083044644        0.4852593646400517       -0.3815243204518763      308.78862282957385
-4.95                     0.537430205647215        -0.1                     308.4783931268708
-4.949999999999999        0.179380635292823        -0.10000000000000002     309.8408288773216
-4.418337220711328        0.30519720359860414      -0.7500000000000001      308.9152754574191
-4.95                     -0.0028685141138902193   -0.7500000000000001      309.13280311652943
-2.0798575127614845       1.0827091333071144       0.05248990491703374      308.76647655522146
-2.0658379991760496       1.599894695891783        0.11597160245669597      307.3185564603909
-2.0575108485413884       1.374881146081867        -0.3750000580733162      307.9359099758392
-2.453624205737902        0.6882754727988518       -0.7500000000000002      308.7906594482514
-1.9314364090229805       1.7200000000000004       -0.7500000000000001      307.2528658769742
-2.3782000777800314       1.2834726764490973       -0.7500000000000001      307.59162925334755
-2.1946909897523996       1.8433456176225813       0.40141455889270505      306.9491771359017
-2.3092861704587033       1.549794835735728        0.3358384620475339       307.3739054244952
-2.560798609035686        1.7200000000000002       0.7500000000000001       306.84312487779783
-2.65014955238096         1.33117578080589         0.3500000000000033       307.5895828724373
-2.9025568599080174       1.2104088753431412       0.7500000000000001       307.3766047778067
-2.6677789557362117       0.9723486555972345       -0.013322748187411445    308.5258127118486
-3.160083554592455        0.6342617909009077       0.7500000000000001       308.4401204710196
-1.562424431508017        1.8421934862742453       -0.40467058226843844     307.47152043004866
-1.412220294083185        1.9500000000000002       0.1                      307.3676599725501
-1.6380891445963097       1.8138905921775723       -0.06604980134739694     306.9030918224471
-1.412220294083185        1.9500000000000002       -0.1                     307.36312118900827
-1.7049999999999992       1.9500000000000002       0.09999999999999998      305.1104484476278
-1.8857143232714415       1.7919832758588652       -0.04473393493736579     306.5210627714478
-2.204117806717667        1.7865605153639303       -0.1463941390309144      306.78439193950396
-1.9088072708619803       1.8711067990185661       -0.32295904625187893     306.873791546779
-2.1946909897524716       1.8433456176225853       -0.40141455889269473     306.93821172976726
-1.9049999999999996       1.9500000000000002       0.10000000000000003      305.10726190502027
-1.9049999999999996       1.9500000000000002       -0.10000000000000003     305.10713269965004
-2.1049999999999995       1.9500000000000002       0.09999999999999998      305.1099026561332
-4.95                     0.60406057490195         0.7500000000000001       307.6165979924031
-4.95                     0.6137334828112392       0.355016883322083        308.0180385670402
-4.485879318558076        0.9486047939408244       0.7500000000000001       307.18850432185906
-4.274646511632009        0.6014644688837475       0.35940044391907555      308.68328336233486
-4.949999999999999        0.2862050000479703       0.399695174880913        308.9405778841254
-4.568969713722727        0.6361497951450187       0.09383567581259485      308.5518586995841
-4.95                     0.5151532084559619       0.10000000000000003      308.54614588115777
-4.95                     0.8731726739164406       0.10000000000000002      307.411147221371
-4.95                     0.9893636023636534       0.41133382870814017      306.99774155511375
-4.95                     1.1958916000817776       0.7500000000000001       306.359010689582
-4.587492587644776        0.918203299180835        -0.09955563464794723     307.6311073947899
-4.95                     0.8955055775776256       -0.10000000000000003     307.353658956034
-4.515686290497476        0.9134691819289757       -0.7500000000000001      307.25395504817413
-4.219256166089294        0.6724961596805114       -0.3750000000000008      308.44704450518657
-3.908406923932525        0.7617832057128767       -0.75                    307.9096279271424
-4.949999999999999        1.0147986200235162       -0.4084524044290144      306.9433543457595
-4.95                     1.1963780763270522       -0.7500000000000001      306.35963861413853
-4.95                     1.2420024507576708       0.10000000000000002      306.55330913138727
-4.950000000000001        1.2535654442177435       -0.10000000000000003     306.53129953258167
-3.8350400446073087       0.7030676601609456       0.7500000000000001       308.0800906095482
-4.131943299002           1.3178070258119696       0.75                     306.66309535806187
-4.5680450849532255       1.37214751994081         0.7500000000000001       306.33315480586583
-4.95                     1.4859276843804752       0.41254324305753254      306.072512759632
-4.95                     1.7199999999999998       0.75                     305.71790165459765
-4.703399946082981        1.806109695406605        0.5066465129813351       305.8528516114731
-4.417015119519561        1.7200000000000004       0.7500000000000001       306.0188598145765
-0.43499999999999917      1.9500000000000002       -0.09999999999999998     305.43403100639676
-0.8349999999999996       1.9500000000000002       -0.09999999999999998     305.4324652816734
-2.282028799144908        0.17034666972744272      0.7500000000000002       309.9348016614041
-1.3749962136898648       -0.1543576816413823      0.75                     311.6837653796792
-2.807173320809076        0.41713089545045395      0.37500000000000167      309.69555546720187
-2.827009910683815        0.11418205352524802      0.7500000000000002       309.5729781584637
-2.2841303926369525       0.15480967383930144      -0.7500000000000001      309.9646620852728
-2.8076392361410596       0.4441377363994249       -0.3750000000000008      309.6136040742886
-2.8830484241727548       0.10538361399777751      -0.7500000000000002      309.5344308330761
-3.212747847541984        0.632391178265048        -0.7500000000000001      308.4309600203558
-0.9617516174580902       -0.4921071473587336      0.1906249999999981       313.680347133235
-1.160397173362429        -0.39715931131185744     0.003125000000000025     313.7810432115387
-0.854098346204385        -0.7282319729908181      0.28124999999999867      312.60497585577014
-1.1998219119959361       -0.48978424442610313     0.3874999999999996       312.3641132341209
-1.086089911968881        -0.5516233100990882      0.7500000000000001       311.6090486761304
-0.6951328694496328       -0.22926228294879003     -0.75                    313.5018896172733
-0.783179634458716        -0.6208360738773367      -0.39999999999999875     313.06944350827695
-0.9199260227708443       -0.3930572243023486      -0.44168096243405497     313.44149023656416
-1.2760058520376996       -0.31855232580718634     -0.14499289772727225     313.6255733917214
-1.4438624169793528       -0.19999999999999996     0                        315.0887382369438
-1.6068215915381665       -0.10756266723627897     -0.36914062500000033     312.2648310631887
-2.4542630870256987       0.19999999999999996      0                        312.26303898010434
-1.861002180719086        0.19999999999999996      0                        313.61331279896706
-2.110707692024514        -0.022595163080350446    -0.3749999999999983      311.226706300625
-2.1096568952784915       -0.014826665136278507    0.3750000000000022       311.22831823457483
-1.8484872416199176       -0.02314284055151883     0.7500000000000002       310.710058505801
-1.321842164487642        -0.3448921222130535      0.19375000000000037      313.1699005835756
-1.6456550992553485       -0.19999999999999996     0                        314.3211485524997
-1.9372849914120678       -0.19999999999999996     0                        313.409638989654
-1.257277699517122        -0.1923723430059736      -0.7500000000000001      311.95805708547607
-1.8065445150808062       -0.03419320352381994     -0.7500000000000002      310.7959599492241
-1.6065988680074323       -0.45375683380265797     0.3749999999999993       311.54324183105024
2.754866892563618         -1.4036378097446502      -0.23479146682791607     304.7372949606878
2.682220294083186         -1.9500000000000002      0.10000000000000002      304.49816555567423
2.450057001452962         -1.3187300418226087      -0.7500000000000001      305.01835307186445
2.6287077093144715        -1.7200000000000004      -0.7500000000000001      304.63892209316674
2.682220294083186         -1.9500000000000002      -0.10000000000000002     304.4928026946419
2.5876064768327574        -1.8596624913367337      -0.3553016549179273      304.66197026263916
2.5849197591894812        -1.8595693468556285      0.35556488932105107      304.66740479354524
2.565188815828909         -1.611526019705886       0.16813991865595665      304.81782273791504
2.4481573375746284        -1.2730520394117715      0.236279837311909        305.1893893727576
2.3465158825102885        -1.2085368922088597      0.75                     305.2222703500842
2.0298894071125253        -1.7200000000000006      0.7500000000000001       305.3294886698934
2.25068551426636          -1.8434036770511706      0.4012504778988663       305.0054264219684
2.305345629694174         -1.300977418526062       -0.17765082745896293     305.375193044101
1.9500793765826996        -1.2887297875172965      0.330970766572132        305.95285970641714
2.0210046732669316        -1.8613871216520743      0.35042769967892123      305.19457380748617
1.6432935599484206        -1.4145044630406272      0.40661373782637866      306.3786528361994
1.418508944482161         -1.7200000000000002      0.7500000000000001       306.34032999951563
1.7939946971266645        -1.064492866718865       -0.7500000000000001      306.309092587813
1.793287499176454         -1.8303195086151791      0.43822747565275644      305.6187055147562
1.541983971977727         -1.8653452399594421      0.33924171315809837      305.99944789622305
1.5632895798876463        -1.3562662550420967      -0.17920892400878838     306.6744728612641
0.9242582598324779        -1.106901794435565       0.025842075540795355     309.07683143714434
0.7575293385077733        -1.1688337772134134      -0.29375000000000007     309.2744023541582
1.189807187777194         -1.1784357708283253      -0.2980724876364543      307.95217929424246
0.7445673848353179        -1.366116126074915       0.3053746125618771       308.58144446381914
0.7949658268052692        -1.7200000000000004      0.7500000000000001       307.45707982308016
1.12773650122777          -1.343868945834073       0.21424479785754746      307.7426614793358
1.3099910208410621        -1.8634471925991773      0.34460576004580384      306.45972150960637
1.1391872602173594        -1.075131716123685       -0.7500000000000001      307.96218090707157
1.39527259430296          -1.7200000000000002      -0.7500000000000001      306.3864691835183
1.2699783976554768        -1.6469344729170348      0.05712239892877389      306.79231622412976
0.9892060551645739        -1.8337652199777357      0.4284895957150962       307.022215920979
0.7508951491808747        -1.8594992981712013      0.35576285299443267      307.21524029895363
0.5270981950274107        -1.8341564822423764      0.42738385453241534      307.68889134578797
3.375000000000001         -1.9500000000000002      -0.09999999999999998     303.68262150032484
2.9750000000000005        -1.9500000000000002      -0.09999999999999998     303.6839017581223
0.5674999999999982        -1.2249999999999999      -0.024999999999999762    309.6940776137199
-0.10263923380956222      -0.6868521172140795      -0.20759829807950478     315.0699267418075
-0.2625739088363392       -0.6758191435811773      -0.11230060796164545     315.66415973670513
0.031240146871816372      -0.8293872147878245      -0.09342503935485866     313.8220470506304
0.3360018525456801        -0.973637578362681       -0.340655535519197       311.4627619992656
0.12801059353168665       -0.7247377885422266      -0.75                    312.2326581504595
0.017839101464709642      -0.814600182760281       -0.390616942216148       313.00561112282816
0.6691560670376857        -1.4725000000000015      -0.38750000000000095     308.36448433329565
0.4439060046507395        -1.1795874253649248      -0.7500000000000001      309.4906510658599
0.7708121340753715        -1.7200000000000004      -0.7500000000000001      307.48864339206676
0.22695784688690174       -1.2200834146591677      -0.01875000000000013     310.4731346509581
0.3613982684428656        -1.388363306315757       0.39650442726620666      309.2633491601627
0.1720887699744118        -1.7200000000000004      0.7500000000000001       308.3789915785756
0.2782024798453371        -1.8653925466250412      0.3391080204074932       308.003942292762
-0.30679215311309865      -0.8575834146591653      -0.031249999999999268    313.5451397243143
-0.1418590335983826       -0.9089393476521433      0.16874999999999832      312.97362348753717
-0.3255181086723237       -0.9601145756104813      0.3666490521053319       312.0749905876627
-0.10719916069882358      -1.1767464195377773      0.36249175122498134      310.8333416209388
-0.16873117863707776      -1.2037263722620233      0.7500000000000001       310.1205127908183
-1.0029168742883598       -0.4610574802126029      -0.18916008716857624     313.6867248771638
-1.2551108429483886       -0.47083607387734105     -0.37499999999999917     312.3135528859641
-1.351578942045731        -0.6416993975258717      9.02514930174685E-17     311.871380663604
-0.8974067136648286       -0.7269933500944646      -0.042386061952703925    312.7655882352486
-0.6135225672731784       -0.8936021754958501      0.08109727390463486      312.5572753244414
-0.6214156811011441       -0.9132819800574616      -0.2309106486879405      312.2208123476909
-0.7662352927472242       -1.030282129963593       0.1658340908817062       311.3282352782098
-0.7430742675020543       -0.9488435581097845      0.3894738984163692       311.5180391470659
-0.43351540458140575      -0.8756419381310586      -0.38750000000000084     312.44853218569
-0.4485352927294768       -0.7155563062402197      -0.75                    312.3113805417731
-0.8225135920243823       -1.188879104960217       0.7500000000000001       309.82891520649673
-3.563079252745238        0.41619558913252674      -0.37499999999999983     309.41473372833303
-3.161654266544223        0.19999999999999996      0                        311.5944107533077
-3.9134106579484977       0.19999999999999996      0                        311.78404797095305
-3.4983471555757633       0.45153383008047243      0.37499999999999933      309.2992148375934
-4.95                     0.15684376089951702      0.1                      309.9475995582268
-4.95                     -0.01218079836666079     0.3203700465900603       309.9677804704381
-4.95                     -0.21580325009160273     0.10000000000000002      311.00801600824235
-4.645                    0.19999999999999996      0                        312.14818841011044
-4.95                     -0.1901987005758662      -0.10000000000000002     310.8916238582996
-3.4930016637557073       0.07202375084694235      0.7500000000000001       309.52614351603654
-4.245889403301598        0.14159888936624143      0.7500000000000001       309.39898470211307
-4.95                     -0.004846526859609845    0.7500000000000001       309.1377158796244
-4.583650867450146        -0.4087590077266267      0.7500000000000001       310.4664753118786
-4.95                     -0.40540521376003874     0.3936675475623614       310.75784432717006
-4.95                     -0.6139059893046312      0.7500000000000001       310.4318700651986
-3.6530780010834363       -0.009419395701277145    -0.7500000000000002      309.6483867628937
-4.529313838810005        -0.06778196650208787     -0.3750000000000016      310.6555984613048
-4.950000000000001        -0.010059213015802999    -0.3232257679409836      310.00165820555884
-4.413627677620008        -0.33556393300417287     -0.7500000000000001      310.38793913143417
-4.95                     -0.4161762680588199      -0.3910588097617978      310.82320935808957
-4.95                     -0.6110817810674641      -0.75                    310.41856655093903
-2.3011467755982395       1.7039384661328234       0.004262212513981383     306.9885107592188
-2.445126087824869        1.453201862924506        4.7823940894660226E-4    307.5197117061179
-2.479270426944879        1.585971343134316        -0.3999999999999964      307.2099861113656
-2.9123807887149282       1.20540715994186         -0.75                    307.38133063727315
-2.560798609035853        1.7200000000000004       -0.7500000000000001      306.8403594635256
-2.397779705916812        1.9500000000000002       0.10000000000000002      306.63113664045784
-2.550875634631849        1.8676048406263546       0.33285588518639153      306.7734587551094
-2.5508756346319332       1.867604840626353        -0.33285588518639503     306.77383707319024
-2.397779705916812        1.9500000000000002       -0.10000000000000002     306.62532472894685
-3.3553298005875356       0.996840244149845        1.3607170945562078E-15   308.04915903778425
-3.0995259014129166       1.3231391144329039       0.3187748943563371       307.3365490544868
-3.5242237326098964       1.2009803081867132       0.7500000000000001       307.1151483930203
-2.860417599234262        1.843481169757219        0.40103147677307655      306.58755241556366
-3.186355611219612        1.7200000000000002       0.7500000000000001       306.5073760402639
-2.6804142223679355       1.666202006729534        0.1870260133186072       306.93682776188217
-2.934442464201354        1.4152365514387746       -0.15373472886699954     307.25641916402293
-3.557650517231922        1.2869937652974928       0.32628130768248836      307.21378391588377
-3.809896659589407        1.7200000000000002       0.7500000000000001       306.29718715093327
-3.249066188633535        1.330369786725705        -0.4518673644334986      307.1973297037191
-3.56368991306572         1.2455030220126344       -0.7500000000000002      307.0172522914231
-3.186355611219903        1.7200000000000004       -0.7500000000000002      306.50735154698936
-3.4681161735672226       1.8383355772958638       0.4155733685116903       306.33648582488865
-1.7049999999999992       1.9500000000000002       -0.09999999999999998     305.1108967000965
-2.1049999999999995       1.9500000000000002       -0.09999999999999998     305.1096049942219
-4.48508755573363         1.0145793590630399       0.20566691435407253      307.4194967466337
-3.8800228490575024       1.5510601966044515       0.33073892335746974      306.6094022685818
-4.269642938636024        1.4247275313639063       0.2880928322751651       306.6237248828578
-4.020175111467263        1.0397951157624234       1.498107193853571E-15    307.6705129238694
-3.909643277643194        1.4934763311648234       0.057450515757837405     306.71264559014134
-3.7918317359721323       1.861608931716398        0.34980084514931226      306.25199457706384
-4.14883425687471         1.3071263996732483       -0.7500000000000001      306.66916983132256
-4.079855345532026        1.844004288254451        0.3995530984113361       306.13223822655056
-4.661179444689092        1.4079576727376761       0.17091789517973427      306.432138702038
-4.609941397422735        1.2291169188301525       -0.3019447264729305      306.8043604467676
-4.58072331429119         1.3662135563929043       -0.75                    306.331874991868
-4.950000000000001        1.4903806528771266       -0.4109815508790518      306.06715361314804
-4.95                     1.7199999999999998       -0.75                    305.7187100173584
-4.703399946082995        1.806109695406605        -0.5066465129813352      305.85273338280615
-4.4170151195196174       1.7200000000000002       -0.7500000000000001      306.0219327584218
-4.950000000000001        1.6075896613771405       0.10000000000000002      305.89851056380814
-4.95                     1.845648771681249        0.3949056452486446       305.6699664848349
-4.95                     1.6077970771865444       -0.10000000000000002     305.9028944077408
-4.95                     1.8456487716812489       -0.3949056452486451      305.6646623536821
-4.2994917799216          1.6697852964547042       0.2864349758628925       306.1631873381421
-4.519590478223659        1.8470753195111496       0.3908740970337087       305.8543964499271
-4.337588642937546        1.86235388800168         0.34769553390829666      305.8901442034692
-4.519590478223676        1.8470753195111496       -0.39087409703370835     305.8438222851337
-4.680394132671681        1.897824385840625        0.24745282262432228      305.60750274725746
-2.664614549720265        -0.26925228431246523     0.3749999999999999       310.4914028128675
-2.3658541196965097       -0.33850456862493694     0.7500000000000002       309.9077934893635
-1.7693353190355148       -0.7075136676053102      0.75                     309.9578488339791
-3.103694673087193        -0.4977149849801068      0.7500000000000001       309.66168286136605
-2.36697768469252         -0.377847588735989       -0.7500000000000002      309.86768478890315
-2.9633749797440183       -0.19999999999999996     0                        311.7127061220713
-2.665176332218267        -0.28892379436799076     -0.37500000000000083     310.4720002893521
-3.3082264904137246       -0.10470969785063669     -0.37500000000000233     310.4135693519366
-3.129318091490852        -0.5619882326102631      -0.7500000000000002      309.6561091262202
-1.2192597804101533       -0.9021798030171881      0.33303666264052967      310.88522982581054
-1.4282000620666526       -1.2341698038830307      0.7500000000000002       309.0959143821772
-0.9360392090891894       -0.9689805454557582      -0.43057129737588185     311.0092826150428
-1.0663592689174308       -0.74167214775468        -0.7500000000000001      311.0425276390952
-1.5319683576329717       -0.5446259371468063      -0.18338474538676863     311.7102606278468
-1.862587178803562        -0.4443790295252989      -0.3749999999999978      311.09047614809964
-2.3731688128975703       -0.19999999999999996     0                        312.41629297744794
-2.118988424809805        -0.5804293470005526      0.37499999999999917      310.4168685857465
-1.7726648527714621       -0.5807319657334084      2.773983507987212E-15    311.23375698836685
-1.7878893661950495       -0.6887580590505954      -0.7500000000000001      309.9699701566396
-1.77868079862276         -1.1491716410965196      0.37499999999999983      309.425915551552
-1.6080447141308518       -0.9614639314668137      2.5972279882324764E-15   310.24545350527416
-1.949316883114668        -1.3368793507262264      0.7500000000000001       308.55809736615527
2.3515626678054966        -1.6254887092630304      -0.1388254137294828      305.03248201800227
2.082828921089251         -1.5797686284599217      -0.2680343377382712      305.38920306475325
2.0134715600874866        -1.7200000000000002      -0.7500000000000001      305.36041663277064
2.3977797059168156        -1.9500000000000002      0.1                      304.75556247051463
2.319001913392502         -1.8457723340840637      -0.39455644715373395     304.93297496986287
2.3977797059168156        -1.9500000000000002      -0.1                     304.7524345241323
2.070662582980753         -1.864573991912652       -0.3414213272033758      305.1271259676101
2.1050000000000004        -1.9500000000000002      0.09999999999999998      304.30999673507
1.905000000000001         -1.9500000000000002      0.10000000000000002      304.30947753078533
1.958919480960998         -1.586095895441949       0.09308729313526067      305.526041874945
1.6144489393082375        -1.6165151841794918      0.0751048460320173       306.1174479596382
1.412220294083186         -1.9500000000000002      -0.1                     306.08422206941196
1.3077232904659484        -1.8596017288142244      -0.3554733750902368      306.4684576428917
1.5646000798981303        -1.826063574996374       -0.4502551141406832      306.045203592767
1.8603122124843285        -1.8585598383937807      -0.35841784801757776     305.38923216897143
1.412220294083186         -1.9500000000000002      0.1                      306.1010846485858
1.905000000000001         -1.9500000000000002      -0.10000000000000002     304.3094464741152
1.705                     -1.9500000000000002      0.09999999999999998      304.31226066920453
0.5197043285675323        -1.7201408092713182      -0.00360056999686773     307.45824519531334
0.4350000000000005        -1.9500000000000002      0.09999999999999998      305.3026934249004
0.9919778660638973        -1.5270815400581512      -0.18069239335070716     307.56588321651003
0.9813682506138862        -1.646934472917035       0.15712239892877514      307.2727290916163
1.127779705916815         -1.9500000000000002      0.10000000000000002      306.5364676898194
0.9809571686154415        -1.8371021055651322      -0.41905926688115014     307.02249422626085
1.127779705916815         -1.9500000000000002      -0.10000000000000002     306.53079995180974
0.5256003518933703        -1.829590480905562       -0.4402877713538471      307.7161725671313
0.7551230965455017        -1.8614098057737518      -0.35036359237852854     307.17894526411925
0.8350000000000009        -1.9500000000000002      0.09999999999999998      305.3003847349998
0.6350000000000007        -1.9500000000000002      -0.10000000000000002     305.29823425170133
0.6350000000000007        -1.9500000000000002      0.10000000000000002      305.29823717573737
0.1931601549329369        -1.4191603824478667      -0.36604626976956545     309.4291017155593
0.2714358636523802        -1.8653673423903054      -0.33917924976652924     308.01757263114456
-0.07744158289697171      -1.073352551611084       -0.26551026533100275     311.5629604388051
-0.4712000823261779       -1.2101105200686566      -0.3750000000000015      310.5808757153243
-0.0296216182554768       -1.520096999815474       0.3535482080895356       309.283593628149
-0.4556227321990228       -1.7200000000000006      0.7500000000000002       308.6107205582257
-0.11358430622619482      -1.215166829318335       -0.012500000000000504    310.8641681077842
-0.14773155219996384      -1.2148873815006378      -0.7500000000000002      310.06688604983697
0.14198674481327878       -1.7200000000000004      -0.7500000000000001      308.4227283059923
0.047955924187867545      -1.863447580093168       0.3446046649540908       308.35102711169253
0.14222029408318448       -1.9500000000000002      0.10000000000000002      307.96049313800853
0.03748059925553427       -1.6226133614431657      0.02811005541971633      308.90632138713346
0.14222029408318448       -1.9500000000000002      -0.10000000000000002     307.95514738380695
0.03856501310002791       -1.8634518706246161      -0.3445925395391291      308.36230474935775
-0.26237690219056375      -1.8339791482912595      0.4278850156986156       308.51082433837735
-0.38464951938283626      -1.2333624110148458      0.011105164611397229     310.7214632500563
-0.4474965025634647       -1.3979200231535125      0.2931792337502102       309.7979572198844
-0.5066497233038989       -1.8615501367277183      0.34996700489992805      308.2287730271648
-1.2211353908360654       -0.9732373678926329      -0.1886181673007338      310.7451288947904
-0.7537113118262798       -1.1806585085441432      -0.09878469188869296     310.6333616251859
-0.9652924432430593       -1.307854888474542       0.2767677953640294       309.79345869825715
-1.0892594304996959       -1.7200000000000004      0.7500000000000001       308.37933628227177
-0.4907262055520948       -1.5348372034003401      -0.3652901600525788      309.2190789514588
-0.7668236328803921       -1.2217882123131247      -0.7500000000000001      309.77731849418944
-0.45897025922477397      -1.7200000000000004      -0.7500000000000001      308.60486348965304
-0.8392995738996971       -1.854757382825949       0.3691639181005806       308.20213359729166
-3.6113266132853825       -0.19999999999999996     0                        311.6559693860445
-4.645                    -0.3723075090337493      0                        313.1301320607063
-4.95                     -0.5734602098926103      -0.10000000000000002     311.8353140629716
-4.95                     -0.6016823771059422      0.10000000000000003      311.86930720321885
-4.245                    -0.19999999999999996     0                        312.4927320712745
-4.038524382720212        -0.4949745709711544      -0.3749999999999971      311.352946245074
-3.870649008966904        -0.6686286604554644      0.75                     310.4759236636069
-4.414325433725075        -0.6328972335154874      0.3749999999999959       312.0226574561056
-4.545779006918848        -0.9199976743225415      0.7500000000000001       311.4823460476968
-4.950000000000001        -0.8369432119354205      0.4061582840627133       311.73659926550584
-4.95                     -1.2031401791284642      0.7500000000000001       311.5395879469582
-4.95                     -1.2170901158975855      0.36381428860881093      312.8229655511467
-3.8320487654404296       -0.7899491419423066      -0.75                    310.5278044823491
-4.529313838810006        -0.5873691233538437      -0.3750000000000017      311.864796669289
-4.53954425566435         -0.8876603746953573      -0.75                    311.4245494229891
-4.95                     -0.9831448635782604      0.10000000000000002      312.89465782019886
-4.645                    -0.839174313703521       0                        314.6936992468423
-4.95                     -0.9592149236473881      -0.1                     312.84352401449445
-4.950000000000001        -0.8371542590723129      -0.40630285450920073     311.7240121118311
-4.95                     -1.2016616819287602      -0.7500000000000001      311.5315060951599
-2.689001661144637        1.7647216325754198       -0.10270978790353687     306.74104611584266
-2.86041759923404         1.8434811697572209       -0.40103147677307266     306.5867511626342
-2.6822202940831836       1.9500000000000002       0.1                      306.5036057563174
-2.6822202940831836       1.9500000000000002       -0.1                     306.5181274026239
-2.974999999999999        1.9500000000000002       0.09999999999999998      304.96352660102787
-3.5735807682798493       1.429224587933122        -0.1749004225746541      306.9505536760657
-3.809896659589494        1.7200000000000004       -0.7500000000000001      306.3009215343341
-3.22059199433309         1.6757459000659731       0.18539381369967137      306.4724362787783
-3.178400438694827        1.876587730340278        0.3074694577339989       306.1932328692667
-3.062446962371102        1.7021962710296832       -0.11864708318204005     306.4322052329169
-3.6070749696337603       1.718839532748007        0.12268881229465357      306.3985999198804
-3.8219547586893032       1.7550025118633341       0.010816418540555869     306.3158451201242
-3.667779705916814        1.9500000000000002       0.10000000000000002      306.1104436100347
-3.667779705916814        1.9500000000000002       -0.10000000000000002     306.0914176253822
-3.7918317359721585       1.861608931716398        -0.3498008451493124      306.25210627996233
-3.1784004386949007       1.8765877303402776       -0.3074694577339992      306.1763727485886
-3.468116173567293        1.8383355772958363       -0.4155733685117673      306.3401222044372
-3.1749999999999994       1.9500000000000002       0.10000000000000002      304.9603672850246
-3.1749999999999994       1.9500000000000002       -0.10000000000000002     304.9603758881276
-3.3749999999999996       1.9500000000000002       0.09999999999999998      304.96234463224135
-4.31720870622052         1.553154065323196        -0.17273464392456242     306.34002031809
-4.038614502304217        1.6916895558002216       0.06643814048443893      306.2809822149313
-4.030857265408816        1.6525220746765934       -0.27261894683308036     306.3667277401692
-3.952220294083185        1.9500000000000002       0.10000000000000002      306.02424710273635
-4.07985534553205         1.844004288254451        -0.3995530984113361      306.13666211209545
-3.952220294083185        1.9500000000000002       -0.10000000000000002     306.030758902335
-4.337588642937566        1.8623538880016801       -0.34769553390829644     305.8964551620062
-4.244999999999999        1.9500000000000002       0.09999999999999998      304.8512031414994
-4.639443161970018        1.683259745384105        -0.06269931284978164     305.87946211364687
-4.788013460106036        1.829700491217906        -0.007389555209340793    305.59950093239513
-4.680394132671681        1.897824385840625        -0.24745282262432255     305.6055348300374
-4.95                     1.9500000000000002       0.10000000000000002      305.4488928210771
-4.95                     1.9500000000000002       -0.10000000000000002     305.4771126906453
-4.444999999999999        1.9500000000000002       0.10000000000000002      304.8492374019269
-4.444999999999999        1.9500000000000002       -0.10000000000000002     304.8492242365536
-4.645                    1.9500000000000002       0.09999999999999998      304.8498676687129
-2.50418309589214         -1.0329544195354998      0.7500000000000002       308.99339440224907
-2.6313779816121783       -0.7071018601984471      0.37499999999999906      309.9055875017403
-2.2513280325167235       -1.2378044812275957      0.45883380027934845      309.00251174844476
-2.31664530692188         -1.7200000000000002      0.75                     308.0581896465928
-3.279195880596613        -1.1185637844640637      0.7500000000000003       309.5877415906576
-3.337322797425556        -0.8641761398288355      0.3749999999999984       310.2883641078253
-2.6319397641101796       -0.7267733702539728      -0.3750000000000017      309.8917107932012
-2.514607806459069        -1.032834519079854       -0.7500000000000002      308.9967828409925
-3.2333204444582027       -0.7130821862195509      -0.1875000000000019      310.3549471371188
-3.2683617886727365       -1.1664343002004967      -0.7500000000000001      309.5461482747945
-1.4195869983127931       -1.3233158128191338      0.2888574052482374       309.337958870945
-1.7073470194403761       -1.7200000000000004      0.7500000000000001       308.0810281651096
-1.0888987837196629       -1.3171250170341795      -0.4611425947517649      309.5308885359402
-1.3679318404340841       -1.2507114555733105      -0.7500000000000001      309.11530676695327
-1.074603704299538        -1.7200000000000004      -0.7500000000000001      308.3894729119961
-1.1010023915720912       -1.5308903852413815      0.18219429847835414      308.9869082099413
-1.407336170691798        -1.8564471118460881      0.3643885969567082       308.18374643535793
-1.762390237199308        -1.1480242425800005      -0.37499999999999706     309.44476774272897
-1.4109739345589338       -1.4124618217552354      -0.17228518950352886     309.1389781012997
-2.252473278829347        -1.0185815416193866      -1.3183898417423746E-17  309.6199360894753
-2.279134936859441        -1.3692907708096924      -0.3750000000000001      308.84856791223586
-1.9167357602677593       -1.3345845536931886      -0.7499999999999999      308.5701442999661
-1.6932977499958788       -1.7200000000000004      -0.7500000000000001      308.0846839917038
-2.3057965948895385       -1.7200000000000004      -0.75                    308.05809963513605
-1.9984729691413108       -1.4426545429196924      0.167667600558698        308.73698284005144
-2.2706935046847185       -1.6381092174555567      0.2983630833349542       308.41449265141375
-2.0991800877191116       -1.8566510716963385      0.36381218868426235      307.9592551867239
-1.7444726594532727       -1.8667275442199993      0.3353352011173942       307.91645052063285
2.1050000000000004        -1.9500000000000002      -0.09999999999999998     304.3102612238304
1.705                     -1.9500000000000002      -0.09999999999999998     304.31318764968233
0.4350000000000005        -1.9500000000000002      -0.09999999999999998     305.3027908811428
0.8350000000000009        -1.9500000000000002      -0.09999999999999998     305.3016107006037
-0.1682489548118186       -1.5246110399563164      -0.22008497198631646     309.3398289752739
-0.2679139685736313       -1.7104036561395235      0.11833187503362858      308.62975824450126
-0.22291360339744148      -1.8340552505943009      -0.4276699439726297      308.5301448815686
-0.14222029408318582      -1.9500000000000002      0.1                      308.112502305924
-0.14222029408318582      -1.9500000000000002      -0.1                     308.11595794045974
-0.5102523287780163       -1.8595638867320206      -0.35558032010516        308.21808632845796
-0.43499999999999917      -1.9500000000000002      0.09999999999999998      306.0618181772597
-0.6148343062261938       -1.5776668293183362      -0.0500000000000031      308.925765753657
-0.634999999999999        -1.9500000000000002      0.10000000000000002      306.0588130848905
-1.0320227163451297       -1.4432822847571432      -0.06807129737588168     309.31468861667776
-0.7406122225958267       -1.8344930313584156      -0.4264327374653483      308.3447729888225
-1.1277797059168126       -1.9500000000000002      0.10000000000000002      307.96175411585904
-0.9945696331438258       -1.8654626376183097      -0.338909937165647       308.222121493893
-1.2139031549870105       -1.8634597120436567      -0.34457037900705767     308.250548877643
-0.634999999999999        -1.9500000000000002      -0.10000000000000002     306.058297949266
-0.8349999999999996       -1.9500000000000002      0.09999999999999998      306.0628594883669
-3.96754023439551         -1.0710455218302768      0.3912805943581656       311.8878627451871
-3.7533488383536193       -1.316188312405724       0.7500000000000001       310.62954807804533
-3.739160222229103        -0.7850588227619494      -0.09375000000000286     311.3073770570854
-4.245                    -0.8570354593043522      0                        314.75036016597556
-3.9882236197388425       -1.0512044945082673      -0.4218750000000015      311.8349901570848
-3.7439337093820373       -1.3522636605926668      -0.7500000000000001      310.60702108411084
-4.95                     -1.4959379742286432      0.45309947179556537      312.9236061936121
-4.633296043892806        -1.3696309650077807      0.7500000000000001       312.2312232373007
-4.95                     -1.7199999999999998      0.75                     311.88314134895063
-4.238860804686872        -1.2833448324590493      0.7500000000000001       311.87494199039395
-4.441930402343438        -1.2662944808808843      0.37500000000000133      313.5448264314836
-4.645                    -1.2492441293027108      0                        316.5795002095334
-4.95                     -1.2141129389346907      -0.36357233231820507     312.8119950013214
-4.629351772421648        -1.3884855665816815      -0.75                    312.232938309031
-4.95                     -1.3395871895155702      -0.10000000000000002     314.0041262205243
-4.95                     -1.3486707382972205      0.10000000000000002      314.01307999496555
-4.481413860479013        -1.7200000000000004      0.7500000000000001       312.35816538527894
-4.006356738585036        -1.7200000000000004      0.7500000000000001       311.30836594495946
-4.2936505853226          -1.8245545473358706      0.454519757529061        313.62181621037064
-4.721693874563305        -1.3974412529008893      0.3435498678882444       313.8235130342039
-4.671541518597518        -1.8070578399823998      0.5039669739627842       313.4452496645271
-4.95                     -1.8178729122781394      0.473402639213955        313.005917496036
-4.950000000000001        -1.6492735731916648      0.2982030208543086       313.9401554713164
-4.825909791389544        -1.5302831299910065      0.13628011581833732      314.9347437495511
-4.95                     -1.89095743693731        0.2668594173510809       314.27118104394407
-4.758639165558164        -1.8632650668417337      0.34512046327336265      314.45829411875087
-4.949999999999999        -1.4871117793422068      -0.4773490014301817      312.7927361499415
-4.95                     -1.7199999999999998      -0.75                    311.87841043680646
-4.237287017248588        -1.3173501662545837      -0.7500000000000001      311.89069860724493
-4.441143508624291        -1.2832971477786501      -0.37499999999999956     313.5722649010914
-4.643011488087459        -1.5360817064299672      -0.5011529180232397      313.32970582886696
-4.489409528003923        -1.7200000000000004      -0.7500000000000001      312.36209962448646
-4.81562364724603         -1.9130307899563495      0.20447820229727334      315.33127550973495
-2.974999999999999        1.9500000000000002       -0.09999999999999998     304.96300858284445
-3.3749999999999996       1.9500000000000002       -0.09999999999999998     304.9636349923621
-4.244999999999999        1.9500000000000002       -0.09999999999999998     304.85158217437055
-4.645                    1.9500000000000002       -0.09999999999999998     304.84990052528764
-2.90931572636434         -1.3978495758859804      0.37499999999999806      309.2774846490576
-2.9217296092008427       -1.7200000000000004      0.7500000000000001       308.56821271190296
-3.494586759449116        -1.7200000000000004      0.7500000000000001       309.68884859153155
-2.896901843527842        -1.0756991517719598      -2.6235957850673236E-15  309.75281000839266
-2.5429140402281236       -1.8335638919914177      0.42905856611121174      308.3267517495713
-2.647340774722329        -1.5128495758859795      0.04999999999999991      308.9743275186055
-2.8701975739676313       -1.863626483301811       0.3440990689296653       308.7481819001668
-3.5327688406065167       -1.4753186473387827      0.37500000000000017      310.55010704951377
-3.447807683485666        -1.2976623432438934      0.03687992117492052      310.597301291378
-2.9065847287815023       -1.3978495758859815      -0.3750000000000008      309.2726437933536
-2.585433445808688        -1.8350796944849224      -0.4247747764556552      308.3708878480492
-2.916267614035161        -1.7200000000000006      -0.7500000000000001      308.561475437612
-3.9304936522255334       -1.8437295988011801      0.40032939469231804      312.0379059862785
-3.558454585131998        -1.4712911539657232      -0.39999999999999747     310.60450105610494
-3.494534689940985        -1.7200000000000004      -0.7500000000000001      309.68465366063873
-4.011033622518281        -1.7200000000000004      -0.7500000000000001      311.33470656241303
-3.1791797841441696       -1.8582879340471972      0.3591862733448783       309.2726013614078
-3.5288771980843046       -1.864417361674172       0.3418639778773413       310.226730946641
-1.3006352857343113       -1.6959005099172193      -0.11345545881515487     308.4994466863007
-1.1277797059168126       -1.9500000000000002      -0.10000000000000002     307.98441395795413
-1.5622934991563966       -1.6366579064095665      0.19442870262411996      308.47341524802846
-1.509269237183447        -1.83518563149111        -0.42447538926425543     308.1737111422016
-1.4122202940831838       -1.9500000000000002      0.10000000000000003      307.9984395839393
-1.7716553158291382       -1.8595711901433525      -0.35555968002965704     307.93555400156305
-1.4122202940831838       -1.9500000000000002      -0.10000000000000003     307.96842047348895
-1.7049999999999992       -1.9500000000000002      0.09999999999999998      306.7793151726956
-1.8608859194819916       -1.6807104251826241      -0.11755046246079388     308.1515528578732
-2.328658549551573        -1.663357071147763       -0.2162105775175885      308.4320066627916
-2.0675058453426143       -1.8395092087027471      -0.412256584100933       307.99258534469703
-2.3977797059168156       -1.9500000000000002      0.1                      308.0521416817697
-2.3977797059168156       -1.9500000000000002      -0.1                     308.05323795768646
-2.309052100253383        -1.8627473727010928      -0.34658351193169507     308.098264250253
-1.9049999999999996       -1.9500000000000002      -0.10000000000000003     306.7773935983527
-1.9049999999999996       -1.9500000000000002      0.10000000000000003      306.77760199361416
-2.1049999999999995       -1.9500000000000002      0.09999999999999998      306.77992518166
-0.43499999999999917      -1.9500000000000002      -0.09999999999999998     306.06380538159465
-0.8349999999999996       -1.9500000000000002      -0.09999999999999998     306.06309767896073
-4.0375359549130225       -1.4880284637608827      0.25428951895802676      313.1961608818456
-4.174203114685296        -1.8954813782399023      0.2540743658437553       314.9895511058058
-4.245                    -1.3855754375831575      0                        317.320231694544
-3.8056691175323847       -1.690223521230485       0.04375000000000092      312.1731938828734
-3.9017272925659974       -1.4284332957744417      -0.19999999999999682     312.46891515685536
-3.9168585442732513       -1.8436297354336357      -0.40061161725276895     311.9437145674528
-4.27098377637446         -1.802019664540277       0.18447562459212197      316.4900583132566
-4.315273483028627        -1.9007149704487993      0.23928377916643745      316.4716561596515
-4.03645878039833         -1.9500000000000002      0.10000000000000002      314.27082878047634
-4.447028413182031        -1.6478796852299784      0.2849361233518137       315.29246369117504
-4.645                    -1.5605259765278556      0                        318.4265701169428
-4.790538075367052        -1.511740883679457       -0.17388326365093965     314.8850203846239
-4.95                     -1.650350926595245       -0.30002324431298183     313.911650075038
-4.95                     -1.6882791087384779      -0.10000000000000002     315.0033345814503
-4.95                     -1.6882685201309338      0.10000000000000003      315.0846138075712
-4.95                     -1.9500000000000002      0.10000000000000002      315.02360111516134
-4.544845095909782        -1.8892902989274933      0.2715708943353465       316.17278347494096
-4.718154380513601        -1.9122936138860545      0.2065615259741951       316.1491655793028
-4.729297571698609        -1.7490543506076666      0.17924103307522268      315.9761472747378
-4.95                     -1.8178726494428963      -0.47340338200920723     312.9912326707489
-4.66834240750653         -1.8068297160286446      -0.5046116720929614      313.4159067666916
-4.298183869944995        -1.8249796062198589      -0.4533185041612693      313.6270769603479
-4.949999999999999        -1.819136907217353       1.3877787807814457E-17   315.2330060292027
-4.300061916042935        -1.6343071678266712      -0.26331876245058344     315.06057933631723
-4.638405036746273        -1.7076449392999373      -0.22868295028709817     315.8022818844563
-4.788655435947917        -1.7974686222317766      -0.14664020351506707     315.86028875424387
-4.770490241224022        -1.8647328247785246      -0.34097245171286644     314.4236226214878
-4.95                     -1.8909537112565469      -0.2668699464488899      314.2526372894145
-4.833548181928523        -1.9133836928781434      -0.20348086795307355     315.2011023487713
-4.95                     -1.9500000000000002      -0.10000000000000002     315.01203471467085
-4.7879001173979026       -1.9500000000000002      0.10000000000000002      316.3139093978933
-4.829347743024222        -1.95                    -2.3214762360818274E-8   316.01276152255747
-3.0217367486888387       -1.6263222061391838      0.012099132025108568     309.3898110178399
-2.6822202940831867       -1.9500000000000002      0.10000000000000002      308.463520339937
-2.8665174159165767       -1.8647104893264888      -0.341035573642532       308.7469003913997
-2.6822202940831867       -1.9500000000000002      -0.10000000000000002     308.464871132684
-2.974999999999999        -1.9500000000000002      0.09999999999999998      309.4606042641513
-3.38364102830571         -1.6694129873102392      -0.03551744669929044     310.1672476261348
-3.1794170868395066       -1.8599360693207458      -0.35452849974571915     309.26780374273324
-3.7224538147615136       -1.9500000000000002      0.10000000000000003      311.25540784916893
-3.532832381784252        -1.8647242401850486      -0.34099671252051544     310.23845594171206
-3.7224538147615136       -1.9500000000000002      -0.10000000000000003     311.2529412710157
-3.1749999999999994       -1.9500000000000002      -0.10000000000000002     309.4625134327293
-3.1749999999999994       -1.9500000000000002      0.10000000000000002      309.4625018181582
-3.3749999999999996       -1.9500000000000002      0.09999999999999998      309.46392836695554
-1.7049999999999992       -1.9500000000000002      -0.09999999999999998     306.78022092098394
-2.1049999999999995       -1.9500000000000002      -0.09999999999999998     306.77943700625764
-4.444999999999999        -1.9500000000000002      0.10000000000000002      321.4908343800254
-4.444999999999999        -1.7560996312808392      0                        319.8609568969864
-4.345                    -1.9500000000000006      0.05000000000000002      321.48503105434844
-4.244999999999999        -1.9500000000000002      0.09999999999999998      321.4805947783138
-4.245                    -1.730608094847987       0                        319.5960177843191
-4.03645878039833         -1.9500000000000002      -0.10000000000000002     314.2602269403147
-4.314841651724735        -1.843396957959294       -0.12681908390157362     318.17380153555575
-4.172312256912753        -1.8988501425197548      -0.24455394505286773     315.04529293343364
-4.333545840715479        -1.901441871325062       -0.237229494081347       316.54442373023653
-4.16158351215933         -1.95                    1.0408340855860843E-17   317.42904540806074
-4.245                    -1.9500000000000002      0                        321.4396084593564
-4.345                    -1.9500000000000006      -0.049999999999999996    321.4844261270378
-4.645                    -1.9500000000000002      0.09999999999999998      321.4806701149004
-4.645                    -1.781591167713691       0                        320.0181218599147
-4.737096248498827        -1.8898724395837805      0.007117905863884701     317.6645926833426
-4.552057708347753        -1.8859053111811097      -0.2811371640533867      316.01283827806367
-4.7879001173979026       -1.9500000000000002      -0.10000000000000002     316.2747926179282
-4.498019090333716        -1.8273335284173264      -0.14460414644635938     318.071469059495
-4.669595882978113        -1.8553538343180742      -0.13395607846462684     317.53847250855455
-4.735114313987812        -1.911614898756735       -0.2084796339483581      315.98966674490254
-4.744733897340458        -1.9500000000000002      -3.226822216100163E-5    317.46496030352904
-4.645                    -1.9500000000000002      0                        321.44025132413844
-2.974999999999999        -1.9500000000000002      -0.09999999999999998     309.4603801464412
-3.3749999999999996       -1.9500000000000002      -0.09999999999999998     309.4640549215883
-4.444999999999999        -1.9500000000000002      0                        321.44942938930535
-4.444999999999999        -1.9500000000000002      -0.10000000000000002     321.4917758350635
-4.244999999999999        -1.9500000000000002      -0.09999999999999998     321.4798665601497
-4.645                    -1.9500000000000002      -0.09999999999999998     321.4859773948187
-4.538319509294305        -2.2433527917287046      -0.009375994344243356    321.59758638619695
-4.506253289198982        -2.3395743614352846      0.07475329002491571      321.6205592007245
-4.4449999999999985       -2.21                    0.10000000000000003      321.5793319492299
-4.645                    -2.21                    0.09999999999999998      321.5788716888672
-4.384400532224447        -2.1867620011560907      0.008541071476384334     321.5734128376781
-4.370181541021782        -2.3287702705346285      0.07895323070663565      321.6172189416087
-4.244999999999999        -2.21                    0.09999999999999998      321.57876860441195
-4.427315101253155        -2.311724542495629       -0.028141474254326233    321.6270881273065
-4.337325544837911        -2.2293835714683405      -0.015360327259399845    321.59226775645465
-4.244999999999999        -2.3695126530504766      0.06079019070258763      321.62920310875325
-4.244999999999999        -2.21                    -0.09999999999999998     321.5903240573743
-4.389342448779081        -2.4489321032839415      0.002877158717900185     321.65877709726703
-4.537463752292143        -2.446095201532712       0.005624197131091918     321.6574921502155
-4.644999999999999        -2.3695126530504766      0.06079019070258763      321.6296007577143
-4.554920698415983        -2.398458339792784       -0.07773191133677522     321.66714075260086
-4.445                    -2.21                    -0.10000000000000003     321.5896429924915
-4.521578822343487        -2.30928784258493        -0.14029794385269706     321.659192079469
-4.645                    -2.21                    -0.09999999999999998     321.5906220659836
-4.645                    -2.3876685667524646      -0.11284391977655375     321.6757771887165
-4.442655953651367        -2.4146183538766732      -0.12274757121712279     321.68587986507214
-4.245                    -2.3876685667524646      -0.11284391977655353     321.6756219772578
-4.380315764468698        -2.309287842584931       -0.1402979438526971      321.65955964330936
-4.244999999999999        -2.498990384422142       -0.05927219782117992     321.6819044062516
-4.244999999999999        -2.3510000000000004      -0.23900000000000063     321.7305623382013
-4.367129145980912        -2.526202780977243       -0.11253154561142466     321.7000719391675
-4.245                    -2.4547737240877527      -0.16288073615808632     321.7072177211276
-4.444999999999999        -2.3510000000000004      -0.2390000000000007      321.7313823967412
-4.551164246677808        -2.425418716991091       -0.18421423689587557     321.7120457592243
-4.505630297063552        -2.521598960198043       -0.10169133821811947     321.6965718592474
-4.480050109177922        -2.466926780308801       -0.19963711936125003     321.7231451334777
-4.645                    -2.498990384422143       -0.05927219782118105     321.68184344243906
-4.644999999999999        -2.4547737240877527      -0.16288073615808749     321.7072878167556
-4.645                    -2.3510000000000004      -0.23900000000000066     321.73085177986655
-4.342575898770059        -2.4535381924457633      -0.23571530571520305     321.7368215863825
-4.244999999999999        -2.551                   -0.23900000000000063     321.74179023354645
-4.244999999999999        -2.449044019733836       -0.3561637403784278      321.7894501834621
-4.380807673168949        -2.435785355387346       -0.3457316565206833      321.78493242918444
-4.444999999999999        -2.5510000000000006      -0.2390000000000007      321.742159425898
-4.645                    -2.551                   -0.23900000000000066     321.7418271289117
-4.444999999999999        -2.3510000000000004      -0.5610000000000006      321.87807096508374
-4.372493839763994        -2.3700113180711404      -0.6729296360997878      321.9167436057522
-4.244999999999999        -2.3510000000000004      -0.5610000000000006      321.8771530439335
-4.383905953022115        -2.4574916933969595      -0.5202010593167673      321.8643904229248
-4.4546341886320375       -2.4447677764780633      -0.6237075997221103      321.9087678136167
-4.511862979349947        -2.3781277953478734      -0.6938786211751984      321.92522400910053
-4.53287609834129         -2.4677657567480225      -0.5417148073318525      321.8752108873802
-4.645                    -2.3510000000000004      -0.5610000000000006      321.8779787335987
-4.444999999999999        -2.5510000000000006      -0.5610000000000006      321.88952576794475
-4.519352877314616        -2.5510000000000006      -0.39972812827362575     321.8101905131906
-4.371280635281398        -2.551                   -0.39971374020108286     321.81008407799806
-4.244999999999999        -2.551                   -0.5610000000000006      321.8891008163152
-4.244999999999999        -2.4508010194722987      -0.4402333047028347      321.82728609566533
-4.368527916691633        -2.591712157415071       -0.6592878425849305      321.9631187733429
-4.245                    -2.4940906804514165      -0.6736679745865565      321.93688180995025
-4.244999999999999        -2.40174733764468        -0.7394135719194879      321.9397292532722
-4.430471567072901        -2.4296300325685234      -0.7780909488203775      321.95633669344494
-4.5097055833383255       -2.591712157415071       -0.6592878425849303      321.96520580522713
-4.546482549857261        -2.4460319573630804      -0.7963733081126877      321.96563639471464
-4.645                    -2.40174733764468        -0.7394135719194879      321.94178258286627
-4.645                    -2.4940906804514165      -0.6736679745865565      321.939213686917
-4.645                    -2.4508010194722987      -0.4402333047028347      321.82762292950616
-4.645                    -2.551                   -0.5610000000000006      321.88995325035086
-4.396531013813525        -2.580065279020297       -0.7802395770021331      321.9997474160921
-4.244999999999999        -2.6900000000000004      -0.6999999999999997      322.02830621959396
-4.245000000000001        -2.52447403951773        -0.8568414379467857      321.9947096308184
-4.444999999999999        -2.690000000000001       -0.7                     322.03200556348645
-4.3774563567108435       -2.5243708777212777      -0.8567836943666434      321.99675725675775
-4.544406644991643        -2.6306341861332547      -0.7938664574020626      322.0269703506217
-4.507852560913223        -2.548192538678432       -0.8689149946227561      322.01019963472135
-4.6450000000000005       -2.52447403951773        -0.8568414379467857      322.00102927345887
-4.645                    -2.6900000000000004      -0.6999999999999997      322.03604945325867
-4.531406831693979        2.1817147427371757       0.009831128441923189     304.8466809810833
-4.444999999999999        2.21                     0.10000000000000003      304.84650464148586
-4.532929510892659        2.3335862320778267       0.07713343517352643      304.8455264634008
-4.645                    2.21                     0.09999999999999998      304.8464179924769
-4.395522253123581        2.3457766061498266       0.07214782785522418      304.84546343098043
-4.480924684102937        2.3316060675375225       -0.03136484993425494     304.84520441778744
-4.371950355691444        2.3118347180674754       -0.0345758604075428      304.84536769594007
-4.245                    2.380133787014862        0.05494874485240864      304.8451908442552
-4.244999999999999        2.21                     0.09999999999999998      304.8465374453576
-4.244999999999999        2.21                     -0.09999999999999998     304.8463070967157
-4.5130267920418525       2.4342185029480676       0.016465397162315088     304.8447531762164
-4.387926141370075        2.4647838954435852       -0.013737465731776045    304.8444964819806
-4.644999999999999        2.380133787014862        0.05494874485240864      304.8451539239982
-4.645                    2.21                     -0.09999999999999998     304.84618072616655
-4.645000000000001        2.3498500326391305       -0.10109778213515007     304.8446109908254
-4.509684235531302        2.309287842584931        -0.14029794385269706     304.8446572178886
-4.444999999999999        2.21                     -0.10000000000000003     304.84626522575724
-4.354673017403372        2.3976742874888513       -0.06651197778739144     304.8445673672569
-4.368421177656512        2.30928784258493         -0.14029794385269706     304.84466295191214
-4.245000000000002        2.3498500326391305       -0.10109778213515007     304.8446321380374
-4.245                    2.5049487459539583       -0.06913416154159048     304.8440307916492
-4.244999999999999        2.3510000000000004       -0.23900000000000063     304.8431867496087
-4.445251591147957        2.4081668466622905       -0.1196728432974016      304.8441586973767
-4.366552665579681        2.5295332317539936       -0.12109844295234491     304.8437171452065
-4.498619569309296        2.524383372934524        -0.10812179267149181     304.8438033580528
-4.645                    2.5049487459539583       -0.06913416154159048     304.84401688209664
-4.546775313179777        2.430846168631624        -0.21414651373732196     304.84330023312737
-4.444999999999999        2.3510000000000004       -0.2390000000000007      304.8432004331279
-4.645                    2.3510000000000004       -0.23900000000000066     304.8431753619581
-4.347014014600084        2.4404849140306895       -0.22941801286594266     304.8431563447884
-4.244999999999999        2.551                    -0.23900000000000063     304.8429324655485
-4.244999999999999        2.4490440197338366       -0.3561637403784281      304.8421007604225
-4.3712806352813995       2.3510000000000004       -0.3997137402010827      304.8417932370477
-4.444999999999999        2.5510000000000006       -0.2390000000000007      304.8429631094476
-4.485505635297189        2.4577375102396153       -0.311561200393111       304.8424793582229
-4.645                    2.551                    -0.23900000000000066     304.84292725357733
-4.34585666634287         2.4437066303921537       -0.6218956873730288      304.8402940110354
-4.362692171833031        2.3760880229414356       -0.6889854314333608      304.8400666641974
-4.244999999999999        2.3510000000000004       -0.5610000000000006      304.8406672502004
-4.444999999999999        2.3510000000000004       -0.5610000000000006      304.8407022537686
-4.393578725796607        2.465861181253636        -0.5241146068976682      304.8408988793351
-4.444999999999999        2.5510000000000006       -0.5610000000000006      304.84055968367596
-4.519352877314615        2.5510000000000006       -0.3997281282736256      304.8417674754884
-4.3712806352813995       2.551                    -0.3997137402010827      304.8417657581184
-4.545                    2.4510000000000005       -0.5610000000000007      304.8406593525017
-4.244999999999999        2.4508010194722987       -0.4402333047028347      304.84146856939293
-4.244999999999999        2.551                    -0.5610000000000006      304.8405110656882
-4.380294416661675        2.591712157415071        -0.6592878425849303      304.83955801812124
-4.245                    2.521001479296415        -0.7299985207035848      304.8395199663741
-4.245                    2.3964172803185906       -0.730499813287411       304.83984767077203
-4.440561930589315        2.509711445346682        -0.6918430269443884      304.8397713098346
-4.3714062868717285       2.4535850526715706       -0.8039587880273028      304.83950326005845
-4.506762220898027        2.3962803712364784       -0.7302624579728743      304.8398805552289
-4.645                    2.3510000000000004       -0.5610000000000006      304.8406676447167
-4.644999999999999        2.3964172803185906       -0.730499813287411       304.83985701858654
-4.645                    2.521001479296415        -0.7299985207035848      304.8395303987303
-4.645                    2.4508010194722987       -0.4402333047028347      304.8414682665509
-4.645                    2.551                    -0.5610000000000006      304.8405133805106
-4.521472083308368        2.591712157415071        -0.6592878425849303      304.83957432150333
-4.444999999999999        2.690000000000001        -0.7                     304.83877639879745
-4.357633570135995        2.5661626118400234       -0.8765713885853965      304.83899384088954
-4.244999999999999        2.6900000000000004       -0.6999999999999997      304.83868937442907
-4.245                    2.52050018671259         -0.8545827196814098      304.8391414171318
-4.545727318939378        2.634460851720949        -0.7920219938854167      304.8389114291825
-4.493568176768447        2.550810480810533        -0.8701072269420512      304.8390729437544
-4.644999999999999        2.52050018671259         -0.8545827196814098      304.8391620186756
-4.645                    2.6900000000000004       -0.6999999999999997      304.83871248602924
-3.0831293632230494       -2.235039098078068       -0.010441214778592169    309.4635328942187
-3.174999999999999        -2.21                    0.10000000000000003      309.4633159948766
-3.1245023618797276       -2.3471612943133673      0.07154630784348663      309.46396313907286
-2.974999999999999        -2.21                    0.09999999999999998      309.46304545385175
-2.975                    -2.3801337870148624      0.054948744852408554     309.4639995481816
-2.974999999999999        -2.21                    -0.09999999999999998     309.4632814961931
-2.9749999999999996       -2.38036249087728        -0.06998824316885269     309.464691733171
-3.2613004580579243       -2.1750481622743556      0.011548661620147341     309.46336186343154
-3.3749999999999996       -2.21                    0.09999999999999998      309.4633371045815
-3.257665749063066        -2.333261168655992       0.07725889528722571      309.46392568389876
-3.1877342323281734       -2.3235237621463685      -0.04150344301745186     309.464330544067
-3.11524618855603         -2.469857014159063       -0.01955942700887722     309.4648949901143
-3.2392267254854583       -2.4357846411167023      0.015093835907564454     309.4646078647397
-3.3749999999999996       -2.3801337870148624      0.054948744852408554     309.4641023472342
-3.3749999999999996       -2.21                    -0.09999999999999998     309.4635555734258
-2.975                    -2.5049487459539583      -0.06913416154159048     309.46521388418364
-3.0968648037065787       -2.4348567856775465      -0.10681654064348543     309.46538988582694
-3.174999999999999        -2.21                    -0.10000000000000003     309.4635446095676
-3.110315764468697        -2.30928784258493        -0.14029794385269706     309.4648288622593
-2.974999999999999        -2.3510000000000004      -0.23900000000000063     309.46652927332883
-3.374999999999999        -2.38036249087728        -0.06998824316885269     309.4647532838868
-3.2515788223434883       -2.30928784258493        -0.14029794385269706     309.46486432025586
-3.2011832481386326       -2.41254760099613        -0.14060978944611016     309.4656455615504
-3.0956875238650774       -2.531524800252938       -0.1265766672028423      309.46583094600805
-3.227385317515716        -2.5243013320598906      -0.10792700756968374     309.4656909367372
-3.3749999999999996       -2.5049487459539583      -0.06913416154159048     309.4652583519905
-3.3749999999999996       -2.3510000000000004      -0.23900000000000066     309.4665686841074
-3.174999999999999        -2.3510000000000004      -0.2390000000000007      309.46671312588853
-2.974999999999999        -2.551                   -0.23900000000000063     309.4668203940001
-3.1240535012652435       -2.4389881433193157      -0.26269692230606484     309.46721924993375
-2.9749999999999988       -2.449044019733836       -0.3561637403784278      309.46847907414616
-3.101280635281398        -2.3510000000000004      -0.39971374020108286     309.46920645044605
-3.2678081959546916       -2.4421375538283914      -0.23775822275459577     309.466884237133
-3.174999999999999        -2.5510000000000006      -0.2390000000000007      309.4669640148776
-3.374999999999999        -2.449044019733836       -0.3561637403784278      309.4685147662553
-3.3749999999999996       -2.551                   -0.23900000000000066     309.4668447432013
-3.2493528773146156       -2.3510000000000004      -0.3997281282736257      309.46923902101105
-3.26627126700443         -2.4518450616711256      -0.578562460840219       309.4726091539605
-3.2646157376249993       -2.3735937470682096      -0.6826884674308282      309.4739043022317
-3.3749999999999996       -2.3510000000000004      -0.5610000000000006      309.4719014655827
-3.1749999999999994       -2.3510000000000004      -0.5610000000000006      309.47196366684744
-3.1749999999999994       -2.5510000000000006      -0.5610000000000006      309.47252110352764
-3.2214080970978          -2.4644455716215368      -0.4263410554686826      309.46979558563385
-3.101280635281398        -2.551                   -0.39971374020108286     309.46926442523875
-3.090313369952803        -2.4614222046765395      -0.572476388629994       309.4724279508848
-3.1848700965120584       -2.5044184045862705      -0.6890279161117292      309.475188946363
-3.1295759309633193       -2.3793503485284964      -0.6967121735167242      309.4740067129704
-2.974999999999999        -2.3510000000000004      -0.5610000000000006      309.4717718240724
-2.9749999999999996       -2.3964172803185906      -0.730499813287411       309.4743173504748
-3.2537589501698405       -2.44244482308857        -0.792597569901652       309.4759865128952
-3.374999999999999        -2.3964172803185906      -0.730499813287411       309.47464215554095
-3.098527916691632        -2.591712157415071       -0.6592878425849303      309.4758857378241
-2.9749999999999996       -2.542850558703448       -0.7270047182154267      309.47598051119843
-2.9749999999999988       -2.4508010194722987      -0.4402333047028347      309.4698568550669
-2.974999999999999        -2.551                   -0.5610000000000006      309.47234764849463
-3.3749999999999987       -2.542850558703448       -0.7270047182154267      309.47667368584587
-3.3749999999999996       -2.551                   -0.5610000000000006      309.4725394343105
-3.239705583338326        -2.591712157415071       -0.6592878425849303      309.4761803156729
-3.2269315647440067       -2.6043607754756968      -0.7574899228067913      309.4783489236645
-3.1749999999999994       -2.690000000000001       -0.7                     309.4796063623489
-3.123740837655345        -2.519878462289567       -0.8542228886138281      309.4773243233923
-2.974999999999999        -2.59655239268559        -0.7894900873046456      309.47761850685487
-2.9749999999999996       -2.52050018671259        -0.8545827196814098      309.47696670895243
-3.260017891683068        -2.5633506465490403      -0.8754534007932715      309.4787826696942
-3.170364587448136        -2.689079018328553       -0.8081903153896521      309.4804287110072
-3.3749999999999996       -2.59655239268559        -0.7894900873046456      309.47887007540066
-3.3749999999999996       -2.52050018671259        -0.8545827196814098      309.4780530682181
-3.0720538263684616       -2.6930756596538643      -0.7918597966366471      309.479644397491
-3.1570333174055794       -2.767961406229914       -0.7                     309.48078130620286
-2.974999999999999        -2.6900000000000004      -0.6999999999999997      309.4788023687168
-2.974999999999999        -2.8500000000000005      -0.6999999999999997      309.48015200505967
-3.3749999999999996       -2.6900000000000004      -0.6999999999999997      309.4809279119749
-3.247070646936428        -2.7416157916704615      -0.8009466117833707      309.4821042677525
-3.0729692006317          2.224109322740593        -0.010396892093285096    304.9564664533355
-3.175                    2.21                     0.10000000000000003      304.95681245917984
-2.974999999999999        2.21                     0.09999999999999998      304.95680732050295
-3.1292400292921916       2.3459308879075977       0.07208116810930335      304.95527154428953
-3.175                    2.21                     -0.10000000000000003     304.95646140790984
-3.2612640428571056       2.3358316830088373       0.07625630573504949      304.95538882311223
-2.9749999999999996       2.380133787014862        0.05494874485240864      304.9548950234998
-2.974999999999999        2.21                     -0.09999999999999998     304.95644536774694
-3.374999999999999        2.380133787014862        0.05494874485240864      304.9548780405964
-3.3749999999999996       2.21                     0.09999999999999998      304.956739882591
-3.3749999999999996       2.21                     -0.09999999999999998     304.9563960842307
-3.242039586458778        2.43431058974827         0.016385218969970788     304.95426386646074
-3.239684235531302        2.30928784258493         -0.14029794385269706     304.9541322623167
-3.3750000000000004       2.3498500326391305       -0.10109778213515007     304.9540465025024
-2.9750000000000005       2.3498500326391305       -0.10109778213515007     304.95405299550566
-3.1179906949768506       2.4646732124050086       -0.013613380898685518    304.95386823341715
-3.098421177656512        2.30928784258493         -0.14029794385269706     304.9541211779416
-2.975                    2.5049487459539583       -0.06913416154159048     304.9531744544451
-3.162827159644533        2.4168187799672007       -0.12416989449075741     304.953228478953
-3.0970435762563713       2.5294788528678938       -0.12095286531818306     304.9527008668695
-3.227233141632555        2.5243497173494713       -0.1080418451288182      304.95283044053946
-3.3749999999999996       2.5049487459539583       -0.06913416154159048     304.9531716559091
-2.974999999999999        2.3510000000000004       -0.23900000000000063     304.9518822895966
-3.276602009720184        2.4308419616834924       -0.21413652029448774     304.95205200884254
-3.175                    2.3510000000000004       -0.2390000000000007      304.9518944003748
-3.3749999999999996       2.3510000000000004       -0.23900000000000066     304.95187715297357
-3.076998452818417        2.440479436593872        -0.2294037396809043      304.95182608498186
-2.974999999999999        2.551                    -0.23900000000000063     304.9515048431108
-2.9749999999999988       2.4490440197338366       -0.3561637403784281      304.95019664630195
-3.175                    2.5510000000000006       -0.2390000000000007      304.9515381698297
-3.215486748773063        2.45773654180112         -0.3115587737303238      304.9507766165675
-3.3749999999999996       2.551                    -0.23900000000000066     304.9515036702265
-3.101280635281399        2.3510000000000004       -0.3997137402010827      304.9497033585154
-3.123578725796607        2.465861181253636        -0.5241146068976682      304.94824447991664
-3.175                    2.5510000000000006       -0.5610000000000006      304.9476859749247
-3.2493528773146165       2.5510000000000006       -0.3997281282736257      304.9496635300866
-3.101280635281399        2.551                    -0.3997137402010827      304.9496592374401
-3.0758566663428706       2.4437066303921537       -0.6218956873730288      304.94724453157954
-3.0926921718330305       2.376088022941435        -0.6889854314333604      304.946873792687
-2.974999999999999        2.3510000000000004       -0.5610000000000006      304.94789778639364
-3.175                    2.3510000000000004       -0.5610000000000006      304.94793421396713
-3.275                    2.451                    -0.5610000000000005      304.9478533495558
-2.974999999999999        2.551                    -0.5610000000000006      304.9476268523113
-2.9749999999999988       2.4508010194722987       -0.4402333047028347      304.9491903219435
-3.110294416661674        2.591712157415071        -0.6592878425849303      304.9459711586673
-2.9749999999999996       2.521001479296415        -0.7299985207035848      304.9459230478695
-2.9749999999999996       2.3964172803185906       -0.730499813287411       304.94651743649086
-3.1691053271593184       2.510975549017744        -0.6881893180594726      304.9463618099408
-3.101406286871729        2.45358505267157         -0.8039587880273026      304.94589307064
-3.374999999999999        2.4508010194722987       -0.4402333047028347      304.94919110639745
-3.3749999999999996       2.551                    -0.5610000000000006      304.94762936800635
-3.3749999999999996       2.3510000000000004       -0.5610000000000006      304.9478980306414
-3.251472083308368        2.591712157415071        -0.6592878425849303      304.9459773404201
-3.2367622208980276       2.3962803712364784       -0.7302624579728745      304.94655162048474
-3.374999999999999        2.521001479296415        -0.7299985207035848      304.9459381309052
-3.374999999999999        2.3964172803185906       -0.730499813287411       304.9465321719954
-3.175                    2.690000000000001        -0.7                     304.944567518602
-2.974999999999999        2.6900000000000004       -0.6999999999999997      304.9444715259216
-3.0876335701359947       2.5661626118400225       -0.8765713885853962      304.9449621867558
-2.9749999999999996       2.52050018671259         -0.8545827196814098      304.94526115403863
-3.2235681767684463       2.550810480810531        -0.8701072269420508      304.9451171055081
-3.3749999999999996       2.6900000000000004       -0.6999999999999997      304.9445303316915
-3.3749999999999996       2.52050018671259         -0.8545827196814098      304.9453052902419
-3.263117951369538        2.750137786727989        -0.8084672442307168      304.9439343752099
-1.8094315015554006       -2.209043168466141       0.008427281751007045     306.7742992434075
-1.9049999999999994       -2.21                    0.10000000000000003      306.7743562180699
-1.8545023618797114       -2.3471612943133446      0.0715463078434964       306.77314908024266
-1.7049999999999992       -2.21                    0.09999999999999998      306.7742840943086
-1.7049999999999998       -2.3801337870148624      0.054948744852408554     306.77282453091675
-1.9913004580579259       -2.175048162274352       0.011548661620148839     306.774700694597
-2.1049999999999995       -2.21                    0.09999999999999998      306.7742900789547
-1.9876657490630802       -2.3332611686559703      0.0772588952872342       306.7732576039069
-1.9042441552296998       -2.3135496985207773      -0.0434886992513749      306.7730404675428
-1.7049999999999992       -2.21                    -0.09999999999999998     306.7740402163621
-1.7049999999999998       -2.38036249087728        -0.06998824316885269     306.77225838496867
-1.8452461885561422       -2.4698570141590075      -0.019559427008811487    306.7720847468128
-1.9692267254854419       -2.435784641116681       0.015093835907583175     306.77239851361367
-2.1049999999999995       -2.3801337870148624      0.054948744852408554     306.7728177633406
-2.1049999999999995       -2.21                    -0.09999999999999998     306.77402213275394
-1.9049999999999994       -2.21                    -0.10000000000000003     306.7741099703863
-1.705                    -2.5049487459539583      -0.06913416154159048     306.7716185990898
-1.826864803706589        -2.4348567856775287      -0.10681654064345068     306.7717798454315
-1.8403157644686976       -2.309287842584931       -0.14029794385269706     306.7723388203571
-2.104999999999999        -2.38036249087728        -0.06998824316885269     306.77226456848155
-1.9815788223434878       -2.3092878425849306      -0.1402979438526971      306.7723397244385
-1.9311832481386386       -2.4125476009961204      -0.14060978944609184     306.7716557348621
-1.8256875238650736       -2.5315248002528383      -0.12657666720256255     306.7713136028065
-1.7049999999999992       -2.3510000000000004      -0.23900000000000063     306.77084387932916
-1.9573853175157843       -2.5243013320598555      -0.10792700756960075     306.7714435731718
-2.1049999999999995       -2.5049487459539583      -0.06913416154159048     306.77161857131546
-2.1049999999999995       -2.3510000000000004      -0.23900000000000066     306.77084846546404
-1.9049999999999994       -2.3510000000000004      -0.2390000000000007      306.77089478115846
-1.7049999999999992       -2.551                   -0.23900000000000063     306.77059085191667
-1.704999999999999        -2.449044019733836       -0.3561637403784278      306.7699044118627
-1.8553798832407873       -2.44259007494609        -0.2617391727480464      306.7706328423817
-2.0049999999999994       -2.451                   -0.23900000000000046     306.77077366935214
-1.9049999999999994       -2.5510000000000006      -0.2390000000000007      306.7706665770933
-1.8312806352813986       -2.3510000000000004      -0.3997137402010828      306.76968320524566
-2.1049999999999995       -2.449044019733836       -0.3561637403784278      306.7699169800505
-2.1049999999999995       -2.551                   -0.23900000000000066     306.77059313655985
-1.979352877314616        -2.3510000000000004      -0.39972812827362575     306.76969060095956
-1.996172603055652        -2.4518134390164272      -0.5786266654512723      306.7688825782289
-1.994615737624999        -2.3735937470682096      -0.6826884674308278      306.7686050198017
-2.1049999999999995       -2.3510000000000004      -0.5610000000000006      306.768874580352
-1.9049999999999994       -2.3510000000000004      -0.5610000000000006      306.7689247655198
-1.9049999999999994       -2.5510000000000006      -0.5610000000000006      306.76887051844557
-1.9457606381489854       -2.4620989671232847      -0.4873315505140872      306.76926173289206
-1.8312806352813986       -2.5510000000000006      -0.3997137402010828      306.76965935676805
-1.8201667532421748       -2.4613752127441195      -0.5725717980373445      306.76885951498747
-1.8595759309633186       -2.379350348528497       -0.6967121735167239      306.76853081789375
-1.7049999999999992       -2.3510000000000004      -0.5610000000000006      306.76882346666065
-1.7049999999999994       -2.3964172803185906      -0.730499813287411       306.76834563503513
-1.7049999999999996       -2.542850558703448       -0.7270047182154267      306.7681924047373
-1.7049999999999992       -2.551                   -0.5610000000000006      306.7687505895356
-1.8285279166916315       -2.5917121574150705      -0.6592878425849303      306.7683349345544
-1.7049999999999992       -2.4508010194722987      -0.4402333047028347      306.76941220486816
-1.9164705150175434       -2.5188748221370525      -0.6923426130820524      306.7684979179567
-2.1049999999999995       -2.3964172803185906      -0.730499813287411       306.7684796505928
-1.9837589501698412       -2.4424448230885702      -0.7925975699016519      306.7684209573799
-2.104999999999999        -2.542850558703448       -0.7270047182154267      306.76846766351775
-2.1049999999999995       -2.551                   -0.5610000000000006      306.7688299693741
-1.969705583338326        -2.591712157415071       -0.6592878425849303      306.7684797989045
-1.9049999999999994       -2.690000000000001       -0.7                     306.7682325297537
-1.8537408376553448       -2.519878462289567       -0.8542228886138284      306.768186173961
-1.7049999999999994       -2.59655239268559        -0.7894900873046456      306.76798639751655
-1.7049999999999998       -2.52050018671259        -0.8545827196814098      306.7679992521016
-1.8215475185590961       -2.7093226365376673      -0.7919861525220914      306.7679962579221
-1.7049999999999992       -2.6900000000000004      -0.6999999999999997      306.7677838312596
-1.8870333174055796       -2.767961406229914       -0.7                     306.7681106948475
-1.7049999999999992       -2.8500000000000005      -0.6999999999999997      306.7676298588687
-1.9878523824867789       -2.6067912228092553      -0.7894492855143185      306.76844968823474
-2.104999999999999        -2.52050018671259        -0.8545827196814098      306.76840719040865
-1.9900178916830682       -2.5633506465490408      -0.875453400793272       306.7684151758631
-2.1049999999999995       -2.6900000000000004      -0.6999999999999997      306.7685285798274
-1.95947846899866         -2.765148764530903       -0.7986715577468428      306.76846658861535
-2.1049999999999995       -2.59655239268559        -0.7894900873046456      306.7684829171325
-1.9049999999999994       2.21                     0.10000000000000003      305.1022836996603
-1.8592400292921913       2.3459308879075977       0.07208116810930328      305.1002099493054
-1.7049999999999992       2.21                     0.09999999999999998      305.1022971552693
-1.9049999999999994       2.21                     -0.10000000000000003     305.10178593519635
-1.991264042857105        2.3358316830088373       0.07625630573504946      305.1003509885451
-1.7049999999999998       2.380133787014862        0.05494874485240864      305.09967694005013
-1.7049999999999992       2.21                     -0.09999999999999998     305.1018088671706
-1.7050000000000003       2.3498500326391305       -0.10109778213515007     305.0985329253623
-1.8479906949768503       2.464673212405008        -0.013613380898685717    305.0982767888875
-1.8284211776565118       2.30928784258493         -0.14029794385269706     305.09862659639253
-2.104999999999999        2.380133787014862        0.05494874485240864      305.09966268714106
-2.1049999999999995       2.21                     0.09999999999999998      305.1021875285895
-2.1049999999999995       2.21                     -0.09999999999999998     305.10172100202783
-1.705                    2.5049487459539583       -0.06913416154159048     305.09734078310646
-1.9720395864587779       2.43431058974827         0.016385218969970788     305.09881032582655
-1.969684235531302        2.309287842584931        -0.14029794385269706     305.0985981929239
-2.1050000000000004       2.3498500326391305       -0.10109778213515007     305.09851663492003
-1.8720009582377584       2.416023576546782        -0.13754125971783118     305.09717970384
-1.827043576256371        2.5294788528678938       -0.12095286531818297     305.0966521015279
-1.9572331416325552       2.524349717349471        -0.10804184512881833     305.0968525216029
-2.1049999999999995       2.5049487459539583       -0.06913416154159048     305.09732105880465
-1.7049999999999992       2.3510000000000004       -0.23900000000000063     305.09554108809886
-1.9049999999999994       2.3510000000000004       -0.2390000000000007      305.09551461457477
-2.1049999999999995       2.3510000000000004       -0.23900000000000066     305.0955222915736
-1.7049999999999992       2.551                    -0.23900000000000063     305.0950104805301
-1.8545684434813352       2.4533071890610447       -0.29831198305394774     305.0941967788342
-1.9959378871932447       2.439447009528396        -0.22815730556582425     305.0954575601738
-1.9049999999999994       2.5510000000000006       -0.2390000000000007      305.0950448727295
-2.1049999999999995       2.4490440197338366       -0.3561637403784281      305.09315526184315
-2.1049999999999995       2.551                    -0.23900000000000066     305.09500379727297
-1.979352877314616        2.3510000000000004       -0.3997281282736256      305.09244987496464
-1.822692171833032        2.376088022941436        -0.6889854314333611      305.08837229877275
-1.8341919611448567       2.458793829346806        -0.6424692610351544      305.08855571232374
-1.9049999999999994       2.3510000000000004       -0.5610000000000006      305.08991888584245
-1.7049999999999992       2.3510000000000004       -0.5610000000000006      305.08987394883667
-1.8402944166616735       2.591712157415071        -0.6592878425849303      305.08701191167523
-1.7049999999999992       2.551                    -0.5610000000000006      305.0894776585892
-1.9049999999999994       2.5510000000000006       -0.5610000000000006      305.08955014478295
-1.7049999999999996       2.521001479296415        -0.7299985207035848      305.08696087279174
-1.7049999999999994       2.3964172803185906       -0.730499813287411       305.0878562483538
-1.9041940596490912       2.5285883016106983       -0.7103284874283173      305.08717481020176
-1.9873019495112998       2.464370089377282        -0.5827871548859848      305.089417552713
-1.831406286871729        2.4535850526715692       -0.8039587880273021      305.08691785109374
-1.9814720833083674       2.591712157415071        -0.6592878425849305      305.0870258486498
-2.1049999999999995       2.551                    -0.5610000000000006      305.0894827581746
-2.1049999999999995       2.3510000000000004       -0.5610000000000006      305.0898787454694
-1.9667622208980278       2.396280371236478        -0.7302624579728739      305.087894487268
-2.1049999999999995       2.521001479296415        -0.7299985207035848      305.086999725892
-2.1049999999999995       2.3964172803185906       -0.730499813287411       305.0878819176842
-1.9049999999999994       2.690000000000001        -0.7                     305.08492854404915
-1.8176335701359951       2.566162611840023        -0.8765713885853963      305.0855080160053
-1.7049999999999992       2.6900000000000004       -0.6999999999999997      305.084800798198
-1.7049999999999998       2.52050018671259         -0.8545827196814098      305.0859745317352
-2.0049999999999994       2.770000000000001        -0.7                     305.08415164059073
-2.0186933964869835       2.706001736016758        -0.7867126056286332      305.0844595909894
-1.9716672907409594       2.8500000000000014       -0.8000001688888889      305.08360425388406
-1.9535681767684472       2.550810480810532        -0.8701072269420511      305.0857253077724
-2.1049999999999995       2.6900000000000004       -0.6999999999999997      305.0848320060461
-2.1049999999999995       2.8500000000000005       -0.6999999999999997      305.0838703933626
-2.104999999999999        2.52050018671259         -0.8545827196814098      305.0860380653888
-0.530857885676039        -2.2848992550553744      -0.01284271121246489     306.05047687919836
-0.5845023618797107       -2.347161294313344       0.07154630784349665      306.04994566176595
-0.43499999999999983      -2.3801337870148624      0.054948744852408554     306.04930884555324
-0.43499999999999917      -2.21                    0.09999999999999998      306.05243902365356
-0.6349999999999995       -2.21                    0.10000000000000003      306.0524949337979
-0.43499999999999917      -2.21                    -0.09999999999999998     306.05184937144287
-0.7199737461885811       -2.180608405005643       0.009054233917331959     306.05302593632865
-0.8349999999999996       -2.21                    0.09999999999999998      306.05246602655524
-0.7176657490630804       -2.3332611686559703      0.07725889528723422      306.05020155473557
-0.6626118460533319       -2.3214500365563158      -0.038850362391046896    306.0494734036948
-0.6992267254854421       -2.435784641116681       0.015093835907583794     306.0482516664592
-0.575246188556142        -2.4698570141590075      -0.0195594270088114      306.04750730189295
-0.8349999999999996       -2.3801337870148624      0.054948744852408554     306.0493162669592
-0.8349999999999996       -2.21                    -0.09999999999999998     306.05186244722694
-0.5567251556497218       -2.4222364601154767      -0.09663489040883558     306.0469855883697
-0.43499999999999983      -2.5049487459539583      -0.06913416154159048     306.04650665046444
-0.43499999999999983      -2.38036249087728        -0.06998824316885269     306.04792926926444
-0.5703157644686974       -2.309287842584931       -0.14029794385269706     306.0480065508618
-0.6349999999999995       -2.21                    -0.10000000000000003     306.0519396728171
-0.43499999999999917      -2.3510000000000004      -0.23900000000000063     306.0443517568383
-0.8349999999999995       -2.38036249087728        -0.06998824316885269     306.04793911872645
-0.7115788223434877       -2.30928784258493        -0.14029794385269706     306.04800837837064
-0.6644194320378767       -2.409691381782171       -0.1420238060770335      306.04631961793524
-0.5556875238650737       -2.531524800252838       -0.12657666720256233     306.0455779694886
-0.6873853175157845       -2.524301332059856       -0.10792700756960098     306.04591090490936
-0.8349999999999996       -2.5049487459539583      -0.06913416154159048     306.0464805946153
-0.8349999999999996       -2.3510000000000004      -0.23900000000000066     306.04434072610997
-0.6349999999999995       -2.3510000000000004      -0.2390000000000007      306.0443335166652
-0.43499999999999917      -2.551                   -0.23900000000000063     306.0437211076701
-0.5830986156473509       -2.434605312888592       -0.2629355154485939      306.0435671747721
-0.43499999999999917      -2.449044019733836       -0.3561637403784278      306.0415396653998
-0.5612806352813987       -2.3510000000000004      -0.39971374020108275     306.04072923090524
-0.7279670846209219       -2.4415953511325283      -0.23787809521717193     306.0440638512401
-0.6349999999999995       -2.5510000000000006      -0.2390000000000007      306.0437818533082
-0.8349999999999996       -2.551                   -0.23900000000000066     306.04372049085924
-0.8349999999999996       -2.449044019733836       -0.3561637403784278      306.04154702457447
-0.7093528773146159       -2.3510000000000004      -0.3997281282736257      306.0407206093668
-0.5503133699528036       -2.4614222046765395      -0.572476388629994       306.0374026688568
-0.43499999999999917      -2.4508010194722987      -0.4402333047028347      306.039866904716
-0.43499999999999917      -2.551                   -0.5610000000000006      306.0372517498967
-0.43499999999999917      -2.3510000000000004      -0.5610000000000006      306.03771232381854
-0.5612806352813987       -2.5510000000000006      -0.39971374020108275     306.04065444653713
-0.7262712670044298       -2.4518450616711256      -0.578562460840219       306.0373411867097
-0.724615737624999        -2.373593747068209       -0.6826884674308278      306.0360996159845
-0.8349999999999996       -2.3510000000000004      -0.5610000000000006      306.0377318790916
-0.6349999999999993       -2.3510000000000004      -0.5610000000000006      306.03778581084725
-0.6349999999999993       -2.5510000000000006      -0.5610000000000006      306.0373705116319
-0.6813512401726808       -2.464093783541066       -0.42636666015476155     306.0401893197752
-0.8349999999999996       -2.3964172803185906      -0.730499813287411       306.03545164651837
-0.6448700965120583       -2.5044184045862705      -0.6890279161117292      306.0352083694695
-0.5895759309633192       -2.379350348528497       -0.6967121735167242      306.0359064748482
-0.4349999999999997       -2.3964172803185906      -0.730499813287411       306.0353940390493
-0.4349999999999997       -2.542850558703448       -0.7270047182154267      306.03416414311914
-0.7137589501698413       -2.4424448230885707      -0.7925975699016522      306.0345740492558
-0.5585279166916318       -2.591712157415071       -0.6592878425849303      306.03448661136457
-0.43499999999999917      -2.6900000000000004      -0.6999999999999997      306.03180412625346
-0.43499999999999966      -2.59655239268559        -0.7894900873046456      306.0328477388943
-0.8349999999999993       -2.542850558703448       -0.7270047182154267      306.0342636694455
-0.8349999999999996       -2.551                   -0.5610000000000006      306.0372890861834
-0.699705583338326        -2.591712157415071       -0.6592878425849303      306.03457521292336
-0.6869315647440062       -2.604360775475697       -0.7574899228067914      306.03320923904454
-0.6349999999999993       -2.690000000000001       -0.7                     306.0321819563846
-0.8349999999999996       -2.52050018671259        -0.8545827196814098      306.0333910821077
-0.8349999999999996       -2.59655239268559        -0.7894900873046456      306.03303409944476
-0.5837408376553445       -2.519878462289567       -0.8542228886138284      306.03338620555064
-0.4349999999999998       -2.52050018671259        -0.8545827196814098      306.0332473406458
-0.7200178916830687       -2.5633506465490417      -0.8754534007932723      306.0329330670519
-0.5320538263684619       -2.6930756596538643      -0.7918597966366471      306.03165381641514
-0.6170333174055798       -2.767961406229914       -0.7                     306.0313160440527
-0.43499999999999917      -2.8500000000000005      -0.6999999999999997      306.0307668642473
-0.6303645874481362       -2.6890790183285533      -0.8081903153896522      306.03176971178084
-0.8349999999999996       -2.6900000000000004      -0.6999999999999997      306.03209629883946
-0.7070706469364281       -2.741615791670462       -0.8009466117833708      306.0313445652909
-0.6349999999999995       2.21                     0.10000000000000003      305.4220905501857
-0.5892400292921907       2.3459308879075973       0.07208116810930358      305.4192403021095
-0.6349999999999995       2.21                     -0.10000000000000003     305.42140916563454
-0.721264042857104        2.335831683008837        0.07625630573504978      305.4194405299363
-0.4349999999999997       2.380133787014862        0.05494874485240864      305.4185123464655
-0.43499999999999917      2.21                     0.09999999999999998      305.4220910625684
-0.43499999999999917      2.21                     -0.09999999999999998     305.4214405288708
-0.5779906949768503       2.4646732124050086       -0.013613380898685613    305.4165728073381
-0.43499999999999994      2.3498500326391305       -0.10109778213515007     305.4169245511243
-0.5584211776565118       2.30928784258493         -0.14029794385269706     305.4170438337123
-0.8349999999999995       2.380133787014862        0.05494874485240864      305.4185006324982
-0.8349999999999996       2.21                     0.09999999999999998      305.4219671686599
-0.8349999999999996       2.21                     -0.09999999999999998     305.4213336126809
-0.43499999999999983      2.5049487459539583       -0.06913416154159048     305.4152858001026
-0.7020395864587781       2.434310589748268        0.016385218969971888     305.4173226232928
-0.699684235531302        2.309287842584931        -0.14029794385269706     305.4170333649409
-0.835                    2.3498500326391305       -0.10109778213515007     305.4169019638874
-0.622827159644534        2.416818779967201        -0.12416989449075747     305.41532923651545
-0.5570435762563707       2.5294788528678938       -0.12095286531818313     305.41432369379294
-0.6872331416325562       2.5243497173494718       -0.10804184512881829     305.41457870963205
-0.8349999999999996       2.5049487459539583       -0.06913416154159048     305.4152627124459
-0.43499999999999917      2.3510000000000004       -0.23900000000000063     305.41277471530606
-0.6349999999999995       2.3510000000000004       -0.2390000000000007      305.4127382452198
-0.8349999999999996       2.3510000000000004       -0.23900000000000066     305.4127507228665
-0.43499999999999917      2.551                    -0.23900000000000063     305.4120351703778
-0.5981403176406992       2.451                    -0.3193568701005416      305.41036992782375
-0.7349999999999997       2.451                    -0.23900000000000046     305.4123345961762
-0.6349999999999995       2.5510000000000006       -0.2390000000000007      305.41207666505585
-0.8349999999999999       2.4490440197338366       -0.3561637403784281      305.4094304124928
-0.8349999999999996       2.551                    -0.23900000000000066     305.4120312597234
-0.7093528773146158       2.3510000000000004       -0.3997281282736257      305.40843466339334
-0.5526922042814207       2.376088024895774        -0.688985436226799       305.4026435123647
-0.5340181565835701       2.4588499463859224       -0.6440134504426535      305.4028561084879
-0.6349999999999995       2.3510000000000004       -0.5610000000000006      305.4048447866007
-0.43499999999999917      2.3510000000000004       -0.5610000000000006      305.4047978070949
-0.6349999999999995       2.5510000000000006       -0.5610000000000006      305.4043281654389
-0.5835225027234162       2.45476695534521         -0.4915148303700276      305.4062469073951
-0.7093528773146158       2.5510000000000006       -0.3997281282736257      305.40835544318446
-0.7278198905140378       2.458339030996602        -0.5699617269377828      305.4044350955264
-0.6074860924953772       2.4989577503282034       -0.5955475469453876      305.4036281872791
-0.43499999999999917      2.551                    -0.5610000000000006      305.40423072185956
-0.4349999999999997       2.3964172803185906       -0.730499813287411       305.40191614211744
-0.5702944166616732       2.591712157415071        -0.6592878425849303      305.400669857212
-0.43499999999999983      2.521001479296415        -0.7299985207035848      305.4006199802898
-0.623797137089592        2.5018211613735604       -0.7013556210928872      305.4014093970411
-0.5614073687176925       2.453584600670351        -0.8039583481994442      305.4005504489233
-0.7114720833083675       2.591712157415071        -0.6592878425849305      305.4006913559538
-0.8349999999999996       2.551                    -0.5610000000000006      305.40422422458454
-0.8349999999999996       2.3510000000000004       -0.5610000000000006      305.40479560083435
-0.6967638810340077       2.396280361641203        -0.7302624413222785      305.4019513317742
-0.8349999999999993       2.521001479296415        -0.7299985207035848      305.40063412388224
-0.8349999999999996       2.3964172803185906       -0.730499813287411       305.4019378603811
-0.43499999999999917      2.6900000000000004       -0.6999999999999997      305.3975062787611
-0.4349999999999998       2.52050018671259         -0.8545827196814098      305.3992051479049
-0.6349999999999995       2.690000000000001        -0.7                     305.39764569586816
-0.5476357297294606       2.5661604682203936       -0.8765705473719115      305.3985137590485
-0.6835700959286802       2.550808802668422        -0.8701064712771339      305.39884242085276
-0.8349999999999996       2.6900000000000004       -0.6999999999999997      305.3975826526131
-0.8349999999999996       2.52050018671259         -0.8545827196814098      305.39927504288084
-0.7231180897705165       2.7501376657081256       -0.8084671897356506      305.3962186351509
0.7289855245378372        -2.288407698364106       -0.020035223137064687    305.29054427264026
0.6854976381202886        -2.347161294313344       0.0715463078434965       305.29018412224093
0.8350000000000003        -2.3801337870148624      0.054948744852408554     305.2895794321917
0.8350000000000009        -2.21                    0.09999999999999998      305.29246721017404
0.6350000000000007        -2.21                    0.10000000000000003      305.29258546142677
0.5707718302851258        -2.1906563975755247      0.0037297465514004044    305.2928915237738
0.4350000000000005        -2.21                    0.09999999999999998      305.2926417091881
0.5523342509369193        -2.33326116865597        0.07725889528723424      305.2904602163263
0.6073881539466681        -2.3214500365563158      -0.03885036239104695     305.2897400611834
0.5707732745145582        -2.4357846411166806      0.015093835907583663     305.2885936203434
0.6947538114438578        -2.469857014159008       -0.01955942700881168     305.2878680485574
0.43500000000000066       -2.3801337870148624      0.054948744852408554     305.2896354914015
0.4350000000000005        -2.21                    -0.09999999999999998     305.29207234025984
0.8350000000000009        -2.21                    -0.09999999999999998     305.291951698197
0.7132748443502782        -2.4222364601154767      -0.09663489040883563     305.2873575191154
0.8350000000000003        -2.5049487459539583      -0.06913416154159048     305.2869170327024
0.8350000000000002        -2.38036249087728        -0.06998824316885269     305.2882587496411
0.6996842355313028        -2.309287842584931       -0.14029794385269706     305.28832019598855
0.6350000000000007        -2.21                    -0.10000000000000003     305.29205632746203
0.4350000000000006        -2.38036249087728        -0.06998824316885269     305.2883036308516
0.5584211776565126        -2.3092878425849306      -0.1402979438526971      305.28835010149385
0.6055805679621235        -2.409691381782171       -0.14202380607703358     305.28672173528963
0.7143124761349264        -2.531524800252838       -0.12657666720256242     305.28601772091804
0.5826146824842158        -2.5243013320598555      -0.10792700756960079     305.2863436048246
0.43500000000000055       -2.5049487459539583      -0.06913416154159048     305.2869110071126
0.4350000000000005        -2.3510000000000004      -0.23900000000000066     305.2848301106874
0.8350000000000009        -2.3510000000000004      -0.23900000000000063     305.28483011488095
0.6350000000000007        -2.3510000000000004      -0.2390000000000007      305.28480488192275
0.8350000000000009        -2.551                   -0.23900000000000063     305.28422733360554
0.8350000000000007        -2.449044019733836       -0.3561637403784278      305.28208462148683
0.6868647554937133        -2.434658674958733       -0.26302407832646985     305.2840535842725
0.5419962861819511        -2.441648713682946       -0.23796665873876688     305.2845433890316
0.6350000000000007        -2.5510000000000006      -0.2390000000000007      305.2842757121942
0.4350000000000005        -2.449044019733836       -0.3561637403784278      305.28209433043907
0.4350000000000005        -2.551                   -0.23900000000000066     305.284234007992
0.560647122685384         -2.3510000000000004      -0.39972812827362575     305.28127270610696
0.7087193647186014        -2.3510000000000004      -0.39971374020108286     305.2812784669386
0.543605257432875         -2.4520184450336133      -0.5784557222846902      305.277887723335
0.5453842623750007        -2.373593747068209       -0.6826884674308276      305.2766365505131
0.4350000000000005        -2.3510000000000004      -0.5610000000000006      305.27830491936635
0.6350000000000007        -2.3510000000000004      -0.5610000000000006      305.2783469506923
0.7132168444335315        -2.4708540884748587      -0.5885245719116953      305.27762621797325
0.8350000000000009        -2.3510000000000004      -0.5610000000000006      305.27829154377605
0.680424069036681         -2.379350348528496       -0.696712173516724       305.2764451205508
0.8350000000000002        -2.3964172803185906      -0.730499813287411       305.2759352219587
0.8350000000000009        -2.551                   -0.5610000000000006      305.2778164787105
0.8350000000000001        -2.542850558703448       -0.7270047182154267      305.27466338754397
0.43500000000000055       -2.3964172803185906      -0.730499813287411       305.2759851565132
0.5960237791949715        -2.535933249395699       -0.704653218396288       305.275149681471
0.5562410498301589        -2.4424448230885702      -0.7925975699016519      305.2750660747483
0.6350000000000007        -2.5510000000000006      -0.5610000000000006      305.2779132416436
0.7114720833083681        -2.591712157415071       -0.6592878425849303      305.27497527102753
0.4350000000000005        -2.551                   -0.5610000000000006      305.2778471913544
0.4350000000000005        -2.542850558703448       -0.7270047182154267      305.27473225415724
0.570294416661674         -2.591712157415071       -0.6592878425849303      305.2750281436237
0.6350000000000007        -2.690000000000001       -0.7                     305.2725839332365
0.7098563053225163        -2.5457585125412363      -0.7605176172374283      305.2743164577624
0.686259162344656         -2.519878462289567       -0.8542228886138284      305.27380004671426
0.8350000000000002        -2.52050018671259        -0.8545827196814098      305.2737403598251
0.8350000000000003        -2.59655239268559        -0.7894900873046456      305.2732909709992
0.8350000000000009        -2.6900000000000004      -0.6999999999999997      305.2722098631308
0.43500000000000055       -2.59655239268559        -0.7894900873046456      305.2734216059988
0.5499821083169318        -2.5633506465490408      -0.8754534007932718      305.27331914180024
0.43500000000000055       -2.52050018671259        -0.8545827196814098      305.27381897222983
0.6238565120118621        -2.7118676140365805      -0.7941250437818121      305.2719432959746
0.6529666825944205        -2.767961406229914       -0.7                     305.2716626075966
0.7461462510720254        -2.7690001131378197      -0.8004026199188832      305.2711623892019
0.4350000000000005        -2.6900000000000004      -0.6999999999999997      305.2725034723475
0.7370307993683003        2.224109322740593        -0.010396892093285096    305.05762615599446
0.6350000000000007        2.21                     0.10000000000000003      305.05827686374107
0.8350000000000009        2.21                     0.09999999999999998      305.05814719837525
0.6807599707078085        2.3459308879075977       0.07208116810930328      305.0557216965059
0.6350000000000007        2.21                     -0.10000000000000003     305.0576512869756
0.5487359571428954        2.3358316830088373       0.07625630573504956      305.0559692643183
0.8350000000000002        2.380133787014862        0.05494874485240864      305.0550962584759
0.8350000000000003        2.3498500326391305       -0.10109778213515007     305.05366975231215
0.6920093050231496        2.4646732124050086       -0.013613380898685763    305.05338842619113
0.8350000000000009        2.21                     -0.09999999999999998     305.0575705682359
0.7115788223434885        2.30928784258493         -0.14029794385269706     305.05379116016104
0.4350000000000005        2.21                     0.09999999999999998      305.0583335544493
0.4350000000000005        2.21                     -0.09999999999999998     305.05775459970397
0.43500000000000055       2.380133787014862        0.05494874485240864      305.0551474680574
0.8350000000000003        2.5049487459539583       -0.06913416154159048     305.0522422929535
0.5679604135412224        2.43431058974827         0.01638521896997086      305.0540686826185
0.5703157644686981        2.309287842584931        -0.14029794385269706     305.0538007293336
0.4350000000000007        2.3498500326391305       -0.10109778213515007     305.053726434409
0.6679990417622419        2.416023576546782        -0.13754125971783118     305.05203648273493
0.7129564237436294        2.529478852867894        -0.12095286531818311     305.05139462791306
0.5827668583674447        2.5243497173494713       -0.10804184512881826     305.0516546423856
0.43500000000000055       2.5049487459539583       -0.06913416154159048     305.05225246370406
0.8350000000000009        2.3510000000000004       -0.23900000000000063     305.05001547027666
0.6350000000000007        2.3510000000000004       -0.2390000000000007      305.0499864332733
0.4350000000000005        2.3510000000000004       -0.23900000000000066     305.05001845075736
0.8350000000000009        2.551                    -0.23900000000000063     305.049371090277
0.5440621128067555        2.4394470095283967       -0.22815730556582425     305.0499224918931
0.6854315565186647        2.4533071890610447       -0.2983119830539478      305.0483467382179
0.6350000000000007        2.5510000000000006       -0.2390000000000007      305.0494103824262
0.4350000000000005        2.4490440197338366       -0.3561637403784281      305.0470624910676
0.4350000000000005        2.551                    -0.23900000000000066     305.04937743582553
0.5606471226853842        2.3510000000000004       -0.3997281282736256      305.04617256857915
0.7173077957185795        2.376088024895774        -0.6889854362267989      305.0410076058995
0.7058077823174352        2.458793776290241        -0.6424692090673634      305.04123188411353
0.6350000000000007        2.3510000000000004       -0.5610000000000006      305.0429765657655
0.8350000000000009        2.3510000000000004       -0.5610000000000006      305.0429317913308
0.6997055833383266        2.591712157415071        -0.6592878425849303      305.0392443576434
0.8350000000000009        2.551                    -0.5610000000000006      305.04242090684204
0.6350000000000007        2.5510000000000006       -0.5610000000000006      305.0425008439678
0.8350000000000001        2.521001479296415        -0.7299985207035848      305.03919277022067
0.8350000000000002        2.3964172803185906       -0.730499813287411       305.04035741378124
0.5526978700541745        2.4643700587978303       -0.5827871371685243      305.04233056420816
0.6358053505781301        2.5285879402427986       -0.7103283119845968      305.03945019528993
0.708592631282309         2.4535846006703506       -0.8039583481994443      305.0391345674775
0.5585279166916326        2.5917121574150705       -0.6592878425849302      305.03925767064726
0.4350000000000005        2.551                    -0.5610000000000006      305.0424259773308
0.4350000000000005        2.3510000000000004       -0.5610000000000006      305.0429369335248
0.5732361189659944        2.396280361641203        -0.7302624413222782      305.0403896198281
0.43500000000000055       2.521001479296415        -0.7299985207035848      305.03922915499595
0.43500000000000055       2.3964172803185906       -0.730499813287411       305.0403831175539
0.6350000000000007        2.690000000000001        -0.7                     305.03654420716435
0.7223642702705395        2.566160468220393        -0.8765705473719114      305.0373033310217
0.8350000000000009        2.6900000000000004       -0.6999999999999997      305.0363556430926
0.8350000000000002        2.52050018671259         -0.8545827196814098      305.0379271277707
0.5350000000000007        2.770000000000001        -0.7                     305.03554392585414
0.5213064664301429        2.7060016161494644       -0.7867125516525678      305.03591430297644
0.5683327092590404        2.8500000000000014       -0.8000001688888889      305.0348384457421
0.5864299040713211        2.5508088026684215       -0.8701064712771337      305.0375647512902
0.4350000000000005        2.6900000000000004       -0.6999999999999997      305.0364304980316
0.4350000000000005        2.8500000000000005       -0.6999999999999997      305.0351910886668
0.43500000000000055       2.52050018671259         -0.8545827196814098      305.03798438039263
1.9926744040993012        -2.1821010224187023      0.0054395665773930854    304.3066220839943
1.9050000000000002        -2.21                    0.10000000000000003      304.3064589596887
1.9554976381202902        -2.347161294313344       0.0715463078434968       304.30518610051155
2.1050000000000004        -2.21                    0.09999999999999998      304.306343576492
1.8223342509369191        -2.3332611686559703      0.07725889528723427      304.30534371453217
1.9045488511606061        -2.3240173718902817      -0.04272353546889997     304.3049039373816
2.105                     -2.3801337870148624      0.054948744852408554     304.3048474675652
2.1050000000000004        -2.21                    -0.09999999999999998     304.3060509544581
2.1049999999999995        -2.38036249087728        -0.06998824316885269     304.3041649706134
1.9647538114438583        -2.4698570141590066      -0.019559427008811296    304.30396439973214
1.840773274514558         -2.435784641116681       0.015093835907583298     304.30435735280287
1.705                     -2.21                    -0.09999999999999998     304.3062189270091
1.9050000000000002        -2.21                    -0.10000000000000003     304.30619274466574
1.705                     -2.3801337870148624      0.054948744852408554     304.3049158987505
1.705                     -2.21                    0.09999999999999998      304.3065206938786
2.105                     -2.5049487459539583      -0.06913416154159048     304.30345078946965
1.9831351962934107        -2.4348567856775283      -0.10681654064345061     304.3035411840639
1.9696842355313025        -2.309287842584931       -0.14029794385269706     304.3042023502208
1.705                     -2.38036249087728        -0.06998824316885269     304.3042103544723
1.8284211776565122        -2.3092878425849306      -0.1402979438526971      304.3042327040149
1.878816751861361         -2.4125476009961204      -0.14060978944609184     304.3033667089557
1.984312476134926         -2.5315248002528383      -0.1265766672025623      304.302997771973
2.1050000000000004        -2.3510000000000004      -0.23900000000000063     304.30236117823785
1.8526146824842151        -2.5243013320598555      -0.10792700756960061     304.3031687776302
1.705                     -2.5049487459539583      -0.06913416154159048     304.3034704851104
1.705                     -2.3510000000000004      -0.23900000000000066     304.3023754900084
1.9050000000000002        -2.3510000000000004      -0.2390000000000007      304.3023586045627
2.1050000000000004        -2.551                   -0.23900000000000063     304.302051815483
1.9546201167592123        -2.44259007494609        -0.26173917274804637     304.3019682246731
2.1050000000000004        -2.449044019733836       -0.3561637403784278      304.3009274831199
1.805                     -2.451                   -0.23900000000000046     304.30219572077226
1.9050000000000002        -2.5510000000000006      -0.2390000000000007      304.3020789485576
1.9787193647186012        -2.3510000000000004      -0.39971374020108286     304.30050366841346
1.705                     -2.551                   -0.23900000000000066     304.3020600650189
1.705                     -2.449044019733836       -0.3561637403784278      304.30093414149
1.8306471226853838        -2.3510000000000004      -0.39972812827362575     304.30050619936964
1.9896869403190518        -2.4614222366871195      -0.5724764676220679      304.2987596584901
1.9050000000000002        -2.3510000000000004      -0.5610000000000006      304.2989650284444
2.1050000000000004        -2.3510000000000004      -0.5610000000000006      304.2989360087051
1.950428415974953         -2.379350868679063       -0.6967133641523453      304.2979694976553
2.1049999999999995        -2.3964172803185906      -0.730499813287411       304.2977055781674
2.104999999999999         -2.542850558703448       -0.7270047182154267      304.2970373238545
2.1050000000000004        -2.4508010194722987      -0.4402333047028347      304.30005996768296
2.1050000000000004        -2.551                   -0.5610000000000006      304.29868816763957
1.9787193647186012        -2.551                   -0.39971374020108286     304.300464623173
1.813728987996245         -2.4518451103859893      -0.5785625846516286      304.2987258158255
1.8153855913027823        -2.3735945285937023      -0.6826904994819175      304.2980705026005
1.705                     -2.3510000000000004      -0.5610000000000006      304.2989437275164
1.705                     -2.3964172803185906      -0.730499813287411       304.29772759237557
1.895131043036348         -2.504418534584945       -0.689028224959773       304.2975842299665
1.9050000000000002        -2.5510000000000006      -0.5610000000000006      304.29874191987875
1.8642148903123268        -2.4621068366545407      -0.48731560939259516     304.29960452016894
1.9814720833083677        -2.591712157415071       -0.6592878425849305      304.2972011588442
1.8262467069053168        -2.4424450882018345      -0.7925978532815066      304.29724676151085
1.956260266261346         -2.5198784558147653      -0.8542228848572897      304.29660840759436
2.1049999999999995        -2.59655239268559        -0.7894900873046456      304.2963264008293
2.1049999999999995        -2.52050018671259        -0.8545827196814098      304.2965497192545
2.007946263000682         -2.6930756538024956      -0.7918597949961576      304.2956615947885
2.1050000000000004        -2.6900000000000004      -0.6999999999999997      304.29575334121984
1.8530691080809687        -2.6043606937430193      -0.757489923364563       304.29649060123387
1.8199825644748557        -2.563349442027747       -0.8754529156572046      304.296341538356
1.90963564865429          -2.689078878411558       -0.8081902621212671      304.29570188098853
1.7049999999999996        -2.542850558703448       -0.7270047182154267      304.2970725155327
1.705                     -2.52050018671259        -0.8545827196814098      304.2965956983037
1.705                     -2.551                   -0.5610000000000006      304.2987025909207
1.8402944166616735        -2.591712157415071       -0.6592878425849303      304.29723999433753
1.9229666825944203        -2.767961406229914       -0.7                     304.29546865179424
2.1050000000000004        -2.8500000000000005      -0.6999999999999997      304.2952024194527
1.9050000000000002        -2.690000000000001       -0.7                     304.29593775496784
1.705                     -2.59655239268559        -0.7894900873046456      304.2963923461883
1.8329294127497098        -2.7416156995967245      -0.8009465771761853      304.29545028493084
1.705                     -2.6900000000000004      -0.6999999999999997      304.2958686800107
1.9050000000000002        2.21                     0.10000000000000003      304.20932597332563
1.8187359571428945        2.3358316830088373       0.07625630573504949      304.2081368010085
1.9050000000000002        2.21                     -0.10000000000000003     304.2090025509578
1.705                     2.21                     0.09999999999999998      304.2094078418197
2.0070307993683           2.224109322740593        -0.010396892093285096    304.20896964382166
2.1050000000000004        2.21                     0.09999999999999998      304.2092281407992
1.9507599707078076        2.3459308879075977       0.07208116810930328      304.20798891008565
2.1049999999999995        2.380133787014862        0.05494874485240864      304.207653684545
2.1050000000000004        2.3498500326391305       -0.10109778213515007     304.2069128371914
1.9620093050231489        2.464673212405008        -0.01361338089868564     304.20677161242367
2.1050000000000004        2.21                     -0.09999999999999998     304.20892906705103
2.105                     2.5049487459539583       -0.06913416154159048     304.2061702144027
1.9815788223434878        2.30928784258493         -0.14029794385269706     304.20698033751415
1.7049999999999998        2.380133787014862        0.05494874485240864      304.2077056705404
1.705                     2.21                     -0.09999999999999998     304.20909525690735
1.8379604135412217        2.43431058974827         0.016385218969971083     304.20713434582905
1.8403157644686976        2.309287842584931        -0.14029794385269706     304.20699642136435
1.7050000000000005        2.3498500326391305       -0.10109778213515007     304.2069601535964
1.9380369184831345        2.416021424736582        -0.1375518494792091      304.20606851577116
1.9829564237436288        2.5294788528678938       -0.12095286531818292     304.20573158552236
1.8527668583674448        2.5243497173494713       -0.10804184512881826     304.2058708981507
1.705                     2.5049487459539583       -0.06913416154159048     304.2061845082005
2.1050000000000004        2.3510000000000004       -0.23900000000000063     304.2050114749428
2.1050000000000004        2.551                    -0.23900000000000063     304.20467610401744
1.9050000000000002        2.3510000000000004       -0.2390000000000007      304.2050005374946
1.705                     2.3510000000000004       -0.23900000000000066     304.20501908962405
1.8140996384616246        2.439444877643035        -0.2281677971195868      304.2049686264864
1.9558815133110694        2.45328162636154         -0.29843778349148314     304.2041449229219
1.9050000000000002        2.5510000000000006       -0.2390000000000007      304.2046997159185
1.705                     2.4490440197338366       -0.3561637403784281      304.2034785481067
1.705                     2.551                    -0.23900000000000066     304.2046829833561
1.8306471226853842        2.3510000000000004       -0.3997281282736257      304.2030168488596
1.9050000000000002        2.5510000000000006       -0.5610000000000006      304.20109764821376
1.9696803426898155        2.45273639058093         -0.47465733859576054     304.20218701588504
1.8306471226853842        2.5510000000000006       -0.3997281282736257      304.20298129770043
1.8050000000000002        2.451                    -0.5610000000000005      304.20127176325445
1.9050000000000002        2.3510000000000004       -0.5610000000000006      304.20135763776386
1.9873078281669685        2.3760880229414356       -0.6889854314333606      304.20034023026506
1.9962299668485604        2.4734464119844124       -0.6718268362227221      304.2001387060525
2.1050000000000004        2.3510000000000004       -0.5610000000000006      304.20133300599906
2.1049999999999995        2.3964172803185906       -0.730499813287411       304.1999994253053
2.1050000000000004        2.551                    -0.5610000000000006      304.2010675119351
1.969705583338326         2.591712157415071        -0.6592878425849303      304.1994509798773
2.1049999999999995        2.521001479296415        -0.7299985207035848      304.1994021204611
2.1050000000000004        2.6900000000000004       -0.6999999999999997      304.1979227778983
2.1049999999999995        2.52050018671259         -0.8545827196814098      304.19875421554394
1.9785937131282711        2.4535850526715692       -0.8039587880273016      304.1993688762478
1.8933802817499905        2.5166303555014857       -0.7008495900251305      304.1996819923824
1.705                     2.4508010194722987       -0.4402333047028347      304.2025452868201
1.705                     2.551                    -0.5610000000000006      304.2010689160507
1.705                     2.3510000000000004       -0.5610000000000006      304.20133407602174
1.8285279166916324        2.591712157415071        -0.6592878425849303      304.1994660792657
1.8432377791019716        2.3962803712364784       -0.7302624579728745      304.20002070328974
1.7049999999999996        2.521001479296415        -0.7299985207035848      304.1994126369295
1.705                     2.3964172803185906       -0.730499813287411       304.2000145060482
1.9050000000000002        2.690000000000001        -0.7                     304.1980613497996
1.992360632110452         2.601362893086086        -0.7811793489290078      304.19854792656383
1.992366429864005         2.5661626118400234       -0.8765713885853964      304.1984310225816
1.8564318232315526        2.550810480810532        -0.8701072269420511      304.1985545497433
1.803558129330616         2.6347199106835313       -0.7942543446763142      304.19824299219715
1.705                     2.6900000000000004       -0.6999999999999997      304.1979666034995
1.705                     2.52050018671259         -0.8545827196814098      304.1987755252294
3.2705684984446           -2.20904316846614        0.008427281751007045     303.6810454843807
3.1750000000000007        -2.21                    0.10000000000000003      303.6811083047151
3.225497638120291         -2.3471612943133437      0.07154630784349679      303.68057833517526
3.375000000000001         -2.21                    0.09999999999999998      303.68105440822507
3.375000000000001         -2.3801337870148624      0.054948744852408554     303.6804444569348
3.0886995419420744        -2.175048162274352       0.011548661620148839     303.6812785753614
2.9750000000000005        -2.21                    0.09999999999999998      303.68114001819276
3.0923342509369203        -2.3332611686559703      0.0772588952872342       303.6806491569452
3.175755844770301         -2.313549698520777       -0.04348869925137456     303.68051058165173
3.375000000000001         -2.21                    -0.09999999999999998     303.68093736118266
3.375                     -2.38036249087728        -0.06998824316885269     303.6801586379896
3.234753811443859         -2.4698570141590044      -0.01955942700880843     303.68007849788006
3.1107732745145595        -2.4357846411166797      0.015093835907583956     303.6802407492197
2.9750000000000005        -2.3801337870148624      0.054948744852408554     303.68047090462215
2.9750000000000005        -2.21                    -0.09999999999999998     303.68101937553956
3.1750000000000007        -2.21                    -0.10000000000000003     303.68099163340594
3.375                     -2.5049487459539583      -0.06913416154159048     303.6798659878871
3.2531351962934116        -2.4348567856775283      -0.10681654064345034     303.6799052572406
3.2396842355313034        -2.309287842584931       -0.14029794385269706     303.6801761279357
2.9750000000000005        -2.38036249087728        -0.06998824316885269     303.6801806335885
3.0984211776565127        -2.30928784258493        -0.14029794385269706     303.68018967377077
3.1488167518613617        -2.41254760099612        -0.14060978944609162     303.67983473571354
3.254312476134926         -2.5315248002528383      -0.1265766672025623      303.67968198739965
3.375000000000001         -2.3510000000000004      -0.23900000000000063     303.67942126965767
3.122614682484215         -2.5243013320598555      -0.10792700756960044     303.6797526523373
2.9750000000000005        -2.5049487459539583      -0.06913416154159048     303.67987551966706
2.9750000000000005        -2.3510000000000004      -0.23900000000000066     303.6794284771948
3.1750000000000007        -2.3510000000000004      -0.2390000000000007      303.6794219936746
3.375000000000001         -2.551                   -0.23900000000000063     303.67929478826164
3.3750000000000013        -2.449044019733836       -0.3561637403784278      303.6788384149731
3.2246201167592132        -2.44259007494609        -0.2617391727480463      303.6792630344599
3.0750000000000006        -2.451                   -0.23900000000000046     303.67935589326777
3.1750000000000007        -2.551                   -0.2390000000000007      303.679307451897
3.2487193647186015        -2.3510000000000004      -0.39971374020108275     303.67866724615067
2.9750000000000005        -2.551                   -0.23900000000000066     303.67929883201265
2.9750000000000005        -2.449044019733836       -0.3561637403784278      303.6788417641789
3.1006471226853844        -2.3510000000000004      -0.3997281282736257      303.67866863775623
3.0837287329955703        -2.4518450616711256      -0.578562460840219       303.67795193033004
3.0853842623750003        -2.373593747068209       -0.6826884674308279      303.6776882974925
2.9750000000000005        -2.3510000000000004      -0.5610000000000006      303.6780373785305
3.1750000000000007        -2.3510000000000004      -0.5610000000000006      303.67804637903333
3.1750000000000007        -2.551                   -0.5610000000000006      303.6779561036756
3.1342148337850744        -2.4621068285819967      -0.4873155891122467      303.67830502922754
3.2487193647186015        -2.5510000000000006      -0.39971374020108275     303.67865138306104
3.2596866300471965        -2.4614222046765395      -0.572476388629994       303.67796456564696
3.2204240690366803        -2.3793503485284964      -0.6967121735167245      303.6776464982428
3.375000000000001         -2.3510000000000004      -0.5610000000000006      303.6780325568438
3.3750000000000004        -2.3964172803185906      -0.730499813287411       303.67753875994873
3.151679820441294         -2.5315162867603287      -0.7127708959163473      303.6773656748292
3.096241049830159         -2.4424448230885702      -0.792597569901652       303.6773618294288
2.975                     -2.3964172803185906      -0.730499813287411       303.6775517500205
3.251472083308368         -2.591712157415071       -0.6592878425849303      303.67733832927746
3.3749999999999996        -2.542850558703448       -0.7270047182154267      303.6772718889819
3.375000000000001         -2.551                   -0.5610000000000006      303.6779334310326
3.375000000000001         -2.4508010194722987      -0.4402333047028347      303.6784869921598
2.9750000000000005        -2.551                   -0.5610000000000006      303.67794179764877
2.975                     -2.542850558703448       -0.7270047182154267      303.6772949031283
3.1102944166616746        -2.591712157415071       -0.6592878425849303      303.6773570237368
3.1750000000000007        -2.6900000000000004      -0.7                     303.67684631815075
3.088782888886338         -2.6364039971025943      -0.7539964235414287      303.6769750877119
3.2262591623446557        -2.519878462289567       -0.8542228886138284      303.6771073559431
3.3750000000000004        -2.59655239268559        -0.7894900873046456      303.67698146932634
3.375                     -2.52050018671259        -0.8545827196814098      303.67707233596616
3.145228345992028         -2.688311868244458       -0.7937317386070984      303.67677580819696
2.9750000000000005        -2.59655239268559        -0.7894900873046456      303.67703101387394
3.0899821083169323        -2.5633506465490403      -0.8754534007932715      303.6770068965175
2.975                     -2.52050018671259        -0.8545827196814098      303.6771095722325
3.375000000000001         -2.6900000000000004      -0.6999999999999997      303.6767680410839
3.0921447135243314        -2.7423193598236977      -0.8021373439658379      303.6766555380072
2.9750000000000005        -2.6900000000000004      -0.6999999999999997      303.67682760301653
3.198938348849837         2.3283135680277147       -0.04413012418419605     303.6398094056103
3.1750000000000007        2.21                     0.10000000000000003      303.6405067428842
3.087070489107341         2.333586232077827        0.07713343517352614      303.64002921221856
3.1750000000000007        2.21                     -0.10000000000000003     303.64037760102343
3.224477746876419         2.3457766061498253       0.07214782785522446      303.63995957174336
3.1069732079581485        2.434218502948066        0.01646539716231563      303.6396075988367
3.232073858629926         2.4647838954435852       -0.013737465731776559    303.639458542801
3.375                     2.380133787014862        0.05494874485240864      303.6398106946615
3.375000000000001         2.21                     0.09999999999999998      303.6404495191332
3.375000000000001         2.21                     -0.09999999999999998     303.6403323645536
3.3750000000000004        2.3498500326391305       -0.10109778213515007     303.6395196545717
3.2515788223434887        2.30928784258493         -0.14029794385269706     303.63953856063966
2.975                     2.380133787014862        0.05494874485240864      303.63983568697955
2.9750000000000005        2.21                     0.09999999999999998      303.64053046690935
2.9750000000000005        2.21                     -0.09999999999999998     303.6404102459975
3.375                     2.5049487459539583       -0.06913416154159048     303.6392146173395
3.088290670296925         2.3461362541445507       -0.07566714656700303     303.63965079363123
3.110315764468698         2.30928784258493         -0.14029794385269706     303.6395461194138
2.9750000000000014        2.3498500326391305       -0.10109778213515007     303.6395396809103
3.1864796265170963        2.4168356077597277       -0.12420986826209421     303.6392327328694
3.25344733442032          2.529533231753993        -0.12109844295234451     303.63903903080444
3.1213804306907034        2.524383372934524        -0.10812179267149177     303.6390914436578
2.9750000000000005        2.5049487459539583       -0.06913416154159048     303.6392237164207
3.375000000000001         2.3510000000000004       -0.23900000000000063     303.6387492811501
3.1750000000000007        2.3510000000000004       -0.2390000000000007      303.638746417197
2.9750000000000005        2.3510000000000004       -0.23900000000000066     303.63875140336864
3.375000000000001         2.551                    -0.23900000000000063     303.6386120529681
3.211859682359301         2.451                    -0.3193568701005416      303.6383072167402
3.0817586014073926        2.4326775625536183       -0.21782182586116064     303.6387883753086
3.1750000000000007        2.5510000000000006       -0.2390000000000007      303.63862333933633
2.9750000000000005        2.551                    -0.23900000000000066     303.63861567759585
3.257307828166969         2.3760880229414356       -0.6889854314333606      303.63688355449625
3.275982001952198         2.4588500204453303       -0.644013506373675       303.6369230890371
3.1750000000000007        2.3510000000000004       -0.5610000000000006      303.63728833013784
3.375000000000001         2.3510000000000004       -0.5610000000000006      303.63727638541127
3.1750000000000007        2.5510000000000006       -0.5610000000000006      303.6371946562531
3.2264775293525614        2.454766964261373        -0.4915148362886932      303.6375460805232
3.100647122685384         2.5510000000000006       -0.3997281282736257      303.63793537048036
3.082180190103431         2.458339043668501        -0.5699617336362351      303.6372156713597
3.202513992370384         2.498957791096942        -0.5955475688681393      303.63706661304883
3.375000000000001         2.551                    -0.5610000000000006      303.63717274614464
3.3750000000000004        2.3964172803185906       -0.730499813287411       303.6367476498878
3.239705583338327         2.591712157415071        -0.6592878425849303      303.6365249736463
3.3750000000000004        2.521001479296415        -0.7299985207035848      303.6365107389287
2.9750000000000005        2.551                    -0.5610000000000006      303.63717650853977
3.098527916691633         2.591712157415071        -0.6592878425849305      303.6365457085321
3.184323385697706         2.503725864037092        -0.7026824632039528      303.63665294461765
3.2485937131282725        2.45358505267157         -0.8039587880273021      303.63650156564165
2.9750000000000005        2.3510000000000004       -0.5610000000000006      303.6372796079099
3.113237779101972         2.396280371236478        -0.7302624579728739      303.6367624314988
2.975                     2.521001479296415        -0.7299985207035848      303.6365277198743
2.975                     2.3964172803185906       -0.730499813287411       303.6367596100886
3.375000000000001         2.6900000000000004       -0.6999999999999997      303.6359387956723
3.375                     2.52050018671259         -0.8545827196814098      303.6362487845387
3.1750000000000007        2.690000000000001        -0.7                     303.6359833115009
3.2623664298640063        2.5661626118400234       -0.8765713885853965      303.63612767235225
2.9750000000000005        2.6900000000000004       -0.6999999999999997      303.6359712113403
3.07321598437705          2.616275179578741        -0.7810898271726106      303.6361470560406
3.126431823231553         2.5508104808105325       -0.8701072269420513      303.6361956654395
2.975                     2.52050018671259         -0.8545827196814098      303.6362831926401
4.445000000000001         -2.21                    0.10000000000000003      303.4054638775206
4.3623342509369225        -2.333261168655971       0.07725889528723412      303.40524868872035
4.245000000000001         -2.21                    0.09999999999999998      303.4054749277413
4.4215218970641414        -2.1886038412058104      -0.009444347905553709    303.40549650333463
4.245000000000001         -2.21                    -0.09999999999999998     303.4054187641027
4.245000000000002         -2.3801337870148624      0.054948744852408554     303.40516438859834
4.445000000000001         -2.21                    -0.10000000000000003     303.40541303329
4.387326011522019         -2.311650498830438       -0.06449073911371242     303.4051659117357
4.495497638120288         -2.3471612943133446      0.07154630784349635      303.4052187325504
4.4757536853611475        -2.327195909903599       -0.03742356044628443     303.40516343198755
4.380773274514559         -2.4357846411166792      0.0150938359075842       303.40505824783867
4.504753811443857         -2.469857014159006       -0.019559427008810762    303.404983138519
4.645000000000001         -2.21                    -0.09999999999999998     303.40538949908483
4.645000000000001         -2.3801337870148624      0.054948744852408554     303.4051539333571
4.645000000000001         -2.21                    0.09999999999999998      303.4054453702031
4.645000000000001         -2.38036249087728        -0.06998824316885269     303.4050225057858
4.245000000000002         -2.38036249087728        -0.06998824316885269     303.4050293323941
4.368421177656513         -2.30928784258493        -0.14029794385269706     303.4050328529257
4.245000000000001         -2.5049487459539583      -0.06913416154159048     303.40488683829653
4.509684235531303         -2.309287842584931       -0.14029794385269706     303.4050297849305
4.245000000000001         -2.3510000000000004      -0.23900000000000066     303.4046780742554
4.4197715941556           -2.4127212513751815      -0.13980808310585738     303.4048698050881
4.392614682484217         -2.524301332059856       -0.1079270075696008      303.40482996446235
4.445000000000001         -2.3510000000000004      -0.2390000000000007      303.4046757272773
4.523135196293412         -2.4348567856775283      -0.1068165406434505      303.4049024280504
4.524312476134926         -2.531524800252838       -0.12657666720256225     303.40479752188486
4.6450000000000005        -2.5049487459539583      -0.06913416154159048     303.4048840529875
4.645000000000001         -2.3510000000000004      -0.23900000000000063     303.4046758811773
4.345000000000001         -2.451                   -0.23900000000000046     303.40464443314613
4.245000000000001         -2.551                   -0.23900000000000066     303.4046174856816
4.245000000000001         -2.449044019733836       -0.3561637403784278      303.4044041595009
4.494620116759213         -2.44259007494609        -0.2617391727480463      303.4046014570412
4.3706471226853845        -2.3510000000000004      -0.39972812827362575     303.4043234546144
4.445000000000001         -2.5510000000000006      -0.2390000000000007      303.4046219756228
4.518719364718602         -2.3510000000000004      -0.39971374020108286     303.40432291596426
4.645000000000001         -2.551                   -0.23900000000000063     303.4046162741361
4.645000000000001         -2.449044019733836       -0.3561637403784278      303.4044028843584
4.353827396944349         -2.4518134390164272      -0.5786266654512723      303.4039892426518
4.355384262375002         -2.373593747068209       -0.6826884674308276      303.4038666182501
4.245000000000001         -2.3510000000000004      -0.5610000000000006      303.4040289436521
4.445000000000001         -2.3510000000000004      -0.5610000000000006      303.404033304122
4.445000000000001         -2.5510000000000006      -0.5610000000000006      303.40399173103395
4.404239361851015         -2.4620989671232847      -0.4873315505140872      303.40415391673474
4.518719364718602         -2.551                   -0.39971374020108286     303.4043155012484
4.529833246757826         -2.4613752127441195      -0.5725717980373445      303.40399484620053
4.645000000000001         -2.3510000000000004      -0.5610000000000006      303.40402664587776
4.490424069036683         -2.3793503485284972      -0.6967121735167243      303.40384712904324
4.6450000000000005        -2.3964172803185906      -0.730499813287411       303.4037965894247
4.433529484982457         -2.5188748221370525      -0.6923426130820526      303.40375801065426
4.380294416661676         -2.591712157415071       -0.6592878425849305      303.4037127672605
4.245000000000001         -2.551                   -0.5610000000000006      303.4039845680794
4.245000000000001         -2.3964172803185906      -0.730499813287411       303.40380291812977
4.366241049830159         -2.442444823088571       -0.7925975699016528      303.4037145383663
4.245000000000001         -2.542850558703448       -0.7270047182154267      303.4036838259375
4.521472083308368         -2.5917121574150705      -0.6592878425849303      303.40370226549146
4.445000000000001         -2.690000000000001       -0.7                     303.4034763146411
4.6450000000000005        -2.542850558703448       -0.7270047182154267      303.4036726285712
4.645000000000001         -2.551                   -0.5610000000000006      303.40398041893235
4.645000000000001         -2.4508010194722987      -0.4402333047028347      303.40423872023143
4.496259162344657         -2.5198784622895674      -0.8542228886138288      303.4035937370554
4.645000000000001         -2.59655239268559        -0.7894900873046456      303.40354023385635
4.6450000000000005        -2.52050018671259        -0.8545827196814098      303.4035815106706
4.362147617513222         -2.606791222809256       -0.7894492855143186      303.40355059303505
4.245000000000001         -2.6900000000000004      -0.6999999999999997      303.4034719995748
4.245000000000001         -2.52050018671259        -0.8545827196814098      303.40359893724576
4.359982108316934         -2.5633506465490417      -0.875453400793272       303.40354786534
4.528452481440905         -2.7093226365376673      -0.7919861525220914      303.4034014482404
4.462966682594421         -2.767961406229914       -0.7                     303.40338445575094
4.39052153100134          -2.765148764530903       -0.7986715577468427      303.4033714589331
4.645000000000001         -2.6900000000000004      -0.6999999999999997      303.4034315455206
4.645000000000001         -2.8500000000000005      -0.6999999999999997      303.4033271963842
4.245000000000001         -2.59655239268559        -0.7894900873046456      303.40356161226225
4.547030799368301         2.224109322740593        -0.010396892093285096    303.3908252951472
4.445000000000001         2.21                     0.10000000000000003      303.3908950866179
4.645000000000001         2.21                     0.09999999999999998      303.39087288378033
4.490759970707809         2.3459308879075973       0.07208116810930354      303.39063809999146
4.445000000000001         2.21                     -0.10000000000000003     303.39083264223234
4.358735957142897         2.3358316830088373       0.07625630573504961      303.3906656677713
4.6450000000000005        2.380133787014862        0.05494874485240864      303.3905734331344
4.645000000000001         2.21                     -0.09999999999999998     303.39081674078125
4.245000000000001         2.380133787014862        0.05494874485240864      303.3905836190853
4.245000000000001         2.21                     0.09999999999999998      303.39090102477746
4.245000000000001         2.21                     -0.09999999999999998     303.3908463963009
4.645000000000002         2.3498500326391305       -0.10109778213515007     303.3904344212723
4.502009305023149         2.464673212405008        -0.01361338089868547     303.39040700213195
4.521578822343489         2.30928784258493         -0.14029794385269706     303.3904464235567
4.6450000000000005        2.5049487459539583       -0.06913416154159048     303.39029164429047
4.377960413541224         2.43431058974827         0.016385218969971027     303.39047665077163
4.380315764468699         2.309287842584931        -0.1402979438526971      303.39045322692357
4.245000000000002         2.3498500326391305       -0.10109778213515007     303.3904423705752
4.4530114182863425        2.415360283510902        -0.1222986988871945      303.3903052184721
4.52295642374363          2.529478852867894        -0.12095286531818304     303.39021266416404
4.3927668583674455        2.524349717349471        -0.10804184512881825     303.3902357818016
4.245000000000001         2.5049487459539583       -0.06913416154159048     303.3902962697429
4.645000000000001         2.3510000000000004       -0.23900000000000063     303.3900744457383
4.445000000000001         2.3510000000000004       -0.2390000000000007      303.3900743231292
4.245000000000001         2.3510000000000004       -0.23900000000000066     303.3900778957161
4.54240086665842          2.4400548662071766       -0.22803201364771528     303.39006780378253
4.645000000000001         2.551                    -0.23900000000000063     303.39001221057106
4.645000000000001         2.4490440197338366       -0.3561637403784281      303.38978940250564
4.377799332345412         2.4401852383214933       -0.24554618961051752     303.3900319848936
4.445000000000001         2.5510000000000006       -0.2390000000000007      303.3900183558081
4.245000000000001         2.551                    -0.23900000000000066     303.39001409866404
4.245000000000001         2.4490440197338366       -0.3561637403784281      303.3897904782585
4.518719364718601         2.3510000000000004       -0.3997137402010827      303.3897043101861
4.370647122685385         2.3510000000000004       -0.3997281282736256      303.3897061684876
4.496421274203394         2.465861181253636        -0.5241146068976682      303.38945191273245
4.445000000000001         2.5510000000000006       -0.5610000000000006      303.38935490854436
4.370647122685385         2.5510000000000006       -0.3997281282736256      303.38969841365645
4.518719364718601         2.551                    -0.3997137402010827      303.389697590541
4.54414333365713          2.4437066303921537       -0.6218956873730288      303.3892771675529
4.52730782816697          2.376088022941436        -0.6889854314333609      303.38921289125364
4.645000000000001         2.3510000000000004       -0.5610000000000006      303.389393805834
4.445000000000001         2.3510000000000004       -0.5610000000000006      303.3893990988932
4.3450000000000015        2.451                    -0.5610000000000005      303.3893847189474
4.645000000000001         2.4508010194722987       -0.4402333047028347      303.3896169089951
4.645000000000001         2.551                    -0.5610000000000006      303.38934542913734
4.509705583338327         2.591712157415071        -0.6592878425849303      303.38905056518126
4.6450000000000005        2.521001479296415        -0.7299985207035848      303.3890420410924
4.6450000000000005        2.3964172803185906       -0.730499813287411       303.38915054588216
4.450894672840683         2.510975549017744        -0.6881893180594726      303.38912072576574
4.518593713128272         2.45358505267157         -0.8039587880273027      303.3890376007971
4.368527916691633         2.5917121574150705       -0.6592878425849302      303.38905387788003
4.245000000000001         2.4508010194722987       -0.4402333047028347      303.3896178694917
4.245000000000001         2.551                    -0.5610000000000006      303.38934733217155
4.245000000000001         2.3510000000000004       -0.5610000000000006      303.38939490851027
4.245000000000001         2.521001479296415        -0.7299985207035848      303.38904972236503
4.3832377791019725        2.396280371236478        -0.730262457972874       303.3891567841434
4.245000000000001         2.3964172803185906       -0.730499813287411       303.38915556039797
4.445000000000001         2.690000000000001        -0.7                     303.3887999988192
4.645000000000001         2.6900000000000004       -0.6999999999999997      303.3887796583195
4.532366429864006         2.5661626118400234       -0.8765713885853964      303.3888669143717
4.6450000000000005        2.52050018671259         -0.8545827196814098      303.3889224615097
4.345000000000001         2.770000000000001        -0.7                     303.38871242403565
4.331306603513017         2.706001736016758        -0.7867126056286331      303.3887496645182
4.378332709259041         2.850000000000001        -0.8000001688888888      303.3886480118094
4.396431823231554         2.5508104808105325       -0.8701072269420513      303.3888966409759
4.245000000000001         2.6900000000000004       -0.6999999999999997      303.3887955311548
4.245000000000001         2.8500000000000005       -0.6999999999999997      303.3886808072562
4.245000000000001         2.52050018671259         -0.8545827196814098      303.3889352404082
-4.353490132807539        -2.0433678705313145      0.10000000000000003      321.5136021983772
-4.486246031589275        -2.0416554088063994      0.10000000000000003      321.51505793895745
-4.340567228865751        -2.0520235776856413      0.020361343067730856     321.51732454210656
-4.244999999999999        -2.0784329616227364      0.10000000000000003      321.52698220684255
-4.36772584875702         -2.113885792043564       0.10000000000000003      321.54253183885845
-4.362140072301345        -2.0421525412260886      -0.10000000000000003     321.5149759234963
-4.28109151865297         -2.027304594440939       -0.03137688910153131     321.5062365007651
-4.244999999999999        -2.0313804394249226      -0.0374316053853543      321.50802137825997
-4.645                    -2.0784329616227364      0.10000000000000003      321.5280084355322
-4.645                    -2.042381524290684       -0.030258426380274275    321.5137885843023
-4.542774491718667        -2.126573187085806       0.10000000000000003      321.547486842276
-4.482559665164701        -2.1043594246829183      -0.01932776424752342     321.54041663175053
-4.50204322668093         -2.0658882747420604      -0.10000000000000003     321.5254108270546
-4.244999999999999        -2.1115684361308102      -0.024616155952261395    321.54235930295647
-4.368811947498737        -2.116075607102849       -0.10000000000000003     321.54551854825064
-4.244999999999999        -2.0784329616227364      -0.10000000000000003     321.52877808094877
-4.645                    -2.116229140365454       -0.016698199830127165    321.544600298516
-4.555230857057319        -2.1349788507106675      -0.10000000000000003     321.55392180209
-4.645                    -2.0784329616227364      -0.10000000000000003     321.52934513233095
-4.244999999999999        -2.3510000000000004      -0.4000000000000008      321.8082875249479
-4.371280635281398        -2.3510000000000004      -0.39971374020108286     321.80825735541424
-4.529136708219888        -2.4491274619060555      -0.2845120292568684      321.7579305928235
-4.519352877314616        -2.3510000000000004      -0.39972812827362575     321.8085603156004
-4.645                    -2.449044019733836       -0.3561637403784278      321.7896431886979
-4.645                    -2.3510000000000004      -0.4000000000000008      321.8084894243426
-4.244999999999999        -2.5510000000000006      -0.4000000000000008      321.80967082961206
-4.645                    -2.5510000000000006      -0.4000000000000008      321.80992485862254
-4.444999999999999        -2.850000000000001       -0.7                     322.0630211781977
-4.427553945861614        -2.767607455815537       -0.7                     322.0544157648164
-4.244999999999999        -2.8500000000000005      -0.6999999999999997      322.058110874145
-4.37833345839073         -2.850000000000001       -0.8000000337777777      322.0727328012152
-4.511667291953651        -2.850000000000001       -0.8000001688888889      322.0798548992264
-4.645                    -2.8500000000000005      -0.6999999999999997      322.0708676512449
-4.444999999999999        2.0800000000000005       0.10000000000000003      304.8477972811138
-4.244999999999999        2.0800000000000005       1.3877787807814457E-17   304.8479776609994
-4.445                    2.08                     -0.10000000000000003     304.84779312967413
-4.645                    2.08                     -1.3877787807814457E-17  304.84769123133464
-4.244999999999999        2.3510000000000004       -0.4000000000000006      304.84176059378245
-4.645                    2.4490440197338366       -0.3561637403784281      304.842099200458
-4.519352877314615        2.3510000000000004       -0.3997281282736256      304.84179349632547
-4.645                    2.3510000000000004       -0.4000000000000006      304.841759759982
-4.244999999999999        2.5510000000000006       -0.4000000000000006      304.84173626812367
-4.645                    2.5510000000000006       -0.4000000000000006      304.8417356016506
-4.444999999999999        2.850000000000001        -0.7                     304.8383605679726
-4.378333458148192        2.850000000000001        -0.8000000337777778      304.83823312104266
-4.244999999999999        2.8500000000000005       -0.6999999999999997      304.8382635138123
-4.545000000000001        2.770000000000001        -0.7                     304.83846591635887
-4.532398317667033        2.7553336193491478       -0.8064225958832202      304.8384230908657
-4.511667290740959        2.850000000000001        -0.800000168888889       304.8382854459582
-4.645                    2.8500000000000005       -0.6999999999999997      304.8383376543662
-2.974999999999999        -2.0800000000000005      1.3877787807814457E-17   309.46235620767345
-3.1749999999999994       -2.0800000000000005      0.10000000000000003      309.4628033218615
-3.175                    -2.08                    -0.10000000000000003     309.46282040702454
-3.3749999999999996       -2.08                    -1.3877787807814457E-17  309.4631398036809
-2.974999999999999        -2.3510000000000004      -0.4000000000000008      309.46909017252517
-3.3749999999999996       -2.3510000000000004      -0.4000000000000008      309.4691349933604
-2.974999999999999        -2.5510000000000006      -0.4000000000000008      309.4691414768425
-3.2493528773146156       -2.5510000000000006      -0.3997281282736257      309.4692909616433
-3.374999999999999        -2.4508010194722987      -0.4402333047028347      309.46991727713265
-3.3749999999999996       -2.5510000000000006      -0.4000000000000008      309.46918998174976
-3.3749999999999996       -2.8500000000000005      -0.6999999999999997      309.48230962241274
-3.174999999999999        -2.8500000000000005      -0.7                     309.481358711268
-3.1083334581481914       -2.850000000000001       -0.8000000337777778      309.4814050320306
-3.2416672907409594       -2.8500000000000005      -0.8000001688888889      309.48307021063425
-2.974999999999999        2.0800000000000005       1.3877787807814457E-17   304.9587896763433
-3.1749999999999994       2.0800000000000005       0.10000000000000003      304.9586236994538
-3.175                    2.0799999999999996       -0.10000000000000002     304.95862354153905
-3.3749999999999996       2.08                     -1.3877787807814457E-17  304.9586533311286
-3.3749999999999996       2.4490440197338366       -0.3561637403784281      304.9501972641682
-2.974999999999999        2.3510000000000004       -0.4000000000000006      304.94966692290086
-3.2493528773146165       2.3510000000000004       -0.3997281282736257      304.94970482107686
-3.3749999999999996       2.3510000000000004       -0.4000000000000006      304.9496677878119
-2.974999999999999        2.5510000000000006       -0.4000000000000006      304.9496284066066
-3.3749999999999996       2.5510000000000006       -0.4000000000000006      304.9496291933314
-3.275                    2.770000000000001        -0.7                     304.9440387817012
-3.2416672907409594       2.850000000000001        -0.8000001688888889      304.94369511264443
-3.3749999999999996       2.8500000000000005       -0.6999999999999997      304.94383857591293
-3.1749999999999994       2.850000000000001        -0.7                     304.9438628073313
-2.974999999999999        2.8500000000000005       -0.6999999999999997      304.9437345679928
-3.108333458148192        2.850000000000001        -0.8000000337777777      304.9436184637724
-1.9049999999999994       -2.0800000000000005      0.10000000000000003      306.77588194087866
-1.7049999999999992       -2.0800000000000005      1.3877787807814457E-17   306.77593051117134
-1.9049999999999996       -2.08                    -0.10000000000000005     306.77586553024327
-2.1049999999999995       -2.08                    -1.3877787807814457E-17  306.7759379700025
-1.7049999999999992       -2.3510000000000004      -0.4000000000000008      306.76961008901213
-2.1049999999999995       -2.3510000000000004      -0.4000000000000008      306.76962669601596
-1.7049999999999992       -2.5510000000000006      -0.4000000000000008      306.7695908667925
-1.979352877314616        -2.5510000000000006      -0.39972812827362575     306.7696723276925
-2.1049999999999995       -2.4508010194722987      -0.4402333047028347      306.76943538114017
-2.1049999999999995       -2.5510000000000006      -0.4000000000000008      306.76960837259173
-1.9049999999999994       -2.850000000000001       -0.7                     306.76811446221615
-2.1049999999999995       -2.8500000000000005      -0.6999999999999997      306.76844228252554
-1.8383334581481916       -2.850000000000001       -0.800000033777778       306.7679254835786
-1.9716672907409594       -2.8500000000000014      -0.800000168888889       306.7685089155137
-1.9049999999999994       2.0800000000000005       0.10000000000000003      305.1047449205079
-1.7049999999999992       2.0800000000000005       1.3877787807814457E-17   305.1049620501225
-1.9049999999999996       2.08                     -0.10000000000000005     305.10472116351457
-2.1049999999999995       2.08                     -1.3877787807814457E-17  305.104730046348
-1.7049999999999992       2.4490440197338366       -0.3561637403784281      305.093154148763
-1.7049999999999992       2.3510000000000004       -0.4000000000000006      305.09240978097193
-1.8312806352813986       2.3510000000000004       -0.39971374020108275     305.0924581431558
-2.1049999999999995       2.3510000000000004       -0.4000000000000006      305.0924113428806
-1.8419012135286263       2.4515868125855946       -0.4724842241414252      305.0912217454142
-1.8312806352813986       2.5510000000000006       -0.39971374020108275     305.0923877309723
-1.7049999999999992       2.4508010194722987       -0.4402333047028347      305.09172408252925
-1.7049999999999992       2.5510000000000006       -0.4000000000000006      305.0923552887299
-1.979352877314616        2.5510000000000006       -0.3997281282736256      305.09239680257787
-2.1049999999999995       2.4508010194722987       -0.4402333047028347      305.0917258679256
-2.1049999999999995       2.5510000000000006       -0.4000000000000006      305.09235632933877
-1.9049999999999994       2.850000000000001        -0.7                     305.08390520838594
-1.8383334581481914       2.850000000000001        -0.8000000337777778      305.08353226589537
-1.7049999999999992       2.8500000000000005       -0.6999999999999997      305.0837125897168
-0.6349999999999993       -2.08                    0.10000000000000003      306.0553711578674
-0.4349999999999992       -2.0800000000000005      1.3877787807814457E-17   306.0555897981063
-0.6349999999999995       -2.08                    -0.10000000000000003     306.0554839568307
-0.8349999999999997       -2.08                    -1.3877787807814457E-17  306.05567256551404
-0.4349999999999992       -2.3510000000000004      -0.4000000000000008      306.04066122527223
-0.8349999999999997       -2.3510000000000004      -0.4000000000000008      306.04066955569795
-0.4349999999999992       -2.5510000000000006      -0.4000000000000008      306.0405977654211
-0.7093528773146159       -2.5510000000000006      -0.3997281282736257      306.0406620119861
-0.8349999999999996       -2.4508010194722987      -0.4402333047028347      306.0398772802396
-0.8349999999999997       -2.5510000000000006      -0.4000000000000008      306.0406045879933
-0.6349999999999993       -2.850000000000001       -0.7                     306.03101871367727
-0.5683334581481916       -2.850000000000001       -0.8000000337777778      306.0306005250455
-0.7016672907409596       -2.850000000000001       -0.8000001688888889      306.03080892730594
-0.8349999999999996       -2.8500000000000005      -0.6999999999999997      306.0310799451377
-0.4349999999999992       2.0800000000000005       1.3877787807814457E-17   305.42572310299323
-0.6349999999999993       2.0800000000000005       0.10000000000000003      305.4254419315474
-0.6349999999999995       2.08                     -0.10000000000000003     305.4254567971075
-0.8349999999999997       2.08                     -1.3877787807814457E-17  305.4254535609793
-0.43499999999999917      2.4490440197338366       -0.3561637403784281      305.4094294426206
-0.4349999999999992       2.3510000000000004       -0.4000000000000006      305.408386396313
-0.5612806352813989       2.3510000000000004       -0.39971374020108275     305.40844426011785
-0.8349999999999997       2.3510000000000004       -0.4000000000000006      305.40838719895856
-0.5612806352813989       2.5510000000000006       -0.39971374020108275     305.408347302046
-0.43499999999999917      2.4508010194722987       -0.4402333047028347      305.407412644709
-0.4349999999999992       2.5510000000000006       -0.4000000000000006      305.4083100150281
-0.8349999999999996       2.4508010194722987       -0.4402333047028347      305.4074132914052
-0.8349999999999997       2.5510000000000006       -0.4000000000000006      305.4083090960354
-0.7349999999999997       2.770000000000001        -0.7                     305.39651052847165
-0.7016672907409598       2.8500000000000014       -0.800000168888889       305.39575947907866
-0.8349999999999996       2.8500000000000005       -0.6999999999999997      305.39610669328096
-0.6349999999999995       2.850000000000001        -0.7                     305.3961776249871
-0.5683334581481916       2.850000000000001        -0.800000033777778       305.3956397634342
-0.43499999999999917      2.8500000000000005       -0.6999999999999997      305.3959390735358
0.4350000000000005        -2.08                    -1.3877787807814457E-17  305.29578788782294
0.6350000000000007        -2.0800000000000005      0.10000000000000003      305.2954198090133
0.6350000000000005        -2.08                    -0.10000000000000003     305.29541091251724
0.7029958979676677        -2.1718527705429564      -0.001111067382184472    305.2932055352785
0.8350000000000009        -2.0800000000000005      1.3877787807814457E-17   305.29531019199965
0.4350000000000005        -2.3510000000000004      -0.4000000000000008      305.28123549296095
0.8350000000000009        -2.3510000000000004      -0.4000000000000008      305.2812260049388
0.7087193647186014        -2.551                   -0.39971374020108286     305.28120744118735
0.8350000000000009        -2.4508010194722987      -0.4402333047028347      305.2804320377945
0.8350000000000009        -2.5510000000000006      -0.4000000000000008      305.28116361541333
0.5881725798821462        -2.464787497239735       -0.4275179866637361      305.2807143939028
0.560647122685384         -2.5510000000000006      -0.39972812827362575     305.2812141259678
0.4350000000000005        -2.4508010194722987      -0.4402333047028347      305.28044176182533
0.4350000000000005        -2.5510000000000006      -0.4000000000000008      305.2811711249989
0.7016665418518087        -2.850000000000001       -0.800000033777778       305.27093227217625
0.8350000000000009        -2.8500000000000005      -0.6999999999999997      305.27112207984857
0.6350000000000007        -2.8500000000000005      -0.7                     305.27135954668796
0.5683327092590406        -2.850000000000001       -0.8000001688888889      305.2710948457423
0.4350000000000005        -2.8500000000000005      -0.6999999999999997      305.2713874256547
0.6350000000000007        2.0800000000000005       0.10000000000000003      305.0612388248432
0.8350000000000009        2.0800000000000005       1.3877787807814457E-17   305.061116818511
0.6350000000000005        2.08                     -0.10000000000000003     305.0612306004287
0.4350000000000005        2.08                     -1.3877787807814457E-17  305.06161555597055
0.8350000000000009        2.4490440197338366       -0.3561637403784281      305.04705453235886
0.8350000000000009        2.3510000000000004       -0.4000000000000006      305.046128498674
0.7087193647186014        2.3510000000000004       -0.39971374020108275     305.0461803179805
0.4350000000000005        2.3510000000000004       -0.4000000000000006      305.04613500637913
0.6980987668344757        2.4515868084930097       -0.47248422015908637     305.0446189348913
0.7087193647186014        2.5510000000000006       -0.39971374020108275     305.0460921454746
0.8350000000000009        2.4508010194722987       -0.4402333047028347      305.04526186944986
0.8350000000000009        2.5510000000000006       -0.4000000000000006      305.04606040581655
0.5606471226853842        2.5510000000000006       -0.3997281282736256      305.04610590595905
0.4350000000000005        2.4508010194722987       -0.4402333047028347      305.0452667834716
0.4350000000000005        2.5510000000000006       -0.4000000000000006      305.0460658040882
0.6350000000000007        2.850000000000001        -0.7                     305.0352254499851
0.7016665418518084        2.850000000000001        -0.8000000337777778      305.0347011182674
0.8350000000000009        2.8500000000000005       -0.6999999999999997      305.0349402956868
1.9050000000000002        -2.08                    0.10000000000000003      304.3078703008241
2.1050000000000004        -2.0800000000000005      1.3877787807814457E-17   304.30775160241006
1.9050000000000002        -2.08                    -0.10000000000000003     304.30797447560997
1.705                     -2.08                    -1.3877787807814457E-17  304.3082525102863
2.1050000000000004        -2.3510000000000004      -0.4000000000000008      304.3004764741129
1.705                     -2.3510000000000004      -0.4000000000000008      304.30048236717533
2.1050000000000004        -2.5510000000000006      -0.4000000000000008      304.30044339209763
1.8306471226853838        -2.5510000000000006      -0.39972812827362575     304.30047041106684
1.705                     -2.4508010194722987      -0.4402333047028347      304.3000657880451
1.705                     -2.5510000000000006      -0.4000000000000008      304.3004489651509
1.9050000000000002        -2.850000000000001       -0.7                     304.2953076903855
1.9716665418518082        -2.850000000000001       -0.800000033777778       304.2950851009328
1.8383327092590402        -2.8500000000000014      -0.800000168888889       304.295162262147
1.705                     -2.8500000000000005      -0.6999999999999997      304.29532134179703
1.9050000000000002        2.08                     0.10000000000000003      304.2108753392036
2.1050000000000004        2.0800000000000005       1.3877787807814457E-17   304.21073373171106
1.9050000000000002        2.08                     -0.10000000000000003     304.21087973630625
1.705                     2.08                     -1.3877787807814457E-17  304.21119510673446
2.1050000000000004        2.4490440197338366       -0.3561637403784281      304.203472659859
1.9787193647186008        2.5510000000000006       -0.39971374020108275     304.2029734681108
2.1050000000000004        2.5510000000000006       -0.4000000000000006      304.2029558202888
2.1050000000000004        2.4508010194722987       -0.4402333047028347      304.2025419580262
2.1050000000000004        2.3510000000000004       -0.4000000000000006      304.2029907954694
1.9787193647186008        2.3510000000000004       -0.39971374020108275     304.20301918668326
1.705                     2.3510000000000004       -0.4000000000000006      304.2029957723956
1.705                     2.5510000000000006       -0.4000000000000006      304.2029597088557
1.9050000000000002        2.850000000000001        -0.7                     304.1973428286028
1.9716665418518082        2.850000000000001        -0.8000000337777778      304.1970741945889
2.1050000000000004        2.8500000000000005       -0.6999999999999997      304.19720912969353
1.8050000000000002        2.770000000000001        -0.7                     304.19750754435887
1.83833270925904          2.8500000000000014       -0.8000001688888889      304.19716383241575
1.705                     2.8500000000000005       -0.6999999999999997      304.19732924406736
1.817211056301329         2.7529707192436854       -0.8074304209911171      304.1973660633473
3.1750000000000007        -2.0800000000000005      0.10000000000000003      303.6817225449663
3.3750000000000013        -2.0800000000000005      1.3877787807814457E-17   303.68163465883043
3.1750000000000007        -2.08                    -0.10000000000000005     303.68172626194763
2.9750000000000005        -2.08                    -1.3877787807814457E-17  303.68187793170216
3.3750000000000013        -2.3510000000000004      -0.4000000000000008      303.6786549122593
2.9750000000000005        -2.3510000000000004      -0.4000000000000008      303.6786580108065
3.3750000000000013        -2.5510000000000006      -0.4000000000000008      303.67864150532046
3.1006471226853844        -2.5510000000000006      -0.3997281282736257      303.67865413916303
2.9750000000000005        -2.4508010194722987      -0.4402333047028347      303.6784901967044
2.9750000000000005        -2.5510000000000006      -0.4000000000000008      303.67864447702635
3.175000000000001         -2.850000000000001       -0.7                     303.6765877025998
3.192966682594421         -2.767961406229914       -0.7                     303.67664773745133
3.375000000000001         -2.8500000000000005      -0.6999999999999997      303.6765189393021
3.2416665418518087        -2.850000000000001       -0.8000000337777778      303.6764831130123
3.108332709259041         -2.850000000000001       -0.8000001688888889      303.67654182627746
2.9750000000000005        -2.8500000000000005      -0.6999999999999997      303.676607853084
3.3750000000000013        2.0800000000000005       1.3877787807814457E-17   303.64106036763025
3.1750000000000007        2.08                     -0.10000000000000003     303.64114164585555
3.1750000000000007        2.0800000000000005       0.10000000000000003      303.6411302325537
2.9750000000000005        2.08                     -1.3877787807814457E-17  303.6412751433095
3.375000000000001         2.4490440197338366       -0.3561637403784281      303.6381307074348
2.9750000000000005        2.4490440197338366       -0.3561637403784281      303.63813362003566
3.2487193647186015        2.3510000000000004       -0.39971374020108275     303.6379498678324
3.3750000000000013        2.3510000000000004       -0.4000000000000006      303.6379373185466
3.100647122685384         2.3510000000000004       -0.3997281282736257      303.6379493043657
2.9750000000000005        2.3510000000000004       -0.4000000000000006      303.63794006148356
3.2487193647186015        2.5510000000000006       -0.39971374020108275     303.63793192820015
3.375000000000001         2.4508010194722987       -0.4402333047028347      303.63775846658194
3.3750000000000013        2.5510000000000006       -0.4000000000000006      303.6379232299529
2.9750000000000005        2.4508010194722987       -0.4402333047028347      303.63776112467195
2.9750000000000005        2.5510000000000006       -0.4000000000000006      303.6379255928375
3.0750000000000006        2.7700000000000005       -0.7                     303.6357924856471
3.1750000000000007        2.850000000000001        -0.7                     303.63571783975794
3.108332709259041         2.850000000000001        -0.8000001688888889      303.63565114350365
2.9750000000000005        2.8500000000000005       -0.6999999999999997      303.635724974412
3.2416665418518087        2.850000000000001        -0.8000000337777777      303.6356123211358
3.375000000000001         2.8500000000000005       -0.6999999999999997      303.6356492079677
3.072876718149601         2.715001627515711        -0.794239498610177       303.6358445762061
4.245000000000001         -2.08                    -1.3877787807814457E-17  303.4058024679579
4.445000000000001         -2.0800000000000005      0.10000000000000003      303.4057424336071
4.445000000000001         -2.08                    -0.10000000000000003     303.4057621233383
4.645000000000001         -2.0800000000000005      1.3877787807814457E-17   303.40572595728594
4.245000000000001         -2.3510000000000004      -0.4000000000000008      303.4043183206349
4.645000000000001         -2.3510000000000004      -0.4000000000000008      303.40431706766515
4.3706471226853845        -2.551                   -0.39972812827362575     303.4043167087352
4.245000000000001         -2.4508010194722987      -0.4402333047028347      303.40424011809665
4.245000000000001         -2.5510000000000006      -0.4000000000000008      303.4043120149832
4.645000000000001         -2.5510000000000006      -0.4000000000000008      303.40431079141325
4.378332709259042         -2.850000000000001       -0.8000001688888889      303.4033361757235
4.245000000000001         -2.8500000000000005      -0.6999999999999997      303.4033663367483
4.445                     -2.850000000000001       -0.7                     303.4033556294492
4.51166654185181          -2.850000000000001       -0.8000000337777778      303.4033095744886
4.445000000000001         2.0800000000000005       0.10000000000000003      303.3911889121309
4.645000000000001         2.0800000000000005       1.3877787807814457E-17   303.3911608529615
4.445000000000001         2.08                     -0.10000000000000005     303.39119027605585
4.245000000000001         2.08                     -1.3877787807814457E-17  303.3912488553837
4.645000000000001         2.3510000000000004       -0.4000000000000006      303.3896995227706
4.245000000000001         2.3510000000000004       -0.4000000000000006      303.38970060798886
4.645000000000001         2.5510000000000006       -0.4000000000000006      303.38969294615833
4.245000000000001         2.5510000000000006       -0.4000000000000006      303.38969394786244
4.445000000000001         2.850000000000001        -0.7                     303.3886773993279
4.51166654185181          2.850000000000001        -0.8000000337777777      303.38862761946785
4.645000000000001         2.8500000000000005       -0.6999999999999997      303.38864604233225
-0.239482549373163        0.23164378209697087      -2.1909973855868177E-4   320.6677872001471
-0.33336155968411046      0.141300478125673        -0.0036705977876930838   320.6163593713881
0.3307390504584691        0.0042546268879451905    -4.683753385137379E-17   320.75562270841954
-0.39969410728137794      -0.07155870751468102     -9.513435305598297E-4    320.5619835913522
0.03276213725782173       -0.261300966626544       1.5872719805187785E-16   320.73482791596336
