% Model:              busbar.mph
% Version:            COMSOL 6.2.0.290
% Date:               May 27 2026, 23:38
% Dimension:          3
% Nodes:              1360
% Expressions:        3
% Description:        Electric potential, Temperature, Displacement magnitude
% Length unit:        m
% x                       y                        z                        V (V)                    T (K)                    solid.disp (m)
0.09750000000000002       0                        0.09696321069695094      0.0077887274461530395    324.27340654449284       3.246454529946636E-5
0.095                     0                        0.1                      0.007788814622795769     324.2708708106507        3.4617771923674284E-5
0.09748442906267522       -0.004085997568880201    0.1                      0.007788948415049401     324.2728539458535        3.367762421058537E-5
0.09999999999999999       0                        0.1                      0.007788824678724422     324.2708293226306        3.4376131853923244E-5
0.09749606929798824       -0.006999750297542362    0.1                      0.007789164157031166     324.27388765291283       3.320086976700576E-5
0.09999999999999999       -0.005555555555555553    0.1                      0.007789023167252868     324.2729397634694        3.335413235646552E-5
0.09777561092896259       -0.00576678321350021     0.09701114652833108      0.007789002288933961     324.2755625449694        3.135886141172448E-5
0.09499999999999999       -0.005555555555555553    0.1                      0.007789028935586973     324.272863951373         3.359847434782001E-5
0.09999999999999998       -0.00389964575541347     0.09637688772848295      0.007788827961402968     324.2750517074104        3.1205705924733724E-5
0.09499999999999999       -0.0035950620223906995   0.09569172311557216      0.0077887904055868725    324.2756621753846        3.1074911587429526E-5
0.09999999999999999       0                        0.09392642139390188      0.007788512868390081     324.2762713150449        3.0418172458220795E-5
0.09499999999999999       0                        0.09392642139390182      0.007788611853070756     324.27585969396836       3.0691467685204225E-5
0.09749950866224853       -0.01109242625030444     0.097510582008119        0.007789552149007867     324.27714463603695       3.091822222249415E-5
0.0975                    -0.013888888888888881    0.09999999999999999      0.00778987255589215      324.27648415802827       3.23455831138005E-5
0.09999999999999999       -0.011111111111111106    0.1                      0.007789563616517703     324.27520499473434       3.256783606892441E-5
0.09499999999999999       -0.011111111111111106    0.1                      0.007789566834206139     324.27502485988913       3.281459682687242E-5
0.09999999999999998       -0.008426755286164876    0.09582335902891505      0.00778921780362997      324.27743089684196       3.0050945319047598E-5
0.09499999999999999       -0.0086681904648222      0.09442583608141143      0.007789198370120683     324.27911387546226       2.933633577782289E-5
0.09999999999999998       -0.005114536415176735    0.09078251280059828      0.007788489436139688     324.28306952968217       2.7255942401212364E-5
0.09499999999999999       -0.00412936432353519     0.09071124668100675      0.0077883241233641185    324.2828936151227        2.7714593479137653E-5
0.09999999999999999       0                        0.08785284278780374      0.00778750841378497      324.28673888486423       2.657716985520459E-5
0.095                     0                        0.08785284278780366      0.007787649869035255     324.28645949126064       2.688878450944498E-5
0.09749999999999999       -0.016800639592154033    0.09742538883004159      0.007790214061901877     324.2793403575089        3.0287102582864878E-5
0.095                     -0.016666666666666663    0.1                      0.007790173525623634     324.27700400213433       3.2289415688872615E-5
0.09999999999999999       -0.016666666666666663    0.1                      0.007790173353490013     324.27703589104834       3.204087559848955E-5
0.0975                    -0.019444444444444438    0.1                      0.00779039581260939      324.27798272113796       3.195418458178752E-5
0.09499999999999999       -0.01455837272583449     0.09459829709695003      0.007790011524404559     324.28142387464294       2.8689482428243752E-5
0.09999999999999998       -0.013975230116960348    0.09523716385767539      0.007789903860995997     324.28016994548386       2.8920506009209405E-5
0.1                       -0.011180040762259464    0.09071846775930256      0.007789465731226702     324.2861459267129        2.61349909649237E-5
0.09499999999999999       -0.013125958314781189    0.09056198053166692      0.007789813487993438     324.2874851077991        2.6064245572034756E-5
0.095                     -0.008889309640251553    0.08789912514692383      0.007788697879145757     324.2910109970075        2.4928111322435068E-5
0.09999999999999999       -0.009056967555807361    0.08652991548080613      0.0077886343771792505    324.29444435943225       2.3652351023342456E-5
0.09499999999999999       -0.004783177250262405    0.08487733660430691      0.0077871825543560525    324.2960245083975        2.3844424756300954E-5
0.09999999999999999       -0.0048755495010567446   0.08470494822842455      0.007787147219717871     324.29614644805184       2.3366916372540163E-5
0.09999999999999999       0                        0.08177926418170561      0.007785330908449979     324.3017719226505        2.2906269035597457E-5
0.095                     0                        0.08177926418170547      0.007785284293958431     324.3017839859105        2.3265849956787683E-5
0.09999999999999998       -0.019444146878706162    0.0949510227355111       0.007790558024972916     324.28203276904605       2.828592127328659E-5
0.09999999999999999       -0.022222222222222216    0.1                      0.007790580585230175     324.2780549756249        3.178889993447074E-5
0.09499999999999999       -0.022222222222222216    0.1                      0.007790566705515269     324.2780638582337        3.203920466212994E-5
0.095                     -0.019760700349064603    0.09461662695019611      0.007790591879068844     324.282569474909         2.8313946008041632E-5
0.09499999999999999       -0.01730423970281968     0.09026274079044518      0.0077906881582577876    324.28986963577296       2.5411870360229348E-5
0.09999999999999998       -0.016621201230721448    0.09018410794090574      0.007790507930599599     324.28955098707695       2.510615417974241E-5
0.09499999999999999       -0.014675865995401362    0.08518395174363823      0.007790459903995133     324.3016982581334        2.2175567322315137E-5
0.09999999999999998       -0.013530933182011987    0.0857883917298097       0.007790055854371342     324.29929652329423       2.2394036916938222E-5
0.09750000000000002       -0.027675454003332968    0.09750275060297928      0.0077906607394031555    324.28028056232785       3.0113627171151186E-5
0.0975                    -0.024999999999999994    0.1                      0.0077906216308019       324.27848814334175       3.184519050271526E-5
0.09499999999999999       -0.02777777777777777     0.1                      0.0077906072676177385    324.27801710530906       3.2070774540863964E-5
0.09999999999999999       -0.02777777777777777     0.1                      0.007790611899578271     324.27810286837547       3.182458475183627E-5
0.09749999999999999       -0.030555555555555548    0.1                      0.007790440181362544     324.2779911987874        3.2021265839868704E-5
0.09999999999999999       -0.02456163193641199     0.09515891792013824      0.007790827911926604     324.2824766791313        2.8305641354466217E-5
0.09999999999999999       -0.009614453965258072    0.08199564772726196      0.007788012847278421     324.3078164123108        2.0528830607759453E-5
0.095                     -0.010100421869068638    0.08198992456717133      0.007788334596578197     324.3082652003541        2.0811795752090138E-5
0.1                       -0.0049780123341617915   0.07892349166746854      0.007784557365880461     324.31310529592065       1.9736809002580457E-5
0.095                     -0.005218454752426252    0.0787424748786564       0.007784587262025759     324.3141923056873        1.9972490242208805E-5
0.1                       0                        0.07570568557560747      0.007780550548382792     324.319821752435         1.9493092340739504E-5
0.095                     0                        0.0757056855756073       0.007780540517398813     324.3197938035653        1.991750296990195E-5
0.1                       -0.033333333333333326    0.1                      0.007790234399343522     324.27708208000655       3.214395917363498E-5
0.09999999999999998       -0.03024248185161452     0.0954641301436477       0.007790633575407918     324.2817726126478        2.869980978963582E-5
0.09749999999999998       -0.03611111111111111     0.1                      0.007789951897766947     324.2765488316344        3.2478173660648975E-5
0.09999999999999999       -0.03888888888888888     0.1                      0.007789662618738312     324.2752897073521        3.273801890713366E-5
0.09999999999999999       -0.03593682072354913     0.09583210640627589      0.007790002840652206     324.27978131504864       2.946269962724768E-5
0.09764756944444444       -0.03321571038264393     0.09727644893899781      0.007790268509818606     324.27932008983765       3.0273890034891477E-5
0.09499999999999999       -0.033333333333333326    0.1                      0.007790231260361761     324.2769833404622        3.238614700955562E-5
0.09499999999999997       -0.01497494572336566     0.07886770122076782      0.007791492162302459     324.3252448455136        1.784429432856649E-5
0.09999999999999998       -0.015720622384957257    0.07992684915981474      0.00779181170558084      324.3216455143038        1.8013508367569658E-5
0.09499999999999999       -0.025062329940548436    0.09459700942962794      0.00779085367368525      324.28313900242296       2.8186302126700584E-5
0.09999999999999998       -0.022364112872927736    0.08972063139061534      0.007791379168433488     324.2922018091295        2.4434109354595732E-5
0.1                       -0.01900333791469198     0.07545192170181356      0.007796603293680976     324.3472208663903        1.4415010106260799E-5
0.09499999999999999       -0.019456189305827234    0.08137765515667196      0.00779337810341633      324.3188436076481        1.9014624071181208E-5
0.09499999999999997       -0.022621024692477107    0.08949338915114433      0.007791436643438676     324.2928016781262        2.4586599297206687E-5
0.095                     -0.019853390654637718    0.08627428673188588      0.007791784511422996     324.30128406775157       2.24267826814638E-5
0.1                       -0.019283017233860642    0.0848939201405649       0.007791970960390497     324.3051720702451        2.1133264955388964E-5
0.09499999999999999       -0.03042607718697754     0.09480194733042022      0.00779060896388306      324.2822398826976        2.851609027549344E-5
0.09999999999999998       -0.027433730720993657    0.09036475194352991      0.0077913326336396796    324.29088931533255       2.4920550066572852E-5
0.09749816633596387       -0.03838465900146332     0.09802018712795475      0.007789714660123375     324.2769627594471        3.136627688385493E-5
0.095                     -0.03888888888888888     0.1                      0.007789661552282509     324.2752182957452        3.297356625072789E-5
0.09499999999999999       -0.035895373259571       0.09511184459075471      0.00779001101362961      324.2805003896227        2.9219319302686118E-5
0.09748370076412319       -0.04291365183531262     0.1                      0.007789269033240269     324.2740985308323        3.339680488216144E-5
0.09999999999999999       -0.010081227752215241    0.07632815478387492      0.007786726870551704     324.32857710099785       1.6741746232917162E-5
0.09999999999999998       -0.014841843480468518    0.07405987436566566      0.007792173632045133     324.347425975055         1.414943746277978E-5
0.095                     -0.010077648276852692    0.07580354918117298      0.0077865373423861815    324.33072383513905       1.6896180203423715E-5
0.09499999999999999       -0.015099435611415047    0.0727598411141939       0.0077934364052389534    324.35576865590616       1.379622366745343E-5
0.1                       -0.0050912567450546575   0.07268623493853332      0.0077785830771182176    324.33361642290714       1.6074047130692607E-5
0.095                     -0.00496929825284671     0.07250305091300553      0.0077786618943483975    324.334367130618         1.6530940616778026E-5
0.09999999999999999       0                        0.06963210696950935      0.007770976448271888     324.33767151095395       1.6490495070702562E-5
0.09499999999999999       0                        0.06963210696950911      0.0077708501794299225    324.3373986954041        1.699801845104473E-5
0.09749791999999999       -0.04617380783395993     0.1                      0.007789050832563362     324.27287709436473       3.3964931552076236E-5
0.09999999999999999       -0.04444444444444444     0.1                      0.007789123195191392     324.2730709887713        3.358683509322033E-5
0.09999999999999999       -0.05                    0.1                      0.0077889437569152245    324.27087035436017       3.466501939209018E-5
0.09999999999999999       -0.0459874133637145      0.09627461109670499      0.007788941000351181     324.27527127465834       3.136166256337331E-5
0.1                       -0.0414071691076065      0.09582235443847688      0.007789344879058762     324.27748140765283       3.0222334957255945E-5
0.09999999999999999       -0.038455935931920926    0.0917151343209126       0.007789628175455796     324.28462788649364       2.6932504604522682E-5
0.09999999999999999       -0.03299970087789924     0.09130162235134755      0.007790593961628257     324.28764253575577       2.596006670972341E-5
0.095                     -0.019459040595000403    0.07556386909554358      0.007797087382464637     324.347425559235         1.4971089456296308E-5
0.095                     -0.01745268162914653     0.06907340709404206      0.0078006080156662145    324.3855815538046        1.0967369369396636E-5
0.09499999999999999       -0.01913878496154768     0.07151402363012896      0.007801688014387506     324.3736092638801        1.2233999876780142E-5
0.09999999999999999       -0.016003993624624954    0.06954343440629211      0.007796570670255716     324.37740464595487       1.0851010829892193E-5
0.1                       -0.019107194803817517    0.07159324154480179      0.007800718215533215     324.37181462295626       1.165522133359829E-5
0.09999999999999999       -0.022343921650516917    0.07424535309534308      0.007800673496137443     324.3584857153134        1.3235249409586655E-5
0.09999999999999999       -0.02228549962141433     0.07928550453117461      0.007795620760307696     324.32974583926574       1.6921506504999732E-5
0.09499999999999999       -0.02326542276102262     0.07892142636970102      0.007795959963442469     324.3316827210889        1.707844909743498E-5
0.09499999999999999       -0.02767742748276113     0.08939227846388038      0.007791463672466785     324.2930457685174        2.4552031198349468E-5
0.09999999999999999       -0.025637147364032154    0.08424225796300354      0.0077931090791968334    324.30900701261606       2.046735514317777E-5
0.095                     -0.0247595903410304      0.08428785722753798      0.0077930650412825755    324.30843971141604       2.0873155107391508E-5
0.095                     -0.03320827415285538     0.08969743043830092      0.007790658194522389     324.2908471232039        2.516076693955004E-5
0.09999999999999999       -0.030843300831994103    0.08678913014027682      0.007791645899311834     324.2996452641463        2.256195440138522E-5
0.09499999999999999       -0.04444444444444444     0.1                      0.0077891339540417295    324.27304236094625       3.3814820387124735E-5
0.09499999999999999       -0.041525435457338326    0.0956353579240903       0.007789325536304525     324.2777910503063        3.036856593219827E-5
0.09499999999999999       -0.038753741847905435    0.09034534657018156      0.007789530173818185     324.28711021540204       2.63335657191859E-5
0.09499999999999999       -0.045999004554390405    0.09612443300078247      0.007788970769757747     324.27532934173206       3.150881878180568E-5
0.09750000000000003       -0.05                    0.0969632106969509       0.0077888521761295265    324.27342890732535       3.273755793792114E-5
0.095                     -0.05                    0.1                      0.007788945216162505     324.2708633643047        3.4885042706179056E-5
0.09999999999999998       -0.049999999999999996    0.0939264213939018       0.0077886580499033015    324.27619594596445       3.069640188310825E-5
0.09999999999999999       -0.010838182537933255    0.06964123795889043      0.007783645523797484     324.3582305878663        1.2411103474609119E-5
0.095                     -0.009979178096648106    0.06945657678833618      0.007781711321465944     324.3565558873812        1.3237391481244168E-5
0.095                     -0.013969573504464539    0.06778229460573813      0.007791132923253009     324.38034251218085       1.1076534982123233E-5
0.1                       -0.0050743937648779994   0.06629423852515556      0.007766483294775957     324.3530799693005        1.2871318532937515E-5
0.095                     -0.005202522276955896    0.0663802966266818       0.007765857695306668     324.3515253573956        1.3491768929594476E-5
0.095                     0                        0.06355852836341093      0.007753008900204514     324.349907406261         1.4803939671700909E-5
0.09999999999999999       0                        0.06355852836341122      0.007752809460461596     324.3494816489778        1.4169314933142505E-5
0.1                       -0.014662975023712194    0.06534243950168964      0.007793441918144961     324.3988516675758        8.595521276505811E-6
0.09999999999999999       -0.04487916151347167     0.09090572618187306      0.00778858255867794      324.28302913915866       2.7564340352934047E-5
0.09999999999999998       -0.040275916667913254    0.08703342314240363      0.007788938453124562     324.2937052394368        2.404888033237907E-5
0.09999999999999998       -0.03610901571093642     0.08686293881209164      0.007790218455590707     324.296528078843         2.322682195945176E-5
0.09999999999999998       -0.018547216441653056    0.06742380372497166      0.0078073117657104195    324.40409626561365       8.810238735043658E-6
0.095                     -0.01776661787228716     0.0656628164259337       0.007806631827573184     324.41459465870395       8.833860270430985E-6
0.095                     -0.015237469261809897    0.06386909111128691      0.007793936906389937     324.40986158356185       8.636953536124209E-6
0.09751765941249751       -0.020200247738004176    0.06981554208571027      0.007806484495037945     324.38933295111224       1.0414114520048357E-5
0.09499999999999997       -0.0222655422331927      0.0722027594226951       0.007803792252129472     324.37269716582307       1.2404032561372918E-5
0.095                     -0.020702491301175345    0.06850439861290919      0.007810754821194159     324.40192754444803       1.0011211887784705E-5
0.1                       -0.026086603079955653    0.07550264899683788      0.007799590723645551     324.3511591685875        1.412971110978809E-5
0.095                     -0.024427752588454484    0.07531385063574945      0.007800245944605467     324.3529625778313        1.4507320708706532E-5
0.1                       -0.02500902878783247     0.07198016505344539      0.0078057942647540126    324.3764542926306        1.1508675126401243E-5
0.095                     -0.025334752557848457    0.07210311372413863      0.007805551946734186     324.3756629075566        1.224335039611954E-5
0.09769425353747288       -0.020575033233116713    0.06548471068391759      0.007821132173022348     324.4343829715456        7.283502654010422E-6
0.09999999999999998       -0.022018463323902553    0.06981876167607869      0.007809336740421876     324.3928575288718        9.982331686456652E-6
0.09999999999999999       -0.027859719074328694    0.07209957843868564      0.007804259059111097     324.37381688518695       1.1726867161426896E-5
0.09999999999999999       -0.028081795600874666    0.07930576064394629      0.007795668625035917     324.3297300512843        1.6990286825671458E-5
0.095                     -0.02810744636152367     0.07896461197384845      0.007795632183886795     324.33089468235295       1.7203248576531356E-5
0.095                     -0.030492773464920214    0.08448637166158429      0.007792312559736918     324.30693038462135       2.1257941798022632E-5
0.09999999999999999       -0.030450634004059965    0.0824668735571889       0.007792997955541768     324.3144965136533        1.9445862781811094E-5
0.09999999999999998       -0.03382308033607439     0.08347213020848737      0.0077913720245504515    324.30861615014527       2.05397171503906E-5
0.09499999999999999       -0.03620721302829229     0.08538753547853913      0.007790284087135983     324.30082898860604       2.256382475567433E-5
0.09499999999999999       -0.04083869248107085     0.08623516761298955      0.007788746391328484     324.29536609541407       2.3949216186825756E-5
0.09499999999999999       -0.04487661108245086     0.09069104229803054      0.007788581613679592     324.2832724740496        2.770400134043239E-5
0.09499999999999999       -0.05                    0.0939264213939018       0.007788677172015369     324.2761309080893        3.0945343072913275E-5
0.09999999999999998       -0.05                    0.08785284278780359      0.007787638197912881     324.2868304173565        2.684061641235303E-5
0.095                     -0.005049820531653155    0.06062237928766932      0.007744550677094218     324.36053026612205       1.1650291617932757E-5
0.095                     0                        0.057484949757312755     0.007723204706374276     324.35070718990767       1.3655094831371321E-5
0.09999999999999999       0                        0.05748494975731309      0.007721953769852892     324.3491493431022        1.2933482589146897E-5
0.09999999999999999       -0.009968727255026722    0.06310078130572899      0.007769939096581884     324.38064386696465       9.372098305752488E-6
0.095                     -0.010677994887772706    0.06311346935449634      0.00777202233668209      324.3832898684214        9.979997892929598E-6
0.09999999999999999       -0.005357993892822469    0.06018083125364625      0.007743571650461462     324.3621426083182        1.056794832696227E-5
0.09999999999999999       -0.018376059513257426    0.06196509820390159      0.007821892971681343     324.4614187942104        5.2620660088461515E-6
0.09999999999999999       -0.014247560633877415    0.06126874184637779      0.007788401424043668     324.4211896704366        6.642532141193878E-6
0.095                     -0.018252750061158986    0.06138645111954308      0.00781681603711938      324.4576860135886        6.552748554426115E-6
0.095                     -0.014791647180163327    0.0609741122823816       0.00778676797215822      324.42113519977363       7.594819571516957E-6
0.095                     -0.01266442022999858     0.05877529727886109      0.0077651460215122274    324.40765353144377       7.825322624440376E-6
0.09999999999999999       -0.04451788330583468     0.08431712228933885      0.007787299687035569     324.2977920089188        2.3189058911491338E-5
0.09999999999999999       -0.03875674071472999     0.0819174644642563       0.007788975227416186     324.3095362073604        2.0310008665833737E-5
0.095                     -0.01980384566935559     0.057999996695352406     0.007823617857241866     324.4929914204856        4.65527226933448E-6
0.095                     -0.022000003304647606    0.060196154330644416     0.007848608302594214     324.49913792229          4.919106204917942E-6
0.09767380476061388       -0.01977740810913503     0.05795373220544305      0.00783575621296626      324.5145019723551        3.592822821484927E-6
0.09820196898540447       -0.022000003304647606    0.06019615433064442      0.007865247392135243     324.5282845343568        3.5893273744098636E-6
0.09999999999999998       -0.022000055312613412    0.06019604560552384      0.00790159514771183      324.58302913350565       2.8356614377745934E-6
0.09999999999999998       -0.019803954394476103    0.057999944687386645     0.007879978491365158     324.58223986390954       2.542716342072488E-6
0.09999999999999999       -0.022732703969327795    0.0644115682535346       0.007838564390669097     324.46368988524125       5.7972898118647604E-6
0.09999999999999998       -0.02585373550167381     0.06893477878822032      0.007814151590128231     324.40396453620866       9.220566119624982E-6
0.095                     -0.022281743574579863    0.0643231560536881       0.00783027609546359      324.452163225273         7.207482341901694E-6
0.095                     -0.024047401915351936    0.06856706905163275      0.007815682325713873     324.40807869725506       9.787160116673007E-6
0.09999999999999999       -0.03026488122746231     0.0754438695971556       0.007797488217105505     324.34838024937          1.4407566912327437E-5
0.095                     -0.027979077546681937    0.07374870992802691      0.007801582248305529     324.3620734707261        1.3523698345310962E-5
0.1                       -0.030810086885706134    0.07173317646776974      0.007801294289109066     324.3717962656587        1.182634011871247E-5
0.095                     -0.028217025828680645    0.06964408780917442      0.007809287178176057     324.39366268169584       1.0706507434494348E-5
0.09745443501377488       -0.025567321858979798    0.06593745545167484      0.007827534538928631     324.43925604256225       7.261173132418254E-6
0.09999999999999999       -0.029490617719132348    0.06888686768264811      0.007809417880242471     324.3981921847794        9.557917388914987E-6
0.09775121403572798       -0.028559601454309837    0.06647377046359837      0.007820068583830064     324.426714911354         7.878165156637345E-6
0.09999999999999998       -0.03350293036874958     0.07842459350301642      0.007792993844190198     324.32905955187096       1.6963241226121343E-5
0.095                     -0.031495683760625615    0.07513171291847491      0.00779648653578718      324.3484796180217        1.48805396554038E-5
0.095                     -0.03420555721837872     0.0790755497523894       0.00779226182706176      324.3254086818076        1.7966259163574025E-5
0.09499999999999999       -0.040311184708807034    0.08157471673908111      0.007788167173170505     324.3093428668344        2.079342973484413E-5
0.095                     -0.045345691146000434    0.0843422575319758       0.007787186791746674     324.29731928175494       2.374343293161138E-5
0.09499999999999999       -0.05                    0.08785284278780361      0.0077878109509760185    324.2864854618909        2.71288193525801E-5
0.09999999999999998       -0.05                    0.08177926418170539      0.007785424330041293     324.30190607138906       2.31526748122033E-5
0.095                     -0.00449021695373387     0.05490554231535649      0.007709000400167725     324.3528874394893        1.132501030543881E-5
0.095                     -0.008712277305030816    0.05760219855992612      0.007739966852819775     324.3788305081893        9.406264232000073E-6
0.095                     0                        0.05141137115121459      0.007677424418628886     324.33330635217266       1.40726921105033E-5
0.09999999999999999       0                        0.051411371151214955     0.007676266265562724     324.3318196892324        1.3214857545529164E-5
0.09999999999999998       -0.005212333395223587    0.054421521996970174     0.007706593765619284     324.35381525566396       9.95945390128021E-6
0.09999999999999998       -0.010888860673488893    0.05717402020336306      0.007747444334446043     324.3944728977104        6.995133101728122E-6
0.1                       -0.016124978638208068    0.057793897525781485     0.007795047820282092     324.46108567175537       4.350245114588236E-6
0.09999999999999999       -0.019000000000000003    0.055000000000000014     0.007846434759818608     324.57112819200734       2.1803043664044587E-6
0.095                     -0.01611430356495516     0.05736059359447282      0.007784089530044321     324.44892186572          6.164879958451201E-6
0.095                     -0.012867821526178713    0.055607703321998894     0.007746324146584703     324.4083936709151        7.387130919830929E-6
0.09749999999999999       -0.019000000000000003    0.05500000000000001      0.007798158031431639     324.50012305890596       3.525807042020553E-6
0.095                     -0.019000000000000003    0.055000000000000014     0.007787481115592402     324.48216057398645       4.575526789061241E-6
0.09750000000000003       -0.015785171599364923    0.055090523027842966     0.0077673387058965725    324.446997116229         4.858162118151164E-6
0.09999999999999999       -0.044387796239096534    0.07890483528460564      0.00778500194465416      324.3139304556653        1.9751531464775574E-5
0.09999999999999999       -0.03925607584473221     0.07614830500572407      0.00778754454800351      324.3304120961893        1.6623507673840144E-5
0.09999999999999998       -0.03445425184021123     0.0729587009266778       0.00779407400394816      324.3553305951569        1.3379489236351008E-5
0.09999999999999999       -0.025                   0.06100000000000001      0.007917525029067377     324.588838669795         2.94296385467848E-6
0.09749999999999999       -0.025                   0.061000000000000006     0.007865939158516844     324.5174449810405        3.854399360861453E-6
0.095                     -0.025                   0.061000000000000006     0.00785657222207234      324.5015859698384        4.942975275332849E-6
0.09999999999999999       -0.027608342134102362    0.06443633899782886      0.00783704123427728      324.4611719186075        5.878501026285785E-6
0.09767380476061385       -0.027953732205443053    0.060222591890864964     0.007859170984254428     324.5176241394957        3.7710126164003285E-6
0.09999999999999999       -0.02799994468738666     0.06019604560552396      0.007897992020432235     324.57527328071353       2.854769328681864E-6
0.095                     -0.02754272155568263     0.06445944678372924      0.007830268196132636     324.4508245049547        7.2958100668592586E-6
0.095                     -0.0279999966953524      0.060196154330644416     0.007848123224974664     324.49850556591855       4.969338509292518E-6
0.09786858974358974       -0.03246206223062625     0.07140488778021506      0.007798833420560899     324.37020560674404       1.2036957906908062E-5
0.09999999999999998       -0.032377524491861966    0.06972280105925951      0.0078009750059466875    324.3822704580007        1.0708737802926531E-5
0.095                     -0.0315433695110335      0.0709146733443274       0.007801239260780733     324.37560968634904       1.204225260841424E-5
0.095                     -0.031371015618824466    0.06613596512527822      0.007810205335631804     324.41541348277855       8.959446507244866E-6
0.09730649130777698       -0.02944220846003942     0.06379074069904142      0.007827559626473832     324.4537887511579        6.371598831008537E-6
0.09999999999999999       -0.0319434244116731      0.06603825283478988      0.007808521474601107     324.41445740374013       8.092252867449217E-6
0.095                     -0.03574308226945123     0.07348527510048028      0.0077917765966220845    324.3494534077426        1.4572041480261394E-5
0.09499999999999999       -0.03970982251769089     0.07592427217524764      0.007787036085503939     324.3306834026866        1.7066547465411667E-5
0.095                     -0.045116857490857136    0.07852959256017317      0.007784569607528084     324.3146035166847        2.012792573044828E-5
0.095                     -0.05                    0.08177926418170543      0.007785722798586933     324.3017690083325        2.3488225212773207E-5
0.09999999999999999       -0.049999999999999996    0.07570568557560718      0.0077809110893887175    324.3200843188701        1.9718329289673155E-5
0.095                     0                        0.045337792545116405     0.007618044738243151     324.2991683517953        1.6281282271149826E-5
0.095                     -0.00498554708940297     0.04858880956892245      0.007655087263270873     324.3278235762531        1.2513527006327306E-5
0.09999999999999999       0                        0.045337792545116835     0.007617679819013255     324.29859907087217       1.5460282402508053E-5
0.095                     -0.009909765724769965    0.05151437050076008      0.00769619310247255      324.3677267792408        9.32564250507808E-6
0.0972647599306117        -0.013580125313569905    0.05225665719190305      0.007721939459906902     324.40464616897583       6.327926372061102E-6
0.09999999999999999       -0.005259826623338876    0.04834436388833422      0.0076521800110414175    324.325753586148         1.1316663688796805E-5
0.09999999999999999       -0.01013211405020858     0.051154678625023306     0.007692961944581878     324.3659991453555        7.702562888594044E-6
0.09999999999999999       -0.015456039633774671    0.0528204524612131       0.007743347829576556     324.43408767551165       4.348805320215358E-6
0.1                       -0.019803954394476044    0.052000055312613355     0.007796047211558713     324.5382839341337        1.9130311036200086E-6
0.09499999999999999       -0.015694319672500245    0.05238802053778527      0.007733496938756189     324.4243086454334        6.52560721693511E-6
0.09785861965891376       -0.013979360998196622    0.04841563325009421      0.007678548718317913     324.37587612447436       7.286676586752158E-6
0.09999999999999999       -0.01388728584271814     0.04865277757462384      0.007681356694820532     324.37717877165437       6.707504541326497E-6
0.095                     -0.014384667456128509    0.04828351322700582      0.0076781863671613465    324.37690711742846       8.637722064008754E-6
0.09499999999999999       -0.019803845669355585    0.0520000033046476       0.0077498022570439       324.4683736009719        4.7669278787806575E-6
0.09732854689125787       -0.019781503570462454    0.052039038160512065     0.007760353403870853     324.48405015990744       3.611989787437987E-6
0.09728897964720318       -0.01670313180108808     0.05011765676394381      0.0077138017746764915    324.42027488511366       5.464768613026133E-6
0.09999999999999999       -0.03571382021445715     0.06839672566810961      0.007792284349838905     324.37772928867696       1.0725495576733179E-5
0.1                       -0.044605550500652486    0.07308708407433367      0.007779719884532548     324.3329980084623        1.638210865190194E-5
0.1                       -0.03967546351074824     0.07045248959690026      0.007784137341630784     324.3539949604623        1.3210268580498838E-5
0.09999999999999999       -0.030196045605523893    0.057999944687386645     0.007880639025696759     324.58132457847387       2.5774592143164964E-6
0.09820196898540448       -0.03019615433064443     0.05799999669535238      0.007844434638270297     324.52630374142706       3.4080493625152467E-6
0.1                       -0.03194204338453083     0.06163554563079095      0.00782133324587758      324.4629789015172        5.220764657547669E-6
0.09499999999999999       -0.03019615433064441     0.057999996695352385     0.007825753629961482     324.4942184358634        4.668304702540883E-6
0.095                     -0.03164071361625092     0.061524890312808785     0.007816223816640324     324.4546510235523        6.623854839546903E-6
0.095                     -0.03575400751862796     0.06786075729359575      0.007792627598411202     324.3815050440799        1.1144156945317404E-5
0.095                     -0.03468176344905651     0.06383854660228934      0.00779608309028429      324.4123015263544        8.656497367428631E-6
0.09999999999999999       -0.03481451188755413     0.06413364855238281      0.007795609045516948     324.40974724970846       7.8453052152761E-6
0.095                     -0.040054194813787906    0.0697158588242185       0.007782122366552953     324.3555141451743        1.3523090046678126E-5
0.09499999999999999       -0.044965436350870525    0.07262560827846812      0.0077792098049966184    324.3343048375896        1.673197213758515E-5
0.09499999999999999       -0.05                    0.07570568557560724      0.00778086388083049      324.31997172514417       2.0116772398011644E-5
0.09999999999999999       -0.05                    0.06963210696950899      0.00777142292502158      324.3379213614173        1.668387206176789E-5
0.09999999999999999       -0.005220749279233306    0.04231352225431514      0.007587393132680324     324.28430267289104       1.4921872902285605E-5
0.1                       0                        0.03926421393901869      0.007550153640590329     324.254988724154         1.9387103215461432E-5
0.095                     -0.005176056552880898    0.042077964087790215     0.007584886295103371     324.2827798129448        1.6237347680545873E-5
0.095                     0                        0.039264213939018223     0.0075503483087010085    324.25532721849913       2.030162100206397E-5
0.095                     -0.010427290502810688    0.04474298679714506      0.007623510969900671     324.3207391594005        1.2284020806312176E-5
0.095                     -0.01554124404411918     0.044203396153545516     0.007629130958231687     324.34144145249513       1.0918722652074443E-5
0.09999999999999999       -0.010526861255721798    0.04550632480254621      0.007633233005773136     324.3284094607512        1.0247530668239034E-5
0.09999999999999998       -0.015101384852166506    0.0456810477025727       0.007647458383326326     324.35525219954695       7.993964734587672E-6
0.1                       -0.005162052690929556    0.03626726840557548      0.007516036701804539     324.2359606499203        1.999053995763641E-5
0.095                     -0.005122849146556103    0.03610464846877984      0.007514111491862073     324.23470289153505       2.125766490676514E-5
0.09999999999999999       -0.01801124183193163     0.048343742548538036     0.007698487625223096     324.41663613261005       4.816251839558116E-6
0.09999999999999999       -0.022000055312613356    0.04980395439447609      0.007770957251982348     324.53402453263743       1.9204910959068797E-6
0.095                     -0.009853306584604938    0.038870350122391206     0.0075515541359521725    324.2667944552236        1.7210210087067263E-5
0.095                     -0.018461954573566548    0.04792491311151359      0.007688198909270197     324.4057406463488        7.393849383831906E-6
0.09679803668532914       -0.02199999523089449     0.04980385033074065      0.007716332824283386     324.45296434750105       3.941596568707779E-6
0.095                     -0.022000003304647606    0.04980384566935559      0.007713411499304298     324.44749133652533       4.933001413482333E-6
0.0975339469346172        -0.018183411446628373    0.04604967414568953      0.00766260374616943      324.3825008655895        7.230422668740382E-6
0.09999999999999998       -0.017920345965570957    0.043948412439050344     0.007631473129469231     324.35118038614485       8.276796313303805E-6
0.09757358993915578       -0.020543061314004834    0.04762880308285148      0.0076924525393045244    324.4225525399103        5.366646855659535E-6
0.095                     -0.01933417963281071     0.04250129714129593      0.007613126053960668     324.3371523945052        1.1410059775055185E-5
0.095                     -0.016773523145363206    0.04076834447877118      0.0075851113256612205    324.3064799093723        1.3516890551612093E-5
0.09999999999999999       -0.035967927719521835    0.06119365456204841      0.007785336956204687     324.41681900419695       6.770756575919208E-6
0.09999999999999998       -0.03931330629540698     0.06429622307457258      0.007775782642728325     324.38021960946674       9.711466435370636E-6
0.1                       -0.04468216922603074     0.06700854914940292      0.007768840154277066     324.3516647213624        1.323770655419761E-5
0.09749999999999999       -0.025                   0.049                    0.007719691012939869     324.47066890831024       3.7929004849987816E-6
0.09999999999999999       -0.031                   0.055000000000000014     0.00785537433407567      324.5811115179619        2.2162958619594986E-6
0.09999999999999999       -0.034558234961541555    0.057381180785063456     0.007785051812667334     324.44959252599955       4.635422311422469E-6
0.09749999999999999       -0.031                   0.05500000000000001      0.0078020888480960825    324.504307807461         3.558468324703207E-6
0.095                     -0.031                   0.055000000000000014     0.007790182685806751     324.4846526282462        4.4940396533476116E-6
0.095                     -0.03359165812860895     0.05741088329400629      0.007789429546733547     324.4550819080227        6.024641330582927E-6
0.095                     -0.035683228143105816    0.06102572648733905      0.0077853047649164       324.418316026832         7.878159263993261E-6
0.095                     -0.039218696163212385    0.0637151629098552       0.007774444015274274     324.38248028962965       1.0269112444052612E-5
0.095                     -0.044786938120091074    0.06655570514251712      0.007767209736107645     324.3521517381423        1.369846116891141E-5
0.095                     -0.05                    0.06963210696950904      0.00777124723175522      324.33764804426846       1.7160222589826408E-5
0.09999999999999999       0                        0.03319063533292056      0.007477421143976765     324.2070203935461        2.466113968697919E-5
0.09999999999999999       -0.0052184547524262385   0.0301538460298715       0.0074406308881588565    324.18613237128784       2.613366187350735E-5
0.095                     0                        0.03319063533292005      0.007477480576072496     324.2071725226126        2.5589912125332673E-5
0.095                     -0.005615778727644436    0.029877743806514832     0.007437211745253914     324.1840649414979        2.7238071591136366E-5
0.09999999999999998       -0.05                    0.06355852836341078      0.007753018314552031     324.349625256071         1.4277823715447562E-5
0.09999999999999998       -0.010235083487168329    0.0393245392674874       0.007557802928037663     324.2723058711957        1.5320956565552638E-5
0.095                     -0.013707072363222017    0.041030788667362206     0.007583739893008411     324.2986826918198        1.411652082958377E-5
0.1                       -0.014255188279398657    0.041422879149670785     0.007590357611072685     324.3059367992341        1.1939472017637857E-5
0.09773749999999999       -0.013540811883481102    0.0383474211768611       0.0075490747575762815    324.2715564040363        1.5630835432252245E-5
0.09999999999999999       -0.017753622901918748    0.040349991292098986     0.0075809368830243975    324.30498131807406       1.1895636960227468E-5
0.09727374999999999       -0.012080121502597985    0.03536534826176613      0.007509654495834265     324.24015482863643       1.9185114700295245E-5
0.1                       -0.01010037877395916     0.033665766745490086     0.007486668257753962     324.2209923470417        2.1073882285457024E-5
0.095                     -0.01034994534498374     0.03310404106148816      0.007479793395644501     324.2165098868983        2.2728275999209754E-5
0.09999999999999999       -0.01011375595657914     0.02772926954021867      0.007411307813307484     324.1705085332097        2.7621894598525496E-5
0.09999999999999999       -0.025                   0.049                    0.007773581363110525     324.551575756124         2.037026599874441E-6
0.09999999999999999       -0.02232347239105655     0.045733595033793734     0.0076704568378697345    324.4053597911313        5.421406120710585E-6
0.09500000000000001       -0.014977973982469193    0.03666955471637742      0.007528683771988633     324.25728836545466       1.7974756404285474E-5
0.095                     -0.025                   0.04900000000000001      0.007705134187724841     324.4493294285135        4.959545964904383E-6
0.095                     -0.02284609096110449     0.04549296639948315      0.007661010333259628     324.39319763359333       8.19354743303871E-6
0.09500000000000001       -0.01947704142562075     0.03823460984877376      0.007553650017818505     324.2836553881667        1.5558050233882662E-5
0.09999999999999999       -0.021193890028124038    0.041052666177812655     0.007594922743199493     324.32300056004834       1.0373267999644997E-5
0.09763824890039742       -0.021404843413549198    0.04174600444109819      0.00760518189797351      324.33365909832895       1.0218451797679143E-5
0.095                     -0.022523765347796938    0.040226027004883716     0.007583819906939086     324.3138562601474        1.3134439156945612E-5
0.09999999999999999       -0.02735697124750347     0.04565232732875302      0.007670978540950839     324.4071267161657        5.456262811869725E-6
0.09769969633377217       -0.026425965883993194    0.044021905608599546     0.007641868912328942     324.3745425309481        7.619031366575972E-6
0.1                       -0.027999944687386633    0.049803954394476144     0.007767209776866242     324.53045443275306       1.854863897408315E-6
0.09732854689125786       -0.02796096183948795     0.049781503570462446     0.007728269052188615     324.47142961363494       3.727980639459067E-6
0.09999999999999999       -0.039393586256271956    0.05892226471438426      0.007756093626827429     324.3920731237709        7.584924511068324E-6
0.09999999999999998       -0.04453877114409127     0.0611155247092767       0.007749082140779873     324.36294815672676       1.0842968621160494E-5
0.095                     -0.02767974908076721     0.04565115789026793      0.007663068027238499     324.394552189062         8.061771953081429E-6
0.09499999999999999       -0.027999996695352396    0.049803845669355584     0.007718716382905953     324.4560618784542        4.877923045363734E-6
0.09999999999999999       -0.03168608956950208     0.04816984127195039      0.007699747271619889     324.42114366059275       4.6239017192725005E-6
0.09999999999999999       -0.030196045605523837    0.052000055312613425     0.007792275289959813     324.53198370637193       1.775896705535158E-6
0.09679803668532914       -0.030196149669259358    0.051999995230894505     0.007752300597805124     324.4725130587145        3.840015031254071E-6
0.09725810710486849       -0.029629077841035467    0.045856454913302605     0.007664979895348099     324.392017306726         6.737258696530543E-6
0.09999999999999999       -0.03453524629564321     0.05245643238173096      0.007739666614450024     324.4318784627968        4.277177503738486E-6
0.09789073060775719       -0.033664553672944984    0.050357068694315756     0.007714591984247425     324.41756596344305       5.191618254081703E-6
0.095                     -0.03194837391513968     0.048196952922884256     0.007690636772329144     324.40588226261923       7.223063864220994E-6
0.095                     -0.030196154330644414    0.0520000033046476       0.007748695197300391     324.4660853835461        4.705621103566712E-6
0.095                     -0.03474544711748064     0.05258227925092621      0.007735556497734523     324.4233928205331        6.531332512828684E-6
0.09999999999999999       -0.038110435104863206    0.05468480549467671      0.007735480470969651     324.39908485904465       6.222446817776054E-6
0.095                     -0.03950552688096356     0.05756484188411831      0.007746615348639695     324.389200659679         8.531876746210483E-6
0.095                     -0.04462626885895241     0.06060193094729574      0.007745448942016272     324.3615838205141        1.1532607986029198E-5
0.095                     -0.05                    0.06355852836341085      0.007754099252350783     324.3507430184856        1.4862302814775978E-5
0.09999999999999999       -0.005117264934968127    0.024994719992212665     0.007375601026260505     324.14567504588007       3.173260049107323E-5
0.09999999999999999       0                        0.027117056726822436     0.007402090815784326     324.15908901227687       3.078348769773405E-5
0.09500000000000001       0                        0.027117056726821867     0.0074019100366675625    324.1591950715869        3.158297718684326E-5
0.09500000000000001       -0.011046573028257133    0.0274424951783135       0.007407870655817801     324.1688957741708        2.8631982241914948E-5
0.095                     -0.006476770927030371    0.02226100513676348      0.007340930442775021     324.1258077045713        3.5072825449048E-5
0.09999999999999999       -0.010055695887442241    0.022591683361613265     0.007345718121572837     324.1302347042842        3.3440217951622494E-5
0.09999999999999998       -0.05                    0.05748494975731257      0.0077220854280108196    324.3490736667568        1.2904478328735206E-5
0.09999999999999998       -0.015509474410685906    0.03651529936428967      0.007527352507558858     324.25750642589077       1.659034120860252E-5
0.09999999999999998       -0.019586647491747287    0.03800111208800528      0.007550572109686942     324.28126451765723       1.406192088814295E-5
0.095                     -0.0156131899311027      0.0304989823498594       0.007448824377975814     324.1990796362766        2.4467356582787536E-5
0.09999999999999999       -0.01549820148096855     0.03055287934463704      0.007449565095867497     324.2000906316887        2.3346939364707533E-5
0.1                       -0.01506337026689161     0.024880096851014867     0.007376021098919726     324.15111815058214       3.0021636749656995E-5
0.09999999999999999       -0.02491926655351369     0.04148104456417646      0.007602848035622288     324.3330825291197        9.56765404366543E-6
0.09500000000000003       -0.019632637019407078    0.03299186955194532      0.00748326392775461      324.22728659414685       2.1160381729940464E-5
0.095                     -0.02614359445796854     0.04128377434424227      0.0076001167600531815    324.3310277023697        1.1877522863046865E-5
0.1                       -0.022823479225320437    0.03734895870912698      0.007543346095705392     324.27750455319676       1.4404666457330972E-5
0.095                     -0.022842502662508153    0.03642607576107351      0.007530763839603966     324.26713448514687       1.708680805688741E-5
0.09500000000000001       -0.025104610164043625    0.03819943355621813      0.007555840190011259     324.2894731409627        1.5097628863950085E-5
0.09744458050775082       -0.0265735581228295      0.0393133820150652       0.007571602261254143     324.3039229621309        1.2644553614814474E-5
0.09999999999999999       -0.028627214811265442    0.0415119158098463       0.007601739062857839     324.32978871606116       9.786984164584293E-6
0.095                     -0.029569431683771793    0.04130989168860797      0.00759754882906498      324.3243659562853        1.2154064387955035E-5
0.1                       -0.03161187816638241     0.043543734889622904     0.0076275292241210595    324.3491917916982        8.357035892418869E-6
0.09999999999999999       -0.035874893536538895    0.048366175265462816     0.007679351419715928     324.3774852159442        6.500290291239942E-6
0.09999999999999999       -0.043745239838845776    0.05467244064038297      0.00771184194787465      324.3595615506038        9.329291089500053E-6
0.095                     -0.03230913039216216     0.043759091684544234     0.007628178360435144     324.3469059165123        1.055621705212615E-5
0.1                       -0.034675971367334885    0.04534062321462305      0.007644458028918        324.3536715344353        7.981234440774276E-6
0.09751063126229559       -0.03449776253953265     0.04579040157201336      0.0076507420174169935    324.3599809716814        8.261390881703618E-6
0.09999999999999999       -0.03939958524966892     0.05061884568331417      0.007690214922957253     324.36704585527656       7.45328167183165E-6
0.095                     -0.03618125981805106     0.04866529434068777      0.0076810650976988646    324.37642507880815       8.459344279340969E-6
0.095                     -0.03505348386545379     0.04556060878457539      0.00764585011370217      324.35312431197235       9.883007224963798E-6
0.095                     -0.03978844669060858     0.05099378916644274      0.007692121546799639     324.36612086039446       9.027732724783837E-6
0.095                     -0.04495888464198281     0.05429752300963431      0.007705716758227791     324.35308493555016       1.094362591706915E-5
0.095                     -0.05                    0.05748494975731266      0.00772329424657523      324.3505072567226        1.3576741864334175E-5
0.09999999999999998       -0.004793418032649691    0.01846090934745728      0.0072925116442163354    324.09800736498494       3.894828898769134E-5
0.09999999999999999       0                        0.021043477891169796     0.0073252879227772485    324.1143577470438        3.72596698609176E-5
0.09500000000000003       -0.0035939393903975077   0.01710296265597671      0.00727479456206762      324.0884610304052        4.1037922627340406E-5
0.09500000000000001       0                        0.021043477891168474     0.007325019357330697     324.11383726475566       3.778852600446286E-5
0.095                     -0.015574192460906314    0.02594751764314996      0.0073898733348571255    324.1599080483315        2.9561030718931024E-5
0.09500000000000003       -0.012894168615878554    0.022474929575665735     0.00734463734558682      324.1310696114837        3.377009690314627E-5
0.1                       -0.01495355117416626     0.0201244090288029       0.007314743441813916     324.11436060083076       3.555400096247692E-5
0.095                     -0.00738171781675892     0.01650512934426218      0.007267408308221538     324.0860379536774        4.101349384438791E-5
0.09727405263327416       -0.005668305062353202    0.012704257336000113     0.007218719578212573     324.0613972404952        4.49636528561247E-5
0.09999999999999999       -0.003840149588454617    0.013237686499538926     0.007226309764929675     324.064065344938         4.4642874480195624E-5
0.09999999999999999       -0.008867246428285819    0.013464792688370083     0.0072291246150668845    324.06721693142083       4.3616548097487166E-5
0.09500000000000003       -0.005886421448194107    0.013345190370560183     0.007226296402034815     324.06486637754006       4.435905895619522E-5
0.09999999999999999       -0.0114093534984051      0.017575935966477656     0.007281702502721834     324.09507983370725       3.883536679958634E-5
0.09500000000000001       -0.01106049705069722     0.01827834754567912      0.007290548066710369     324.0996376240765        3.857353920023912E-5
0.09999999999999999       -0.003846153846153846    0.010000000000000009     0.007188267236317837     324.04632099235          4.780197843325189E-5
0.09999999999999999       -0.007692307692307692    0.010000000000000007     0.0071888090967153805    324.0478780062149        4.7264407718063826E-5
0.09999999999999998       -0.018181828503235582    0.021875936070775807     0.0073376953463277165    324.12876199693204       3.320663518455488E-5
0.09999999999999999       -0.05                    0.05141137115121437      0.00767668280370423      324.3320108092353        1.3087404268744017E-5
0.09999999999999999       -0.020290516236313727    0.03312277294113072      0.007485196731948835     324.2290269761055        1.965082830791745E-5
0.09999999999999998       -0.02436935121804563     0.034069072062312175     0.007498813828146231     324.2411242371698        1.8221723182654776E-5
0.09749999999999998       -0.018841686140240305    0.02450163439900939      0.007371816266089238     324.1502002036808        3.0308766646530122E-5
0.095                     -0.019501543777245077    0.027127332727242992     0.007406030939739706     324.1721109136597        2.780809913525136E-5
0.1                       -0.02055461008496003     0.02690647588571351      0.0074033851302540135    324.17089906334604       2.703506564346664E-5
0.09500000000000003       -0.02329189058494772     0.029177256096201185     0.007433590805500274     324.1924729067862        2.5205936663444764E-5
0.09999999999999999       -0.02733006699132161     0.03725261562315079      0.007542171035744379     324.27660366756675       1.4441671611655414E-5
0.09500000000000001       -0.02484329540096676     0.032547537179644814     0.0074785878489937166    324.22597070918897       2.130266221746377E-5
0.095                     -0.02811852618295963     0.037986264227305146     0.007552040631961317     324.28491206823264       1.5365146158236856E-5
0.09500000000000001       -0.026040106546010557    0.03597769632023155      0.007524909956831856     324.2627022070247        1.745793662710385E-5
0.1                       -0.03155903136734603     0.03928019277950798      0.007567555273588381     324.2947381234317        1.272712271710902E-5
0.095                     -0.03268615282904347     0.04023047361807143      0.00757883294914788      324.3022051217016        1.366746164928367E-5
0.095                     -0.030922327768641896    0.03815207426811673      0.007552383700354292     324.2822462426462        1.5470294363495604E-5
0.09999999999999999       -0.03567142791655995     0.04136571259661355      0.007589755966839098     324.3051661037516        1.1742778537005013E-5
0.09999999999999999       -0.039246973904396715    0.04522086698295792      0.007630518711744315     324.32694443238864       1.0017501376191399E-5
0.09999999999999999       -0.04458057695354377     0.04828301207459609      0.007652653877898637     324.3268799215492        1.1014818670990023E-5
0.095                     -0.035905124102481506    0.04125680789811224      0.007587911101794788     324.3032012228233        1.3454800131105508E-5
0.095                     -0.039510437297961186    0.045406388238220734     0.007632103855458903     324.32732041413          1.1489078482947568E-5
0.095                     -0.04474121750151139     0.04813375235744848      0.00765098316999689      324.32553905799654       1.2322787961691485E-5
0.095                     -0.05                    0.05141137115121447      0.007676998435440536     324.33241644878876       1.3746670696471575E-5
0.09802332680801822       -0.002848816826712139    0.009580400846073034     0.007180890542864695     324.04308732203754       4.833027976792887E-5
0.095                     -0.0029235203520634606   0.013021313103360618     0.007221312842477307     324.0617521881226        4.5184073064118754E-5
0.09999999999999999       0                        0.010000000000000009     0.007187429626991392     324.04461172105533       4.844828400382018E-5
0.09965422249928205       -0.002527989804724573    0.007393088429893294     0.007162127520551077     324.03427726417505       5.024961883759363E-5
0.09999999999999999       0                        0.014982354056809023     0.007248827894222301     324.07368817732345       4.363702810921801E-5
0.09500000000000001       0                        0.014982354056807383     0.007247545923736339     324.0729062758868        4.386556404582687E-5
0.09500000000000001       -0.003846153846153846    0.010000000000000002     0.007179902249961        324.04298071672656       4.76318779930498E-5
0.09500000000000001       -0.018750924640808735    0.021489783683746738     0.0073327591474959776    324.1258453193204        3.4230842279630424E-5
0.09999999999999999       -0.015128579689248401    0.016360228912354436     0.007266491642366328     324.08795068651494       3.9829867759826805E-5
0.09500000000000001       -0.01550789059037374     0.01783190311768814      0.007285212825665671     324.09813515111375       3.8569961289385606E-5
0.09999999999999999       -0.019025302170543237    0.017752790983859654     0.00728452593233388      324.09860350744464       3.7906303279238826E-5
0.09711584802354958       -0.00460559622630187     0.00808424432136305      0.007160611233592842     324.03502937835395       4.9271912451560025E-5
0.09945943425332861       -0.005705232042183289    0.0067566832398062715    0.007155802995001529     324.0325592279377        5.030694540022518E-5
0.09818863043125342       -0.0027162550694309617   0.004260110483611181     0.007129467073836877     324.02093138229196       5.2407896153464995E-5
0.097314046749153         -0.009801850635784846    0.012543243709164993     0.007216767391275024     324.06190276100256       4.450703375893355E-5
0.09999999999999999       -0.013196265689539128    0.013606576398557394     0.007231154186647217     324.0696480588221        4.293546595600151E-5
0.1                       -0.011538461538461537    0.010000000000000007     0.0071895138366556985    324.04933360017816       4.676990900752153E-5
0.09500000000000001       -0.00975512465491987     0.01376557946952128      0.007232411631567652     324.06910337901905       4.3440739883673715E-5
0.09738945304460805       -0.008804522760618423    0.008303678630475115     0.007163993309908301     324.03775459630094       4.8514218792252473E-5
0.09500000000000001       -0.007692307692307692    0.010000000000000002     0.007178784818281322     324.04386538910427       4.715271767392238E-5
0.09500000000000001       -0.013432549934284133    0.014026355960834727     0.0072359126359505125    324.07209413152697       4.27380302202283E-5
0.095                     -0.019068172663623775    0.01674865278148578      0.007271489620382931     324.091479438553         3.948948450512124E-5
0.09955772678107756       -0.01013127668571699     0.007058935774541359     0.007158830055860528     324.03520493225096       4.944304494301073E-5
0.0975                    -0.018161286527140892    0.015246578473674811     0.007252163405190647     324.0815269725062        4.0908491452562086E-5
0.09999999999999999       -0.017254400390657978    0.013744504165863872     0.007233529019160111     324.0715853192814        4.2516141601637145E-5
0.09999999999999999       -0.02231996576977079     0.02135153987735864      0.007331241554810518     324.12574568284714       3.3585736842412306E-5
0.09999999999999999       -0.022674811270812507    0.016815246910636746     0.00727267092810449      324.0928285915669        3.88375745497254E-5
0.09999999999999999       -0.05                    0.04533779254511617      0.007618151051899363     324.29909727206626       1.4992751931384079E-5
0.09999999999999999       -0.024411098389611148    0.029975065570194696     0.007444121236138486     324.19974744876725       2.3133460318218598E-5
0.1                       -0.02727989338547758     0.03288153336809938      0.007482677613158032     324.22829758446954       1.9618810733869854E-5
0.095                     -0.02441871422230701     0.024362668032470454     0.0073704469522496725    324.14989853723904       3.07407396597303E-5
0.09999999999999998       -0.025766792346355823    0.02413684004798998      0.007367516161154862     324.1479819894766        3.0141634235217044E-5
0.09739704460980358       -0.0254256614011715      0.020519448771842797     0.007320505035261453     324.1198215643214        3.468897765724971E-5
0.09500000000000001       -0.026993027695600552    0.02885655342161214      0.007429324476329991     324.1893448700049        2.5506098309798463E-5
0.1                       -0.03144953069893097     0.0339506890014364       0.0074955163419767054    324.2356726550594        1.8707501067055173E-5
0.09500000000000001       -0.029785747081863396    0.033870370653844545     0.007495378080591266     324.2371662003513        1.9937067497567488E-5
0.09999999999999999       -0.0356711240887513      0.036092635367248924     0.007521013177937929     324.25064581761404       1.7064902984366965E-5
0.09735849056243896       -0.034972005407386236    0.03617351941921172      0.0075226985436059055    324.25342414594587       1.7258963488186793E-5
0.095                     -0.03472398997114624     0.036541331800649085     0.007527707406948122     324.25703950958604       1.7744896344453835E-5
0.1                       -0.039992171753307486    0.03962038031724862      0.007561425742365134     324.27456354339154       1.4793660542586046E-5
0.09999999999999999       -0.04471040738576347     0.04256580026752786      0.007590848093651903     324.2868459316668        1.4322264660715785E-5
0.09500000000000001       -0.040031810457930445    0.039152176881679185     0.007555496114990387     324.269969015444         1.653014791883075E-5
0.095                     -0.04483543886629695     0.04213008719205597      0.0075858144548570225    324.28347274229907       1.5697745760470588E-5
0.095                     -0.05                    0.04533779254511627      0.0076187234647033236    324.2996834694716        1.5883906336762345E-5
0.09546305532484987       -0.002811471175353203    0.005038034564708017     0.007118771999450666     324.01763582671623       5.159447559321862E-5
0.09560532533703336       -0.002742000597485745    0.0017186759593642365    0.007097932815836721     324.0090152632079        5.3459878211297376E-5
0.09697552566202763       -0.0057701978512606006   0.0028346638781984587    0.0071130966245284005    324.0155480726253        5.272457974712893E-5
0.09707106781186546       0                        0.0029289321881345214    0.007114518371990164     324.0141511413104        5.359208869877141E-5
0.09638716633776773       0                        0.0063188200430805       0.007137654254791208     324.023893623571         5.142892756997348E-5
0.09923879876960269       0                        0.00617317399209374      0.007148577006305927     324.02756741218275       5.1639845818041635E-5
0.09443174111945175       -0.0023453264955172024   0.007684903749266449     0.007142238855996393     324.02664990735144       4.980937530691422E-5
0.09500000000000001       0                        0.010000000000000002     0.007180636015561044     324.0417772980796        4.854040985255513E-5
0.09434701215775758       -0.005366728025640427    0.007529476715287268     0.0071369146889160425    324.0255726796712        4.932669617684526E-5
0.095                     -0.02338571257486036     0.01825047953726955      0.007291090476914477     324.1026021183387        3.764860711643715E-5
0.1                       -0.020828839634565593    0.013806184955858681     0.0072341435601804985    324.0725586748796        4.222371758961303E-5
0.09755469293281827       -0.01431746222995306     0.011712087293298413     0.007206471505106025     324.058273548909         4.48576063142298E-5
0.09999999999999998       -0.015384615384615384    0.010000000000000005     0.007189633983855517     324.05006949426155       4.6456103593197975E-5
0.09954607628416712       -0.013917278501025534    0.007021337955245285     0.0071574148756143995    324.0355090476804        4.913662515046491E-5
0.09500000000000003       -0.01695863680928419     0.013742455140859328     0.007232058796252401     324.07087565084515       4.267369568263094E-5
0.0961196257436524        -0.007212373055071681    0.005694210782244519     0.007129988436988781     324.02333962621384       5.05945569547544E-5
0.09789223932954733       -0.009058018084503012    0.0038589448492017038    0.007124995755154355     324.02111636040485       5.180126828954562E-5
0.09686019075768264       -0.011769753450572585    0.007144521537848447     0.007149063039921103     324.0322981852351        4.9053377814424575E-5
0.09500000000000001       -0.011538461538461537    0.010000000000000002     0.007180098914885093     324.045574240015         4.6575910181320145E-5
0.09440415388423701       -0.009346394888383755    0.007632843781251412     0.007139248576822328     324.0277372192077        4.867036182747863E-5
0.095                     -0.015384615384615384    0.010000000000000002     0.007179229909338332     324.04595499942246       4.622718207234329E-5
0.09500000000000001       -0.02132430902497673     0.013713689807603704     0.007232245967065221     324.0716625402371        4.255971610477653E-5
0.09807361369191545       -0.012454651388186223    0.004099426980901281     0.007127141362454103     324.02280226226037       5.132012042573891E-5
0.09750000000000003       -0.017307692307692312    0.010000000000000031     0.007185319899340933     324.0490985729746        4.63037236620329E-5
0.09749999999999999       -0.02027753912787295     0.011856844903801879     0.007208857536373829     324.06065362909624       4.4351474994389175E-5
0.1                       -0.019230769230769232    0.010000000000000007     0.007188850625768723     324.0503732376241        4.627395295396325E-5
0.09766935352262718       -0.0253369871510213      0.015420658862468913     0.007254539918302124     324.0835075125706        4.044916020149632E-5
0.09999999999999999       -0.02511413902915538     0.014064294911352691     0.007237358934966812     324.074124780085         4.1897180423141334E-5
0.09999999999999999       -0.026672225663795703    0.018355834500021248     0.007292481330283898     324.1034395657016        3.700571591983062E-5
0.09500000000000001       -0.027494704228702885    0.016574694492685945     0.007269301453924585     324.0908640447088        3.9492678779851134E-5
0.09500000000000001       -0.02781379358770089     0.020394350603229507     0.007318797835142752     324.11853107761095       3.524457755776559E-5
0.09999999999999999       -0.05                    0.03926421393901795      0.007550449755018464     324.25526262594934       1.8883763876856258E-5
0.09999999999999998       -0.030404471746015738    0.022309794005313428     0.0073434528824345155    324.13232873351996       3.244162657844788E-5
0.09999999999999999       -0.029701469026210937    0.028633026378180645     0.007426029873624216     324.186120696983         2.4813063115963327E-5
0.09773584899902343       -0.031598236331959816    0.03091245180502207      0.007455455399691156     324.206390422232         2.2582248249133535E-5
0.09500000000000001       -0.02935896503744572     0.02464184371702785      0.007373906257537931     324.1519836513448        3.0433825732424455E-5
0.09500000000000001       -0.0313908119786503      0.02131271022940629      0.007330459187585398     324.12470040189856       3.434051654339715E-5
0.095                     -0.031036784720881345    0.028263848294417013     0.007420813757486415     324.1820606770154        2.6381156099894607E-5
0.09999999999999998       -0.03492849434482504     0.030874285068721634     0.007453745177505813     324.20276461632415       2.272216480244563E-5
0.09500000000000001       -0.0348897891485372      0.0306127978164673       0.007450178912871777     324.1998915940088        2.4134365437499576E-5
0.09999999999999999       -0.04008457954274047     0.03360814690813205      0.0074859687232202024    324.22031622773454       2.0771888568831797E-5
0.09500000000000001       -0.039652549114114505    0.03325578392651578      0.007481834548112991     324.21784201100417       2.215324863207459E-5
0.09999999999999999       -0.0450706826771212      0.03630331848667304      0.007516689771501801     324.23634198815915       1.9517390851370735E-5
0.095                     -0.04487590488134403     0.03622645568239521      0.007515910123987135     324.23594908804665       2.0619657511737504E-5
0.09500000000000001       -0.05                    0.03926421393901807      0.0075506551471584355    324.25556720316195       1.970475840469344E-5
0.09561154127405526       -0.008457587119835295    0.0017228867031087256    0.007096821242157797     324.01048735708713       5.265585115331559E-5
0.09405039739890025       -0.004674317663549746    0.003692968195320562     0.007095593303520471     324.0096199015427        5.1821854051140204E-5
0.09342115041594158       -0.005607333227412701    6.034192478592112E-4     0.007075879095413879     324.00230791160715       5.2960760593288304E-5
0.09263440634407544       -0.002432615776693797    3.532439020002678E-4     0.007066769171275476     323.9982317224151        5.330875284135416E-5
0.09382682600790626       0                        7.612012303973055E-4     0.007080348010663528     324.00183583194956       5.391204556445266E-5
0.0936811799569195        0                        0.0036128336622322788    0.007091628335824444     324.00657561366853       5.265491415508417E-5
0.09131720317203774       -0.003139384811423798    0.002676621951000147     0.007060258105967844     323.99713568217334       5.181429737062144E-5
0.09273748021844633       -0.0029066872812754775   0.005815958645804857     0.0070956933172633815    324.00908196615546       5.066046811873639E-5
0.09353553390593274       0                        0.006464466094067259     0.0071149170478459435    324.01502661303886       5.1024696812849986E-5
0.09281124066953711       -0.008118704456565913    0.003084372465396679     0.00707892253839503      324.0048263794504        5.1378531910406496E-5
0.09249546946076713       -0.006606634729613746    0.005667260431276913     0.007091026921573748     324.00861666114776       5.0073939578161015E-5
0.09255034071567877       -0.01030373528968565     0.005699330024990163     0.007093461629326333     324.0105835653158        4.9673207913969316E-5
0.09500000000000001       -0.024985167536579284    0.013517214630777402     0.00722955353509906      324.0703333117413        4.2631219274296636E-5
0.09749999999999999       -0.024031045306751157    0.011758607315388704     0.007207391428538666     324.06007076345753       4.435325290520062E-5
0.09999999999999999       -0.023076923076923075    0.010000000000000007     0.00718901207919541      324.0508002919891        4.614509033238994E-5
0.09704611260612095       -0.01549867727880926     0.007469932468730423     0.007153933849850645     324.0350866077661        4.851911295275222E-5
0.09951617236406163       -0.017645218822287024    0.006927140820429686     0.007158435439330698     324.0365944207037        4.9048549456250235E-5
0.09804547630924097       -0.016120282307394863    0.004061118711622339     0.007128223659129347     324.0239701286914        5.108752852889469E-5
0.09500000000000003       -0.019230769230769232    0.010000000000000002     0.007180373724746126     324.0469784801759        4.60363287363973E-5
0.09486223203137947       -0.012340505072113159    0.0045992684086518685    0.007110294208693808     324.01719985955475       5.057982024284064E-5
0.09590623530558536       -0.011350580725758758    0.001930527618545504     0.007100588882025687     324.0124901227428        5.23646377144443E-5
0.0941626547342877        -0.013408230215428136    0.00723010730115547      0.0071325142677942524    324.02596287173185       4.850963923393896E-5
0.09454614892807477       -0.017080076056592897    0.007918526982215556     0.0071463713412655335    324.0322383854923        4.787088635464533E-5
0.09500000000000001       -0.023076923076923075    0.010000000000000002     0.00718001885491348      324.0472360467292        4.5927499780152745E-5
0.0960256592946236        -0.014609192870224599    0.0020193089230871497    0.007101992303882841     324.0137307718887        5.2091808842939776E-5
0.09725128994250101       -0.020345088720049483    0.008442680545845271     0.00716578182060188      324.0409103800527        4.753264138787106E-5
0.09950257988500201       -0.021459408209329716    0.006885361091690512     0.007158518233064236     324.03707243417506       4.891363763682217E-5
0.09800429321607555       -0.01991326203512894     0.0040057285587748685    0.00712648224883367      324.0238012451137        5.092275886499495E-5
0.09708410111266415       -0.024211840086987277    0.008151589193779025     0.007161552863648306     324.0393618797816        4.766640717539176E-5
0.09999999999999999       -0.02865733762139935     0.014226326738300262     0.0072395032714386584    324.0750948830659        4.1752825234113015E-5
0.09999999999999999       -0.026923076923076925    0.010000000000000007     0.007189026435771355     324.0508286207278        4.613395347167223E-5
0.09728163285399515       -0.027972713659466738    0.012568373958198865     0.007217566842710364     324.06486392904844       4.3542936234438856E-5
0.09500000000000001       -0.029265627699604047    0.013590649318575697     0.007230289851322315     324.07065544410773       4.257618253635334E-5
0.09999999999999998       -0.030702543786833493    0.01734521682875219      0.007279291610206333     324.0955116969011        3.822561772419212E-5
0.09730455118434962       -0.030996672398268477    0.01675337927120805      0.007271595906341667     324.09178967386475       3.910347312466461E-5
0.09500000000000001       -0.031177830872714443    0.01732465515046163      0.007278936151688032     324.09523675707516       3.87485386969898E-5
0.09999999999999999       -0.03296922846576407     0.014327423336275093     0.007240430920044094     324.07489865092197       4.176003479116382E-5
0.09500000000000003       -0.03268480228358989     0.013340332247726136     0.007227148638910151     324.0685338592844        4.2935354179007664E-5
0.1                       -0.05                    0.03319063533291974      0.0074777776037951845    324.20748435420734       2.401901308309521E-5
0.09999999999999998       -0.03494149140845824     0.018862433192006506     0.007298527162613855     324.1051578556981        3.679213679719512E-5
0.095                     -0.03477499775189273     0.016089167961931942     0.007262746453999689     324.0862481063919        4.0314142132224725E-5
0.1                       -0.03494562267135809     0.02500789415557533      0.007377712691855194     324.1520817722222        2.9606438965470395E-5
0.095                     -0.03497137421536689     0.020057685070903025     0.0073138654761238965    324.113883839945         3.599310071296021E-5
0.095                     -0.03451040830360607     0.02507088178225232      0.007378609754137808     324.15246771618916       3.031033253923807E-5
0.1                       -0.039935407105673254    0.02769947647980578      0.007411006074334171     324.17035391094527       2.723624541521309E-5
0.095                     -0.03978777125375679     0.0274837094973649       0.007408369295941785     324.1686388511058        2.8335345523134287E-5
0.09999999999999998       -0.044781545247573745    0.03015384602987065      0.007440819183091161     324.1860299394129        2.5616322156281832E-5
0.09500000000000001       -0.04483118571247355     0.03022438663241976      0.007441599311244131     324.1868498187597        2.6429264164907993E-5
0.09500000000000001       -0.05                    0.03319063533291988      0.007477606829963296     324.2071620239751        2.4920899873811834E-5
0.0929226144456813        -0.011570126201119375    0.0029060737873984723    0.007080114894989237     324.006152609867         5.1093679117545524E-5
0.09312701187830712       -0.009630774183518064    5.014844995164528E-4     0.007073062938174825     324.0025347009955        5.2397801189271305E-5
0.09312293891077894       -0.013037305842924694    5.001446032298539E-4     0.0070726918987957165    324.00315295607334       5.209317752752043E-5
0.08999999999999998       -0.007692307692307693    0                        0.007040085099290721     323.9915206706381        5.165356360639269E-5
0.08999999999999998       -0.0038461538461538464   0                        0.0070404392313514665    323.9904320014708        5.2230138093468484E-5
0.09000000000000002       -0.005769230769230749    0.002499999999999997     0.007043862927342216     323.9927331740753        5.111084886032452E-5
0.08999999999999998       0                        0                        0.0070406471895408055    323.98916699644946       5.295963353763505E-5
0.08848831914133466       -0.003333181220450454    0.00249999999999998      0.0070251204989123794    323.98637429912117       5.088243226512652E-5
0.09                      -0.003846153846153846    0.005000000000000001     0.0070509194865849825    323.99420035280656       5.0326309669701285E-5
0.09                      0                        0.005000000000000001     0.0070497445714839835    323.99250630137936       5.118125098238258E-5
0.08987480723426017       -0.009361726723583017    0.0027247008258969477    0.007043128849693361     323.9935821657555        5.047421392479758E-5
0.09                      -0.007692307692307692    0.005000000000000001     0.007049953691274415     323.99508937798385       4.9721328342723785E-5
0.09231258915408685       -0.01485148848756781     0.002848103832302951     0.007072399151502269     324.0041238153669        5.075196272303208E-5
0.09210355457282834       -0.01343273172875805     0.005464026217102543     0.007084472304207709     324.0080410516562        4.936131448461444E-5
0.09128836983314248       -0.012332887997018833    0.003694397310698966     0.007063827429009934     324.0009708525059        5.021393699233064E-5
0.09                      -0.011538461538461537    0.005000000000000001     0.0070492342410521155    323.9957822500909        4.931851125266789E-5
0.09500000000000001       -0.026923076923076925    0.010000000000000002     0.007179381519250293     324.0469800849504        4.595173915055839E-5
0.09946232268200798       -0.025170941194844563    0.006765119869058955     0.007156225661729983     324.03622898199825       4.89757927345913E-5
0.09721546052716011       -0.0279408700789068      0.008337341882167294     0.007164049288188004     324.0402829332261        4.754636254727397E-5
0.09542369367898823       -0.01753031766550936     0.004953130034665698     0.00711795912957667      324.0210000249463        5.012917324266734E-5
0.09586397519874884       -0.018471963213174153    0.0018997657522477535    0.0071009459826172445    324.013928717803         5.191866850683316E-5
0.09434216926476786       -0.020057023175280485    0.007520974772999393     0.007137035042454878     324.02880627052895       4.7964381430856095E-5
0.09282250259531817       -0.01704386315975682     0.005872836434132724     0.007097841843344694     324.01343507387804       4.903300052537667E-5
0.09440654894643757       -0.024015265100434034    0.007637305270956476     0.007140094402627864     324.0304181457669        4.781044888755663E-5
0.09317814844392439       -0.016845993648001076    5.184720393609034E-4     0.007073866432044333     324.0041826346482        5.1888460777495534E-5
0.09297785356364127       -0.018876609861617544    0.0031881809293753728    0.007081734140302        324.00789462431953       5.056197087335072E-5
0.09527915394913065       -0.021433406640126218    0.005255690631152738     0.0071193104684676425    324.0219979932933        4.9752185269268176E-5
0.0958123459227137        -0.022163452032614436    0.0018626395634264222    0.007101172698319256     324.01439461215847       5.177519378493767E-5
0.09313320453196436       -0.020709356563478252    5.035254246179403E-4     0.0070730637339835025    324.00439665504297       5.1714811938372615E-5
0.09581384224955042       -0.024195319570000047    0.00456624333181177      0.007117747704248687     324.0213213306068        5.025037230948447E-5
0.09797045166908784       -0.02356421527889827     0.003960803017723721     0.007125720570901994     324.02369633935047       5.0894589982309844E-5
0.09562600958801155       -0.026151982552611287    0.00630495171821609      0.007132467215672805     324.02732202182716       4.904651428658083E-5
0.09585664528577699       -0.026086240121985994    0.0018944644842807542    0.007101460955819731     324.0145482890641        5.168147324065909E-5
0.09725349472179537       -0.03241082479753022     0.0117140679918592       0.007206513138672738     324.05905542088317       4.449854282138086E-5
0.09999999999999999       -0.030769230769230767    0.010000000000000007     0.007189675748268217     324.0508448726026        4.618163515179667E-5
0.09999999999999999       -0.034615384615384624    0.010000000000000007     0.007188633339702293     324.0496969076557        4.635049818058865E-5
0.09797365415487197       -0.027412220894334743    0.003965031945528389     0.007127173962027279     324.02427133371935       5.0904666691906196E-5
0.09943092105432019       -0.028958663234736635    0.006674683764334609     0.007154529253557156     324.035331823936         4.905867270395095E-5
0.09500000000000001       -0.030769230769230767    0.010000000000000002     0.00717926529543235      324.0468019664623        4.599925911715179E-5
0.09691237613248774       -0.030460535910919143    0.007144210781630545     0.007149698362317448     324.033978537667         4.8556263878369E-5
0.0994352432054015        -0.03277862662575904     0.006686967302466734     0.007154384472401897     324.03485390362863       4.912515412612479E-5
0.09767400113441556       -0.03497993161955306     0.013844633430245513     0.007234117247936175     324.07178269751597       4.247932639606374E-5
0.09748400969404364       -0.0366993686221369      0.01576759086381473      0.00725861000194143      324.0838047677119        4.052075978008212E-5
0.09999999999999999       -0.03667980016688808     0.014277986415434894     0.007239990116002181     324.07373440053215       4.209402861324166E-5
0.0975                    -0.03653846153846151     0.010000000000000016     0.007185284744241138     324.048405995045         4.639476211398776E-5
0.09500000000000001       -0.034615384615384624    0.010000000000000002     0.007180437103505497     324.0464759983817        4.617549987864654E-5
0.095                     -0.03672669337476042     0.013224734868712942     0.007224929808367655     324.06664290782976       4.3307213291915085E-5
0.09999999999999999       -0.03909607212220388     0.01732789759527449      0.007278454468442597     324.09331692962047       3.887163665058627E-5
0.09999999999999999       -0.05                    0.027117056726821562     0.007402144742829927     324.1594591877411        3.0126066077069214E-5
0.09999999999999999       -0.03970848942527614     0.02191540355754685      0.007337166627896964     324.12546058587856       3.3773967577238244E-5
0.095                     -0.038686480194094625    0.017109255200177056     0.007275523030394919     324.0916829926114        3.951137420693295E-5
0.095                     -0.03955418456443535     0.0219449223137897       0.0073374944533155136    324.12540744423603       3.439159352513697E-5
0.09999999999999998       -0.04492769500417898     0.024301151439591818     0.007366944299995079     324.14008901993435       3.199349605424264E-5
0.09500000000000001       -0.04494958639431911     0.024437029498775666     0.007368586731509699     324.1414834202439        3.254283553638301E-5
0.09500000000000001       -0.05000000000000001     0.0271170567268217       0.0074021661327957535    324.1591187973408        3.0895453235432876E-5
0.09999999999999999       -0.04056512316054204     0.014017697890749616     0.007235981224102985     324.07081646638375       4.2683888735175254E-5
0.1                       -0.038461538461538464    0.010000000000000007     0.007189336653849415     324.0490216161416        4.656701431108207E-5
0.09948133833623903       -0.03664474523975338     0.006821285896189453     0.007155799733832012     324.03470737639225       4.925074176232137E-5
0.08999999999999997       -0.011538461538461539    0                        0.0070398303829576495    323.9924812354051        5.1281264248384166E-5
0.08999999999999997       -0.015384615384615384    0                        0.0070400384700991525    323.9933086599221        5.097638309867573E-5
0.08831499306911661       -0.012840314874674685    0.0024540568767992214    0.007023098097277071     323.9884215313013        4.9636509175797246E-5
0.08711258537752133       -0.00970708304188931     0                        0.007006763172242344     323.9828917480345        4.9959838221559715E-5
0.08682095524191918       -0.006142360733225757    0                        0.0070028960837097655    323.98055309890157       5.0387678741642586E-5
0.08697663828266931       -0.002820208594747048    0                        0.007005028792880204     323.9801145941846        5.094029747468028E-5
0.08439807413134798       -0.0037949613447467697   0.00249999999999998      0.006972899299788951     323.9725432368577        4.8957770245065204E-5
0.08720678478649221       -0.005988290760187981    0.005000000000000001     0.007010019249469437     323.98281620232854       4.925848170205417E-5
0.085017645943191         0                        0.005000000000000001     0.006981539107702119     323.9732416331413        4.953346381740433E-5
0.08501764594319175       0                        0                        0.006980520719055134     323.97265531233097       5.0375980670557345E-5
0.08691471609863388       -0.0030734583465998667   0.005000000000000001     0.007005722282864593     323.98045039090147       4.959674255492135E-5
0.08598064899805175       -0.009544771755788878    0.005000000000000001     0.006993542677436122     323.9791689320701        4.830747578805124E-5
0.0880948908272912        -0.016384311358074912    0.0024999999999999693    0.007020638036687519     323.9883721122221        4.9291489768007555E-5
0.09                      -0.015384615384615384    0.005000000000000001     0.007050134611084017     323.99699212182884       4.89835195152981E-5
0.08600608640956806       -0.013211993110122451    0.005000000000000001     0.006993815273032584     323.9800660093309        4.794438889734039E-5
0.09430333154720953       -0.028044961700749674    0.007454152872855231     0.007134921986958972     324.02819325065025       4.799233078943093E-5
0.09640033346604318       -0.02829700073466104     0.005239189213288237     0.007128546885750359     324.0254277861889        4.987850999888759E-5
0.09248350570173984       -0.021048704254184265    0.005660391788487611     0.007091815748326721     324.01171704623033       4.896463726862366E-5
0.09                      -0.019230769230769232    0.005000000000000001     0.007049445967688949     323.99732244215414       4.8785518509362705E-5
0.09258475535437762       -0.025196676123716222    0.005719925262566512     0.007094690289658141     324.0130744236402        4.886552523201555E-5
0.08999999999999998       -0.019230769230769225    0                        0.007039428732364368     323.99370953767226       5.081813846148251E-5
0.09235720125062112       -0.022582762913740968    0.0030857527395116826    0.00707420931196829      324.00566889087435       5.035743180051556E-5
0.09313801549891669       -0.02460150390095517     5.051140750107711E-4     0.0070731151082726465    324.00456693484733       5.1768854517516456E-5
0.08999999999999997       -0.02307692307692307     0                        0.0070402563741568105    323.9943782598433        5.0740605487317835E-5
0.08804114916986662       -0.02026281121832724     0.002499999999999997     0.007019518675168016     323.98846807480936       4.911301468314317E-5
0.09249753757352497       -0.0262916363579255      0.0038222493993935406    0.0070792896709028314    324.00754761812203       5.0028146333834437E-5
0.09465865084596542       -0.027695772514677093    0.0038249209272206985    0.007101775280493077     324.0153799534782        5.045724593885238E-5
0.09588035751838372       -0.029999907029123505    0.0019116506346481296    0.00710068395391636      324.01402814798894       5.181386007536043E-5
0.09314303299874406       -0.028528937963232838    5.06773806086475E-4      0.007073482166435595     324.00468478510555       5.170882534660523E-5
0.096910432605981         -0.034315545855892436    0.007142825538408149     0.007149218648117053     324.03317620795013       4.8732233520383274E-5
0.09796902722997403       -0.03131878408326383     0.003958923522423146     0.007126684806648696     324.02376900564735       5.0972648702450554E-5
0.09513709436451948       -0.0309811578081126      0.0047626942167873       0.0071135983114025405    324.01956746040923       5.0049522443080396E-5
0.09439383121065523       -0.03196240858710169     0.007613737798926504     0.007139302864347154     324.0295418587039        4.79327057019708E-5
0.09796172022766325       -0.03516670146181686     0.0039492966510977215    0.0071265205583196925    324.02307954313153       5.119462799354934E-5
0.09693098575900695       -0.03822819224370294     0.0072054403793607065    0.0071500177883334435    324.0326910276645        4.890605152392688E-5
0.09957131038894025       -0.04041942642727709     0.007103447318179086     0.0071579229226385755    324.0346641455399        4.931904330824552E-5
0.0980372994930927        -0.038880906129421085    0.004050057407139811     0.007127740365706495     324.0227143072296        5.137654104430166E-5
0.09438562200656052       -0.035852465086025874    0.007598683774349548     0.00713940793992933      324.02888191224196       4.82278058626773E-5
0.09754595801279799       -0.03972145401150169     0.01177848501397651      0.007207222612381546     324.0575164161097        4.493705314657042E-5
0.09500000000000001       -0.038461538461538464    0.010000000000000002     0.007178833389754812     324.04493946210835       4.638845865224891E-5
0.098501672646457         -0.041912176963986705    0.0047348730107921585    0.007135537770936565     324.02504418148925       5.1203124227934455E-5
0.0975                    -0.04271021597850801     0.016008219819548676     0.007261310730506082     324.08299822894526       4.0932041111255954E-5
0.09500000000000003       -0.04116109359290089     0.013284209208102086     0.00722573066165201      324.0656588465832        4.365192686458966E-5
0.09999999999999999       -0.044781442852287814    0.01768058420005874      0.0072826801803935835    324.09282859872985       3.9244872652856185E-5
0.09999999999999999       -0.05                    0.021043477891168096     0.007325349752840534     324.1143660534387        3.661284320074599E-5
0.09500000000000001       -0.04485530879647401     0.017998741748347827     0.007286535465086538     324.09522423268186       3.9437525699837816E-5
0.09500000000000001       -0.05                    0.021043477891168474     0.007325221417935676     324.11391542727324       3.7202248914477084E-5
0.09999999999999999       -0.04386752027204995     0.01265788233459108      0.00721961906912788      324.0619190110007        4.453613393887291E-5
0.09999999999999999       -0.04230769230769231     0.010000000000000007     0.007189237848071601     324.0479541257292        4.6950121247841434E-5
0.07895652210883287       0                        0                        0.006903015669185754     323.9555387645931        4.6889155280384137E-5
0.07895652210883157       0                        0.005000000000000001     0.006903167310360952     323.95611245924925       4.6421556942606076E-5
0.08588005883651315       -0.017266476263727917    0                        0.006991731354600766     323.9800531585576        4.890911467904737E-5
0.08634204597614414       -0.013760890734819781    0                        0.006997460054566628     323.98094298895415       4.932609932398783E-5
0.08478643841879371       -0.014504171108218323    0.0025000000000000022    0.006977894994094428     323.9764719173115        4.785469084185502E-5
0.08384000868499605       -0.011279201383274592    0                        0.006965429670913528     323.9725070674241        4.819167467537794E-5
0.08388869806257915       -0.008247505701903536    0                        0.006965998358927412     323.9720532128139        4.8497042176514004E-5
0.08188143216406206       -0.004516464342893664    0                        0.00694059618896048      323.965044061115         4.769862408055892E-5
0.08225091237792811       -0.0051199304059242196   0.005000000000000001     0.0069453701015851944    323.96614253198584       4.728288619577416E-5
0.08203863489733652       -0.01140848535399696     0.005000000000000001     0.0069426452407740655    323.9674024370443        4.628902453665967E-5
0.08618978165458237       -0.017384007331534446    0.005000000000000001     0.0069963252280491155    323.98140954991686       4.7727994037197145E-5
0.08323083086144324       -0.015247451481616957    0.005000000000000001     0.00695798213413505      323.9715457005503        4.6581500005704666E-5
0.09247135092378034       -0.029153500381946033    0.005653458315910217     0.007093715309670623     324.0124735081541        4.891308178151666E-5
0.09                      -0.023076923076923075    0.005000000000000001     0.007048893215443817     323.9975186801545        4.8762191538435515E-5
0.08609735209299751       -0.020842802926469912    0.005000000000000001     0.006994973766404834     323.9811700000731        4.754375567493174E-5
0.09                      -0.026923076923076925    0.005000000000000001     0.007049736326293867     323.9977959508174        4.8730628162155724E-5
0.08458201721035533       -0.02010469635149206     0.002500000000000008     0.006975277520077706     323.97659243925614       4.7542731228987733E-5
0.0860822983397333        -0.02129485320588519     0                        0.006994213561318792     323.98094861759176       4.887559585173543E-5
0.08601948698548834       -0.02315319828081101     0.0024999999999999857    0.006993750603905297     323.9814241211052        4.822230156239431E-5
0.08817803994485574       -0.025812234180892207    0.0025000000000000356    0.007021710951373273     323.98930375087997       4.913547541500813E-5
0.08999999999999998       -0.026923076923076918    0                        0.00703924929046749      323.9939767674642        5.0775367809744624E-5
0.08635607988971149       -0.02470139143870745     0                        0.006997709884850322     323.98202435168366       4.899232230358462E-5
0.09588791113176527       -0.033814951845342785    0.001917147625718096     0.007101448879058194     324.0138145111768        5.196497446206173E-5
0.09256569973012338       -0.03304214962990201     0.005708475224952686     0.007093594273811958     324.0119018304602        4.90486750235943E-5
0.09230742677405855       -0.030445921332983857    0.003110084359046139     0.007074731342441776     324.00573046705114       5.036821113759552E-5
0.08999999999999998       -0.03076923076923076     0                        0.007040472263872373     323.9940313146844        5.079969442589603E-5
0.09312099547603522       -0.03221105493780355     4.995059476589511E-4     0.0070738290129420175    324.00436656182666       5.182191879307944E-5
0.09282809962824495       -0.03458055168494705     0.0030990085780993274    0.007079669820782322     324.0067554548478        5.069152924213361E-5
0.09513676656916287       -0.034833708465684336    0.004757915700033844     0.007113826357774391     324.01910035820407       5.0290637505554586E-5
0.09582342354365515       -0.03777869698040633     0.0018705634739421796    0.007100759456979328     324.0128427809372        5.222206425995835E-5
0.09510202836271502       -0.03879516811402942     0.004730079168237073     0.007113643143413405     324.01824712209776       5.0541251983005645E-5
0.0925173469374003        -0.03702185771059331     0.005679934676794642     0.00709215413407185      324.0106616292886        4.933640906908512E-5
0.09613369904098563       -0.041911784650932496    0.0021020422845768666    0.007102482396764086     324.0123769704874        5.253073175456262E-5
0.09675083632322853       -0.04210993463583948     0.007367436505396081     0.007150930871685891     324.0320121848636        4.914415935634462E-5
0.09946728753351879       -0.04420155564025105     0.006779679090885618     0.007155122107256061     324.0323764029126        4.9994546518122996E-5
0.09796221355835327       -0.04427220733949172     0.003949945847252685     0.007125760336217216     324.0204869290716        5.1994301711089506E-5
0.09692528130997846       -0.04368838215434909     0.0100170932464078       0.007183834089972921     324.0457113499015        4.706764859949065E-5
0.09438063318177496       -0.0398116392476525      0.0075895948625319615    0.007138642201339478     324.02764403852956       4.848647563026735E-5
0.09500000000000001       -0.04230769230769231     0.010000000000000002     0.007179994669119378     324.04424138344785       4.680487602043176E-5
0.09435764471215939       -0.04139251576528277     0.003910028901954444     0.007099559244833021     324.0122705697631        5.116951166730617E-5
0.09999999999999999       -0.046930662906562066    0.01303189425571224      0.0072240464074181145    324.06288792719107       4.4599368989896964E-5
0.09500000000000001       -0.046039430364850156    0.0131192746846278       0.007223398299646776     324.06292601351157       4.451192402742673E-5
0.09999999999999999       -0.05                    0.014982354056809172     0.007248602267338229     324.07362060774716       4.3128208637182174E-5
0.095                     -0.05                    0.014982354056808235     0.007247341003736124     324.0730395057031        4.334636042015206E-5
0.09999999999999999       -0.04615384615384615     0.010000000000000007     0.007187747772920072     324.0459980927122        4.7424461704420774E-5
0.0982403918964069        -0.046169636825304776    0.010120742242180137     0.007186791693986447     324.04613719953363       4.728224541850884E-5
0.09961161014890933       -0.04738226386457811     0.007240117693563144     0.007159725619613039     324.03325835041045       5.005016338465357E-5
0.09999999999999999       -0.05                    0.010000000000000009     0.007188911955828089     324.0450509396897        4.8117316810437984E-5
0.09841911785426533       -0.04700134304265328     0.0046038481715216       0.007133873954133595     324.022749480393         5.1987670727614734E-5
0.09683193384840688       -0.046398956311286536    0.007528765909414203     0.007152887552728721     324.0315344861435        4.959167887097577E-5
0.09500000000000001       -0.04615384615384615     0.010000000000000002     0.007178952148908777     324.04259434863724       4.737846203682399E-5
0.07603482659132511       -0.004755658396979942    0                        0.006865571671008265     323.95142374850224       4.40919538480515E-5
0.07288294327317883       0                        0                        0.006825127637808853     323.94401582381437       4.285305333069553E-5
0.07288294327317865       0                        0.005000000000000001     0.006825147570706696     323.94447671991605       4.273742419016164E-5
0.07537761024558888       -0.004749789771521029    0.005000000000000001     0.006857147925361058     323.9499622594975        4.34599177777779E-5
0.08314875659457817       -0.01730702062906554     0.0025000000000000413    0.006956887487171135     323.97173325743523       4.68929971889874E-5
0.0830666823277131        -0.019366589776514148    0                        0.006955799227482775     323.9713527678809        4.714899016607244E-5
0.08162577017498673       -0.014876178238069977    0                        0.00693728742349357      323.9667250306851        4.654942416374746E-5
0.0795537973697669        -0.009663510014035634    0                        0.006910660018616598     323.96045976633525       4.5727798071985855E-5
0.07941852720723754       -0.015089595881391757    0.005000000000000001     0.006909008717566085     323.96139530688157       4.460543706698283E-5
0.07742713304003575       -0.00977508185541856     0.005000000000000001     0.006883425496503808     323.9557199632241        4.397199115777159E-5
0.0820978564701493        -0.018891640332543955    0.005000000000000001     0.006943414680214726     323.96851194021554       4.591110503857639E-5
0.08820211121838271       -0.029875634570111154    0.0025000000000000248    0.007021746299490022     323.9891650843302        4.91658738634057E-5
0.09                      -0.030769230769230767    0.005000000000000001     0.00704891868099594      323.9970025304609        4.880626617465303E-5
0.08205874922581508       -0.021081063813440323    0.0025000000000000135    0.0069429012505967955    323.9690250927733        4.61330859458321E-5
0.08315609929108828       -0.022839894830979646    0.005000000000000001     0.006957043121718127     323.9718448381141        4.629776390947255E-5
0.08595667563124336       -0.025011543355736778    0.005000000000000001     0.006993219321287945     323.98085344366933       4.7491057676242976E-5
0.08613260516843484       -0.028523732787064326    0.005000000000000001     0.006995598324255521     323.98147334842275       4.754907195551123E-5
0.08331350287635614       -0.024914579206001385    0.0025000000000000135    0.006959024984506032     323.972858697314         4.678302375444804E-5
0.08201964198148087       -0.023270487294336662    0                        0.006942375448355281     323.9685310477911        4.6439841466402864E-5
0.08480175581502943       -0.027756498184043757    0.00249999999999998      0.006978145682007994     323.9774500310907        4.757387697047255E-5
0.08640422243676543       -0.02898203837099157     0                        0.0069981666232141896    323.98209663528723       4.90328410904581E-5
0.08347090646162401       -0.0269892635810232      0                        0.006960986348334237     323.97283208870954       4.727292268837335E-5
0.0930904995263666        -0.03611895373999205     4.895419312460151E-4     0.007072588944842249     324.003325326869         5.203132476759176E-5
0.08999999999999998       -0.03461538461538461     0                        0.007039762036394398     323.99318871406973       5.1030425684507654E-5
0.08650808766684559       -0.03245643440055613     0                        0.006999681969116255     323.9821636786606        4.917829344497524E-5
0.09                      -0.034615384615384624    0.005000000000000001     0.00705038339302148      323.9970487254376        4.8919993086484266E-5
0.08825404383342281       -0.033535909507970384    0.0024999999999999857    0.007022656994478793     323.98891777412615       4.93748415134264E-5
0.08999999999999996       -0.036538461538461554    0.0024999999999999914    0.007044086992996626     323.99479544051513       5.021229211109964E-5
0.09326806200565782       -0.039988318471942924    5.490862490880932E-4     0.007075035624585681     324.0032543494977        5.235600646594729E-5
0.09289270447152904       -0.03850508809126812     0.0031145104629413892    0.007080636231004912     324.00630867596743       5.094754413958955E-5
0.09258159038333315       -0.040873246879633125    0.005718015519331973     0.007093673443101898     324.0102856591165        4.960163201378085E-5
0.09                      -0.038461538461538464    0.005000000000000001     0.007049573810423038     323.99595781302975       4.922798151611702E-5
0.09269331500792306       -0.042438205561188144    0.003059743423852873     0.007077648455250521     324.0042477451506        5.1357957648071E-5
0.09280503963251302       -0.04400316424274318     4.0147132837375183E-4    0.007068607696300795     323.9999969462461        5.2792852761592865E-5
0.09569167354357791       -0.046398354146489094    0.0017777830074039457    0.0070995125895535974    324.0099221854534        5.314623716776443E-5
0.09507412017775957       -0.045262491259122184    0.004681480952254397     0.0071118031470493994    324.0156479696905        5.1303709725078485E-5
0.09707106781186546       -0.049999999999999996    0.0029289321881345214    0.007114757017398955     324.014287504335         5.338786059658217E-5
0.09417958267941948       -0.043791166256793995    0.0072557171017009125    0.00713277843320986      324.02416853321023       4.920522905050673E-5
0.09218820625179971       -0.043876555720374535    0.005504251630753266     0.007087040846948833     324.00716876134027       5.0058913737986175E-5
0.09500000000000001       -0.05                    0.010000000000000002     0.007180482443912604     324.04181466388775       4.8220247524387464E-5
0.09923879876960269       -0.05                    0.00617317399209374      0.007148248904109798     324.02741086799676       5.138823654982636E-5
0.09638716633776773       -0.05                    0.0063188200430805       0.007137316089149679     324.0237660677263        5.119723672627152E-5
0.09537788283330846       -0.048105361666069234    0.00576706938436139      0.007124980035044224     324.01977500474356       5.110928347265305E-5
0.09562678925237568       -0.04814315967412844     0.007994191575409126     0.0071538368676307       324.03136776358446       4.9506141531565605E-5
0.09445952968179487       -0.047449049433385154    0.007738895177752556     0.007141204706917597     324.0262993090755        4.944120350270857E-5
0.06680936466708044       0                        0.005000000000000001     0.006747200008327905     323.93817966934967       3.8802140269829056E-5
0.06939666352717765       -0.004956505972751383    0.005000000000000001     0.006780398956140783     323.9417894179974        3.9553470532026495E-5
0.0668093646670806        0                        0                        0.006747199104344989     323.9382091636857        3.857335951672246E-5
0.06984615397012972       -0.005218454752426275    0                        0.006786164036510874     323.94251009490506       3.97498188903121E-5
0.07297642952107881       -0.010063512584851048    0                        0.006826324807313729     323.94773719770086       4.122950981357421E-5
0.07211702168896084       -0.00963967509430957     0.005000000000000001     0.006815300641191844     323.94621065020425       4.066660690235167E-5
0.07498820163063434       -0.014937770629596309    0.005000000000000001     0.006852145020405034     323.9518040882516        4.197799753107424E-5
0.07873374321164825       -0.01938230529704455     0                        0.006900216425329662     323.9601764069876        4.4452220432357745E-5
0.0777482587077597        -0.018059473919844287    0.005000000000000001     0.006887575039966321     323.95775836240404       4.346694071597272E-5
0.07558799862668544       -0.014946629920233288    0                        0.006859838115607194     323.95304893742076       4.256403558678142E-5
0.07818952071246803       -0.022550765946816653    0.005000000000000001     0.006893248264664697     323.9590887008789        4.3560848671101496E-5
0.07553742700739113       -0.021703762707018237    0.0025000000000000356    0.00685920698877096      323.95406147645923       4.205934892139651E-5
0.07903327503057475       -0.024940572447117122    0.0025000000000000022    0.006904076485509199     323.9613439259502        4.429848616899005E-5
0.0774293110173174        -0.023763327963777565    0                        0.006883485664993417     323.95738826041855       4.346035658231086E-5
0.08489660269805993       -0.03162871470494538     0.0025000000000000135    0.006979376166209433     323.977499882067         4.77086041914932E-5
0.08611883149493303       -0.03270781009788605     0.005000000000000001     0.006995452114869207     323.98112104257865       4.76921395586338E-5
0.08171575226033576       -0.02684367252826684     0.005000000000000001     0.006938522539353125     323.96768866005107       4.554311454033295E-5
0.08328511772927424       -0.03080099500933463     0.005000000000000001     0.006958733549425892     323.9721488253058        4.639446518082029E-5
0.08203294598063421       -0.028850601494728036    0.0024999999999999914    0.006942587320458855     323.96890550580235       4.611217397925411E-5
0.07987702934868139       -0.027330378947417595    0                        0.006914903106271534     323.96305707687117       4.504999110680894E-5
0.08235013970093266       -0.0308575304611892      0                        0.006946623753308612     323.96946113853943       4.67329481300528E-5
0.09                      -0.03846153846153846     0                        0.007039619568322214     323.99241354234886       5.127379487973825E-5
0.08669921754588389       -0.03660046846716999     0                        0.007001456137815471     323.98207639833237       4.9565164395093896E-5
0.08999999999999998       -0.0423076923076923      0                        0.007039717988482909     323.99150422495256       5.164431429402487E-5
0.08372400456328345       -0.03464067349672622     0                        0.0069640982054676994    323.9728763106095        4.779721590580884E-5
0.08627485364581475       -0.03626412933576308     0.005000000000000001     0.006997750537235174     323.98118362173426       4.789484492383862E-5
0.08470871717736625       -0.03741231111385291     0.0025000000000000248    0.006976923064181654     323.9758994192309        4.8026253379237795E-5
0.08833722148045522       -0.03975225223669972     0.002500000000000008     0.0070237363818341034    323.9881009696767        4.984504040220434E-5
0.09                      -0.04230769230769231     0.005000000000000001     0.007050447082753473     323.9954218706804        4.963833948400557E-5
0.08626348355322544       -0.039866086587068285    0.005000000000000001     0.006997091059780308     323.98029953664496       4.829115306636597E-5
0.08895212252414185       -0.04395839059314344     0.0025344839695078895    0.007031194851556707     323.9890869664705        5.057452467786828E-5
0.08999999999999998       -0.04615384615384615     0                        0.007040412939001152     323.9905636775076        5.211331512043003E-5
0.09252457305904176       -0.04707666498313932     3.239196536221077E-4     0.007065905513261155     323.9982369922553        5.3067118228531835E-5
0.09202761461230216       -0.04573196324983636     0.0034383529606492715    0.007072709070172436     324.0017969084939        5.1386353483894545E-5
0.09382682600790626       -0.05                    7.612012303973055E-4     0.0070803520278389966    324.0018778058512        5.371433947975204E-5
0.0936811799569195        -0.05                    0.0036128336622322788    0.007091193007193533     324.0064089975284        5.24916129810908E-5
0.0899898411695842        -0.046225851239656675    0.0019725570657373906    0.007043182332821503     323.99190360559595       5.147933369993978E-5
0.09275891863666719       -0.046814306040477566    0.00583006379470256      0.007096729838468134     324.0095620737284        5.044780651852508E-5
0.09                      -0.04615384615384615     0.005000000000000001     0.007048733107249501     323.9935145977883        5.0240947332383214E-5
0.09353553390593274       -0.05                    0.006464466094067259     0.007114530685781584     324.0148355768957        5.080229642314393E-5
0.06377257536403147       -0.005218454752426265    0                        0.006708231596612658     323.93901970581226       3.532311136052364E-5
0.06073578606098236       0                        0                        0.006669265313585289     323.9375441167594        3.419736622893995E-5
0.060735786060982205      0                        0.005000000000000001     0.006669265411523712     323.93754608597493       3.463932900737408E-5
0.06377257536403133       -0.0052184547524262714   0.005000000000000001     0.0067082319416951796    323.9390211272217        3.565006163852511E-5
0.06657034715532921       -0.009986801694119718    0.005000000000000001     0.006744130874209835     323.94118439428837       3.6834405470537856E-5
0.0668689586995075        -0.010276373841841026    0                        0.00674796206384443      323.9414469725972        3.67997691726691E-5
0.06981961978365109       -0.015234945912669854    0                        0.006785824755772087     323.9446936109379        3.8425883558401294E-5
0.0696796643410132        -0.01517766153836413     0.005000000000000001     0.0067840295554925665    323.9445399977076        3.841380889752948E-5
0.07291636661055292       -0.020059953145706428    0.005000000000000001     0.006825568735127908     323.94903702378167       4.034742833142245E-5
0.07288533330231423       -0.020856759467219772    0                        0.006825171337934301     323.94901506319377       4.0288355547889346E-5
0.07416090050694135       -0.02481355509403145     0.005000000000000001     0.006841547253162854     323.95141459114626       4.105616750269588E-5
0.07696506367228267       -0.026838202962114022    0.005000000000000001     0.006877539024901957     323.95660194974477       4.284426920592498E-5
0.0737718521501957        -0.025514280268430164    0                        0.006836553582453699     323.9506944659521        4.086974429457733E-5
0.07616370802383794       -0.027381716144931123    0                        0.006867249715903924     323.95488343780346       4.2579543518785975E-5
0.08221509366542938       -0.03458421293777777     0.005000000000000001     0.006944953808933534     323.9686875334263        4.6133567281807175E-5
0.07828746120886877       -0.031081779219858125    0.005000000000000001     0.006894519269804263     323.9590370756283        4.372700705554301E-5
0.07721508619454256       -0.031041336843271573    0                        0.0068807421382706775    323.9567527737398        4.344010350926676E-5
0.07959774570186998       -0.03486350257484852     0                        0.006911302606168258     323.9616514940617        4.531094908138815E-5
0.0866744429609105        -0.04104296601186092     0                        0.007001618363823719     323.98121711005086       4.996840113769558E-5
0.08274139702246178       -0.03867545578966733     0                        0.006951577654843531     323.9693247512832        4.7579413133655276E-5
0.08678644182268774       -0.046100126641380273    0                        0.00700290313977545      323.97992913091036       5.0603408220896265E-5
0.08021628060911933       -0.039060706162765156    0.0025000000000000135    0.006919273717335807     323.9627501455453        4.573301610262193E-5
0.08271821680884857       -0.03822415376053587     0.005000000000000001     0.006951411694719799     323.9692081038971        4.6610777064795034E-5
0.08429047511783296       -0.044393759779275524    0.0025000000000000413    0.006971610174721264     323.97284695808526       4.85567923384308E-5
0.08375433502138625       -0.04159744260354205     0.005000000000000001     0.006964821611003217     323.9719143096554        4.7431728846024895E-5
0.08659417133986805       -0.04381210613347278     0.005000000000000001     0.007001743128518714     323.9806205529876        4.8861729358385074E-5
0.08679254232597278       -0.04699866928020305     0.005000000000000001     0.007004693345530918     323.98048410624045       4.9469909879416294E-5
0.08999999999999998       -0.05                    0                        0.00704157564850095      323.98970773570187       5.262547492617234E-5
0.09                      -0.05                    0.005000000000000001     0.007049434544087039     323.99244852771716       5.096471143776164E-5
0.05769899675793323       -0.005218454752426275    0                        0.0066302983844300015    323.94105021231184       3.0790190452756086E-5
0.05466220745488412       0                        0                        0.006591331280448636     323.94229734771534       2.9782123369352285E-5
0.06073578606098236       -0.010436909504852546    0                        0.006669264833341897     323.94074257280823       3.217568044924097E-5
0.06374324669546354       -0.015309391896163031    0                        0.006707855785900397     323.941178293254         3.388655495944358E-5
0.06678662320348656       -0.020233280391401307    0                        0.006746910385180832     323.94274481731236       3.5835650922446116E-5
0.08501764594319175       -0.05                    0                        0.006980479596823763     323.9728959568318        5.026290132962516E-5
0.05466220745488399       0                        0.005000000000000001     0.006591331254715275     323.9422970150326        3.0393020281556845E-5
0.0576989967579331        -0.005218454752426269    0.005000000000000001     0.006630298505893654     323.94105343258053       3.133123076340471E-5
0.060735786060982205      -0.010436909504852541    0.005000000000000001     0.0066692650605422584    323.94077231629257       3.261323001011196E-5
0.0636110088182445        -0.015208432425048268    0.005000000000000001     0.006706159221387976     323.9414172477663        3.411109645381345E-5
0.06675086776282156       -0.020076691151779614    0.005000000000000001     0.006746451888929723     323.9429692406511        3.601789223960733E-5
0.06936978108112488       -0.024819157201468246    0.005000000000000001     0.006780062706539123     323.94507240449553       3.7764632654197333E-5
0.06931706105936834       -0.025238324738931076    0                        0.006779386199121272     323.9451021264908        3.7614843725660155E-5
0.07290849254580373       -0.029427230214874502    0.005000000000000001     0.0068254795865852905    323.94906211693353       4.030603249907765E-5
0.07248604477046464       -0.02959186378120231     0                        0.006820057141527363     323.94849058837013       4.004394849218478E-5
0.07460829538200102       -0.034136896718459854    0.005000000000000001     0.006847299927088105     323.9514568591921        4.170991026843154E-5
0.07833944699954253       -0.03656270919132087     0.005000000000000001     0.006895189461239423     323.9584051433712        4.4161653000069395E-5
0.07466029974231754       -0.034704609181446876    0                        0.006847965148659958     323.9513488057963        4.186053810606839E-5
0.07771434440939004       -0.03989725856499443     0                        0.006887174303921813     323.9563184799781        4.4471087659593155E-5
0.08198677889579788       -0.04497541342507827     0                        0.006942045701599771     323.9654031684137        4.7733273581524485E-5
0.07916729838562238       -0.04129803765599527     0.005000000000000001     0.006905855851188959     323.95935779487303       4.513707876932039E-5
0.08231857386044607       -0.04582538502097317     0.005000000000000001     0.006946472400461159     323.9663286200317        4.734739972067206E-5
0.085017645943191         -0.05                    0.005000000000000001     0.00698155217814689      323.97285396017315       4.9356116008649416E-5
0.051625418151834995      -0.0052184547524262775   0                        0.006552364019285093     323.94851713473696       2.6253007043740595E-5
0.04858862884878588       0                        0                        0.006513394208188568     323.9524718350354        2.546812810507466E-5
0.05466220745488412       -0.010436909504852546    0                        0.006591331090430252     323.94550693714115       2.750481787757206E-5
0.05769899675793323       -0.01565536425727882     0                        0.006630297387034383     323.9434055862193        2.9160850600490476E-5
0.06083835414482684       -0.020389664920278452    0                        0.006670581755569547     323.94220046090317       3.12665576305391E-5
0.0636508769869119        -0.02498229485572417     0                        0.0067066745471447324    323.942083038657         3.335522475560231E-5
0.07895652210883287       -0.05                    0                        0.006903039863792975     323.9560811028978        4.685102089722183E-5
0.048588628848785766      0                        0.005000000000000001     0.0065133937696221006    323.9524648203958        2.6195066802359176E-5
0.05162541815183486       -0.005218454752426269    0.005000000000000001     0.0065523640829928025    323.9485137921356        2.697211534861031E-5
0.05466220745488398       -0.010436909504852541    0.005000000000000001     0.0065913313474201055    323.945510322571         2.8165930185987035E-5
0.0576989967579331        -0.01565536425727881     0.005000000000000001     0.006630297518306951     323.9434085106357        2.9726931372247944E-5
0.06046648249598512       -0.020369198399946845    0.005000000000000001     0.006665809896298479     323.94233373995297       3.14392290720063E-5
0.06344815759114816       -0.025118920640812642    0.005000000000000001     0.0067040733177878295    323.94208392639945       3.353293404841741E-5
0.06667994001711866       -0.029729980918062074    0.005000000000000001     0.006745548811336628     323.9428934192373        3.5978748772036074E-5
0.06685993225598015       -0.02976805560997114     0                        0.006747858282915515     323.94289518292527       3.590713819473369E-5
0.06941862303283375       -0.034407619454110853    0.005000000000000001     0.006780698909438281     323.94442575237457       3.820444192760878E-5
0.0695633513238267        -0.03465460813025919     0                        0.006782556108516525     323.94452863579005       3.824837117541228E-5
0.07330428333867364       -0.03946041632206376     0.005000000000000001     0.006830576393266467     323.94828398378166       4.1329261617435754E-5
0.07247702356855235       -0.03966535392164566     0                        0.006819957879898487     323.94689528414153       4.083644438839506E-5
0.07551610098583013       -0.04468958351932925     0                        0.006858973196983615     323.95057731821964       4.3633057484355126E-5
0.0760388069771442        -0.045432652869730625    0.005000000000000001     0.0068657007163419465    323.9513173063969        4.38313926439436E-5
0.07895652210883088       -0.05                    0.005000000000000001     0.00690315284208566      323.9556716678364        4.632029600248238E-5
0.04555183954573675       -0.0052184547524262775   0                        0.006474427094302807     323.96142668554137       2.1854367509034355E-5
0.042515050242687646      0                        0                        0.006435444557554404     323.96801012130067       2.1418187517226577E-5
0.04555183954573666       -0.005218454752426261    0.005000000000000001     0.006474427184684726     323.9614078492294        2.271150481904787E-5
0.042515050242687556      0                        0.005000000000000001     0.006435444804117815     323.96804293386043       2.219685347607553E-5
0.03970921988853252       -0.005053552525866284    0                        0.006399441564115192     323.9787086034034        1.7938958973775565E-5
0.03935725302641669       -0.005317910436175777    0.005000000000000001     0.006394931192412425     323.9802357147088        1.8605640120970386E-5
0.03644147163658941       0                        0                        0.0063574307170820785    323.98905876076105       1.7737520651242483E-5
0.036441471636589326      0                        0.005000000000000001     0.006357473239415664     323.98878292262003       1.8555773519146025E-5
0.04858862884878588       -0.010436909504852546    0                        0.006513397632702768     323.95570075800595       2.2857893154744975E-5
0.051625418151835         -0.01565536425727882     0                        0.006552361345078607     323.95091703623024       2.438498235890989E-5
0.05474905612216276       -0.0204653429943768      0                        0.006592441800350545     323.9469038205547        2.6450293243908284E-5
0.057706257160564406      -0.02530871809489001     0                        0.006630389735848423     323.94412574770234       2.869656144107757E-5
0.060677114652031794      -0.029931298690423765    0                        0.006668515206849439     323.9422679680852        3.1180292176914684E-5
0.07288294327317883       -0.05                    0                        0.0068251534422097805    323.9443093339068        4.299649481274716E-5
0.04858862884878576       -0.010436909504852532    0.005000000000000001     0.006513398252746313     323.95566818064054       2.372365287945313E-5
0.05125338936686614       -0.015242180896107344    0.005000000000000001     0.006547588040351683     323.9514681391958        2.4955692209850075E-5
0.054280559186649924      -0.020488183233135327    0.005000000000000001     0.006586429746291895     323.94746890872284       2.6787750675640263E-5
0.0573557581529049        -0.025313697229114685    0.005000000000000001     0.006625891843644431     323.94439074128314       2.900615384727638E-5
0.06052875607161689       -0.02996661406084064     0.005000000000000001     0.006666611375367864     323.94227983341585       3.152161777669184E-5
0.06374292175772374       -0.03473149776753592     0                        0.0067078611440764815    323.9414813696766        3.393121587169651E-5
0.06336754574012907       -0.03468983382180191     0.005000000000000001     0.006703043741472342     323.9412165723166        3.397094983045503E-5
0.06678885813910816       -0.039663697287540496    0.005000000000000001     0.006746954610812044     323.94142803479787       3.695420816142501E-5
0.0666646700724889        -0.039740412328666014    0                        0.0067453607134861       323.94132386683486       3.6698230518712896E-5
0.06992147759803578       -0.04474432768383721     0.005000000000000001     0.006787162903226003     323.9425415672068        3.988306094750273E-5
0.06974899243506268       -0.04485456755624153     0                        0.0067849479198637775    323.94226607793684       3.9735198594917094E-5
0.07288294327317776       -0.05                    0.005000000000000001     0.006825171688312962     323.9445226208912        4.277816647088215E-5
0.042725680438056295      -0.009938181060802279    0                        0.006438174386290819     323.97071808259204       1.862183778049411E-5
0.04209026519037611       -0.010246005353531769    0.005000000000000001     0.006430022787006872     323.9724661787359        1.917335106959547E-5
0.03356358535430641       -0.005220470979388972    0.005000000000000001     0.006320548265884923     324.0023269654578        1.5182008603642507E-5
0.033608631262525016      -0.004876916748113205    0.0025000000000000248    0.006321102683972571     324.00257253966157       1.4652430278329096E-5
0.033649251951350226      -0.004713258118347627    0                        0.006321610185529251     324.0017889543864        1.4343966501759574E-5
0.03602196410081817       -0.010510023145242449    0.005000000000000001     0.0063522202457859285    323.9941603138667        1.51096355877711E-5
0.03713230955698882       -0.009607964896964943    0                        0.006366432113554939     323.98958761417106       1.4824593498898235E-5
0.03036789303049117       0                        0                        0.006279094996716867     324.0152259889739        1.451981929865099E-5
0.027535670461013854      -0.005065847106053067    0                        0.006242809625569472     324.03126235158464       1.0856726484566856E-5
0.030367893030491103      0                        0.005000000000000001     0.006279365293535744     324.0149084976995        1.542264281903693E-5
0.04565686036494704       -0.015204996548640074    0                        0.006475774743927563     323.96354255797416       1.9793399453360033E-5
0.048739249448400676      -0.020417149858950254    0                        0.006515318508964905     323.95693601704335       2.1660324018285922E-5
0.05178561782312884       -0.025367013108547144    0                        0.0065544097387361675    323.9513561488457        2.3967012014786545E-5
0.05478124739636141       -0.02999977641444325     0                        0.006592853268695519     323.9468717305113        2.6536039896451555E-5
0.05784527393977261       -0.03461704810928641     0                        0.0066321751995544005    323.94332843635146       2.937115601505113E-5
0.0668093646670806        -0.049999999999999996    0                        0.006747219063609028     323.93792243823157       3.8725154646288836E-5
0.044991709988010435      -0.01550789014996876     0.005000000000000001     0.006467240340491633     323.965297468534         2.0306018431020543E-5
0.04761611416976511       -0.020351424647998686    0.005000000000000001     0.006500904667799317     323.9593410506644        2.1762752765189903E-5
0.05121146231104234       -0.025487104467179313    0.005000000000000001     0.006547040934185135     323.9523307553745        2.4348945100329324E-5
0.05454563166450907       -0.030075607624811176    0.005000000000000001     0.006589829552404351     323.9471369302083        2.7046757634960765E-5
0.05751174072457821       -0.03479796723078821     0.005000000000000001     0.0066278950014568945    323.9435516250277        2.9684496262166322E-5
0.06073578606098147       -0.039563090495147515    0.005000000000000001     0.0066692713909875115    323.9408083050454        3.265998925066293E-5
0.06073578606098236       -0.03956309049514746     0                        0.006669271263335491     323.94068824751326       3.224115253340349E-5
0.06377257536403054       -0.04478154524757376     0.005000000000000001     0.006708245857539746     323.93912869736766       3.571186417260892E-5
0.06377257536403147       -0.04478154524757374     0                        0.006708245771851197     323.9389222894135        3.541846978255751E-5
0.06680936466707961       -0.05                    0.005000000000000001     0.006747220299297892     323.9385041638872        3.8847400614223655E-5
0.039667822660452046      -0.015239371570493968    0                        0.00639893987083574      323.9816414722543        1.526577812381071E-5
0.03914254313275413       -0.015167799485063142    0.005000000000000001     0.0063922054639920485    323.9830882576752        1.626278293580031E-5
0.034714353909946136      -0.014763080928596913    0.005000000000000001     0.0063354536377361655    324.0002506171886        1.339576610211439E-5
0.02787228485029225       -0.0044312954702741885   0.005000000000000001     0.006247400824201762     324.0289907043406        1.2444472654810078E-5
0.030722294570438957      -0.008976687320299782    0.005000000000000001     0.006284360311025195     324.01697403582546       1.2374474901283997E-5
0.03133827458103115       -0.009379824474971894    0                        0.006292212437104649     324.0142661677993        1.1218433208138629E-5
0.027849043498288675      -0.00976561689420216     0.0024811455170315024    0.006247890029658702     324.03219036596266       9.705367967088302E-6
0.032131043878807934      -0.012964175981968334    0.005000000000000001     0.006302476566209627     324.0115239293108        1.21804690692859E-5
0.027055644524816597      -0.009657747094120163    0                        0.006237337829122567     324.0361672965991        8.625939030046097E-6
0.0340440248309308        -0.01446768082127306     0                        0.0063268656496282445    324.0032920667527        1.1447742501195877E-5
0.02425514564754918       -0.008334518684321432    0                        0.00620066104493275      324.0520053820289        7.5360135939721185E-6
0.021639814406192615      -0.004682479582894317    0                        0.006163778370654866     324.0642496751567        8.236561786014915E-6
0.021323870745738265      -0.0050868951472438535   0.005000000000000001     0.006163645052714702     324.0638214233362        9.270908763967967E-6
0.02429431442439292       0                        0                        0.006199674135564323     324.04602394284984       1.1882502601407891E-5
0.02429431442439289       0                        0.005000000000000001     0.006200393895890408     324.04539241880934       1.265536371325142E-5
0.04237488027433737       -0.020330031948546684    0                        0.00643363576209327      323.9733432887448        1.665698686368071E-5
0.045777099423703796      -0.025426989588282423    0                        0.0064772934798196695    323.96402472064267       1.9165966973673114E-5
0.04905042913348746       -0.03014181453752758     0                        0.006519306513413391     323.95624970584237       2.198213363364843E-5
0.05175954156800547       -0.03484306039803348     0                        0.0065540750916769225    323.9506371174594        2.4622604089520884E-5
0.05466220745488412       -0.039563090495147446    0                        0.006591325733910029     323.94552643213757       2.7597094826609713E-5
0.05769899675793323       -0.044781545247573724    0                        0.0066302984602012545    323.9410545123834        3.091794369790259E-5
0.06073578606098236       -0.05                    0                        0.006669272162325719     323.9375303136822        3.435107985440482E-5
0.035211262580992685      -0.018900409488953315    0.005000000000000001     0.00634170929474355      323.9987696331051        1.3131826176840365E-5
0.04069247652527429       -0.020736693130733987    0.005000000000000001     0.00641203544474831      323.9787025787868        1.6669226147725867E-5
0.044992414216055876      -0.025573436990411397    0.005000000000000001     0.006467219492379204     323.9660771400027        1.966817349952751E-5
0.04841936330704976       -0.030269002674038783    0.005000000000000001     0.006511207292255198     323.957584224126         2.2435400228027628E-5
0.051513748695613745      -0.03478458578261956     0.005000000000000001     0.00655092096387934      323.95107651344415       2.5208604757009244E-5
0.054662207454883316      -0.0395630904951475      0.005000000000000001     0.006591325939757364     323.94551584318555       2.823370133684065E-5
0.05769899675793239       -0.04478154524757376     0.005000000000000001     0.006630298481116029     323.9410636952803        3.142252040555845E-5
0.06073578606098147       -0.05                    0.005000000000000001     0.006669272210611047     323.937585904605         3.474753745237453E-5
0.03587785911718641       -0.020416366368650563    0                        0.006350218330462158     323.99600103541945       1.1729720988940648E-5
0.032865938951114         -0.02051400863716233     0.0025000000000000248    0.006311496191185272     324.0093689415044        1.0390488229273271E-5
0.03140285737393897       -0.01596366262208655     0.005000000000000001     0.006293083730626102     324.0153837987491        1.1198730246335117E-5
0.02797743067225143       -0.0133445306745993      0.005000000000000001     0.0062497961394777785    324.03196611242          9.835438592648465E-6
0.024433138761250188      -0.009642947657507476    0.005000000000000001     0.006205692822551751     324.04962770305974       8.959651626603186E-6
0.02498682908814137       -0.012009634183148016    0.002292600687346491     0.006212569895613917     324.0487384473211        7.374894253704973E-6
0.024125423362278325      -0.01107783756770981     0                        0.0061990236727524       324.0549019216141        6.429917279917781E-6
0.028031721445582403      -0.013614577188960204    0                        0.006250119014498536     324.0320206770545        7.881487914783315E-6
0.030402975398395427      -0.019067400648635262    0.005000000000000001     0.006280045243368836     324.0203591858231        1.016111343756194E-5
0.030868989965097366      -0.018014117711560213    0                        0.006285920557104376     324.0180315790681        8.650541848092074E-6
0.017566236046325203      -0.0043670308391742406   0                        0.006105867864973349     324.08877852230574       6.937858748076437E-6
0.017999944687386627      -0.007303954394476121    0                        0.006104484396506417     324.09860549669435       4.80212835985909E-6
0.017999996695352398      -0.007303845669355587    0.005000000000000001     0.0061215045333974285    324.0839606770805        6.83260497942685E-6
0.01622775652016966       -0.003486089248208932    0.005                    0.00609443015173859      324.0893704156288        8.6641603520435E-6
0.020193342813900627      -0.00949513886888151     0.002500386425352702     0.006153592972229042     324.0767699832723        5.806981535712006E-6
0.02019604560552395       -0.009500055312613342    0                        0.006137468415986461     324.0879952267929        4.460739076283458E-6
0.020196154330644412      -0.009500003304647602    0.005                    0.006161022892206824     324.0707854188707        6.726561198949545E-6
0.020999999999999998      -0.0125                  -1.0928757898653885E-18  0.0061496874404102135    324.0850096713014        4.012612345261112E-6
0.015                     -0.006499999999999999    0.0025000000000000005    0.006065735048520316     324.10557663422867       5.764836575359097E-6
0.015233558973984311      -0.0032272209986451473   0                        0.006080062509960669     324.0955251443798        7.354921320632372E-6
0.018220735818294663      0                        0.005000000000000001     0.0061209467186098074    324.0770273125359        1.0975376144480395E-5
0.018220735818294708      0                        0                        0.006119319798630775     324.0783378214808        9.956196174872712E-6
0.03966535469844424       -0.025436051029291487    0                        0.006398821081071269     323.9822254666006        1.4399541357243464E-5
0.04310897380280497       -0.030258259495338724    0                        0.006443050915407524     323.9711445877655        1.7332179792904468E-5
0.04597055011102031       -0.034943945657695756    0                        0.006479783570010377     323.9625709920821        2.0140017794110383E-5
0.04858862884878586       -0.039563090495147446    0                        0.0065133804220493105    323.95568682616937       2.296351421549105E-5
0.051625418151834995      -0.04478154524757372     0                        0.006552349612862001     323.94863965850084       2.63998703201318E-5
0.05466220745488412       -0.05                    0                        0.006591323796767651     323.9423145191058        2.9957274393226878E-5
0.036019828780886026      -0.023389583367400518    0.005000000000000001     0.00635198576888174      323.99593392354876       1.3349262053552075E-5
0.03153575065074445       -0.022899858230983988    0.005000000000000001     0.006294278889025873     324.0150638725963        1.0550139590455254E-5
0.03402602883312681       -0.025995439411843305    0                        0.006326318937531574     324.0039414208119        1.0222211993849277E-5
0.03929566131237161       -0.02628774969887876     0.005000000000000001     0.006394074739800339     323.9835814697015        1.557468027480981E-5
0.0424034198359902        -0.030368208389334225    0.005000000000000001     0.006433993145206431     323.97306482987267       1.8005873430145163E-5
0.045508684035337504      -0.03501532332841913     0.005000000000000001     0.006473857542854461     323.9639562563965        2.0807409447797955E-5
0.04843954381478027       -0.0398660678050588      0.005000000000000001     0.006511466852083273     323.95596842017505       2.375007446653214E-5
0.05162541815183423       -0.04478154524757375     0.005000000000000001     0.006552350277044148     323.94836893572494       2.7083772888227436E-5
0.054662207454883316      -0.05                    0.005000000000000001     0.006591323788172932     323.94226013783197       3.053288884811973E-5
0.030520615321235272      -0.022127607785371352    0                        0.0062811894125747855    324.0197586357595        7.945468250546101E-6
0.02714185156311217       -0.016959678960944854    0.005000000000000001     0.0062388905938895855    324.03674024070494       8.847640588337995E-6
0.024024678631540848      -0.0143996067761149      0.005000000000000001     0.006202485607552043     324.05306602341676       7.72800704000758E-6
0.027003407199268976      -0.020926671459675555    0.005000000000000001     0.0062358287948778785    324.0374798682228        8.374914932236149E-6
0.02678671465849775       -0.02435231007705087     0.005000000000000001     0.006232758489987819     324.0384445999825        8.132017636830152E-6
0.020999999999999998      -0.0125                  0.005000000000000001     0.0061761477866164585    324.06591387639793       6.471617604923393E-6
0.021                     -0.012500000000000002    0.0025000000000000005    0.0061706425488682794    324.070822842979         5.416526506485083E-6
0.020196154330644416      -0.015499996695352401    0.005000000000000001     0.006162371276613099     324.072491799601         6.3305119812680876E-6
0.023691893356947543      -0.01528590905103851     0                        0.00619235036821791      324.0593422361942        5.058654414849899E-6
0.02686505225858369       -0.018855150268700903    0                        0.006234269312204755     324.0385228698014        6.046552432935843E-6
0.020196045605523943      -0.015499944687386656    0                        0.006140273911543585     324.08933876602924       3.6242594834567535E-6
0.024391418632889406      -0.020115752537225893    0.0024999999999999914    0.006202055239880372     324.05212905962514       5.911519578953787E-6
0.012774139078578231      -0.004580739218987754    0.005000000000000001     0.006054357799468808     324.10332358235115       8.135855085729612E-6
0.012147157212196445      0                        0.005000000000000001     0.0060588385875944735    324.09709103689164       1.0782091194637079E-5
0.015                     -0.006499999999999999    -1.0928757898653885E-18  0.006040096072056117     324.1221851275954        4.573216497846463E-6
0.015                     -0.006499999999999999    0.005000000000000001     0.006071681409274204     324.10054941582314       6.573132679371525E-6
0.012000003304647601      -0.0073038456693555855   0.005                    0.006033319679136936     324.1122400245417        6.500982410816528E-6
0.01199513886888138       -0.007306657186099448    0.0025003864253526327    0.006027025014461738     324.11800850453204       5.744776414282326E-6
0.01290821379377716       -0.004397289327759166    0                        0.0060506675615859176    324.10658665085015       6.651609004554609E-6
0.012000055312613358      -0.007303954394476071    0                        0.006006057886521717     324.1325472163154        4.5258940757378885E-6
0.01214715721219647       0                        0                        0.006055935502934891     324.0994188184123        9.514983057104154E-6
0.0030367893030490978     0                        0.0024999999999999883    0.006026370043306014     324.1011634077685        1.2136602552391873E-5
0.003199653462255231      -0.0034759561803074713   0.005000000000000001     0.006024828249069217     324.1029098662602        1.1307235036924392E-5
0.0060735786060982224     0                        0.005000000000000001     0.006030669357637446     324.1016363177591        1.1891564193409612E-5
0                         0                        0.005                    0.0060246287063113425    324.09953938257246       1.371395448073997E-5
0.037305065250822445      -0.030394569540368507    0                        0.006368545459791476     323.99071576984255       1.2964179877687898E-5
0.04030355975418188       -0.03503409689807075     0                        0.0064070697615774596    323.9793654618308        1.5900281695734156E-5
0.04291207615683908       -0.0398846237170062      0                        0.006440534285761553     323.96999366015956       1.8846763273828238E-5
0.04555183954573675       -0.04478154524757374     0                        0.006474395263136867     323.9615141264595        2.2018257232427712E-5
0.04858862884878588       -0.05                    0                        0.0065133703258455035    323.952522047616         2.5669636323750566E-5
0.02880770157494945       -0.026621760021301823    0                        0.006258907163764839     324.0282008702625        6.714978595540246E-6
0.034301296178737575      -0.027221626989037764    0.005000000000000001     0.006329865258524343     324.0028793825273        1.228989029821254E-5
0.029173650498774767      -0.02744333801320268     0.005000000000000001     0.006263754956517685     324.0263390169317        9.34324181725957E-6
0.03182121830804427       -0.030671901733349657    0                        0.0062981022245600935    324.01366326673184       9.050208196960926E-6
0.03668776273937823       -0.030820549433222728    0.005000000000000001     0.006360617645908324     323.99285109366963       1.4093053019286056E-5
0.039534226653527044      -0.035110205320457936    0.005000000000000001     0.006397204593050991     323.98193649459387       1.6597251766234976E-5
0.04230929175516533       -0.03996707780336922     0.005000000000000001     0.006432800588076816     323.97197936377137       1.945398986529112E-5
0.04555183954573609       -0.044781545247573766    0.005000000000000001     0.006474397744045705     323.96127319800183       2.2842856440298555E-5
0.048588628848785155      -0.05                    0.005000000000000001     0.006513370280714859     323.9524141804059        2.6363971894185934E-5
0.024797638703611565      -0.02329929269683754     0                        0.006206683047988174     324.0489807113896        4.5615042929485975E-6
0.024750114314001374      -0.02770506405423966     0                        0.006205959559338545     324.04948773586983       4.582758356593175E-6
0.024468154846292736      -0.027441262774999406    0.005000000000000001     0.006202689984676924     324.050764308521         7.372805191886032E-6
0.02196841465899936       -0.018724678156183915    0.005000000000000001     0.006173499324484323     324.06422729845787       6.814225819985778E-6
0.022723780421332794      -0.02287870085200239     0.005000000000000001     0.006179814070064285     324.060089941302         6.780036663577976E-6
0.017999996695352394      -0.01769615433064441     0.005                    0.006120073756168685     324.08872478289913       6.280722428216245E-6
0.0180048611311185        -0.017693342813900625    0.0025003864253527065    0.00611455085089394      324.0934697027605        4.919469904835758E-6
0.021779430066509814      -0.019304833614776237    0                        0.006165626161296038     324.0687945986592        3.6945194837111007E-6
0.01971395668920698       -0.02057386896818056     0.002500000000000019     0.006139296751079558     324.07852206715927       4.782002420951891E-6
0.017999944687386627      -0.017696045605523875    0                        0.006096665223479435     324.1055476726743        3.3999935649858193E-6
0.020769192243646747      -0.02321332289876225     0                        0.0061531280095774585    324.0715385159333        3.173324132743875E-6
0.00818798185372663       -0.004740486551239362    0.005000000000000001     0.0060298251979039605    324.10716586079917       9.157312984160626E-6
0.00607357860609821       0                        0                        0.006030164646672934     324.102144576515         1.0799415168860746E-5
0.009803845669355589      -0.009500003304647602    0.005                    0.00601874178335455      324.1145378778697        6.690529025802954E-6
0.006800693941400393      -0.007414848504198341    0.0024999999999999857    0.006018754088710259     324.1122231734099        7.718752120257127E-6
0.009803954394476093      -0.009500055312613364    0                        0.005987769913528695     324.13796882765513       4.276254187382507E-6
0.007963611574461031      -0.004918501533801328    0                        0.006027215584505093     324.10852173199925       7.608167657094207E-6
0.00331307368420967       -0.006919592522666584    0.005                    0.006019053795361736     324.1073179341551        1.0094450988375163E-5
0.003475945708937394      -0.003730935627247911    0                        0.006023521002854024     324.104252424393         9.86445776905921E-6
0                         -0.004038966930062566    0.002492059400138902     0.0060223459647015       324.10271580453644       1.153523760549447E-5
0                         -0.005555555555555553    0.004999999999999999     0.006020729134537044     324.1036860073882        1.1742537481076892E-5
0                         0                        0                        0.006024428247081535     324.099649685073         1.2671025577001772E-5
0.03462307804757418       -0.035072115020459683    0                        0.006334255781373589     324.0009254946723        1.1857942017386666E-5
0.03725050399600994       -0.03980710436787052     0                        0.006367909118071418     323.98935530681536       1.4879514567346526E-5
0.03947826093963853       -0.044781545247573724    0                        0.006396427899648872     323.97976695838855       1.7882647129340507E-5
0.042515050242687646      -0.05                    0                        0.006435398818946105     323.9681193530832        2.1623266398905332E-5
0.026768195670094995      -0.031041817610453288    0                        0.006232842908383524     324.03887887618333       5.983551187352805E-6
0.027705982823320364      -0.03095939724670327     0.0025043402777777837    0.006245132265841543     324.0343017184162        7.5067173819553345E-6
0.03155297049641007       -0.0313172395909459      0.005000000000000001     0.006294696302252712     324.01484387010987       1.0975326519621072E-5
0.026219757630931186      -0.031247445456717055    0.005000000000000001     0.00622624479630724      324.04152805739966       8.247350052865115E-6
0.029415051930045698      -0.03507662758958976     0                        0.006267722682007566     324.0250283524411        8.366415837841004E-6
0.033818658249334395      -0.0354066308553342      0.005000000000000001     0.0063239556501678024    324.00405325147733       1.2931650898028027E-5
0.03616432800701138       -0.03972369599126688     0.005000000000000001     0.006353999269012626     323.9935527345506        1.5364979128740025E-5
0.03947826093963795       -0.04478154524757376     0.005000000000000001     0.006396433646265169     323.9797454150521        1.8836066459061396E-5
0.04251505024268703       -0.05                    0.005000000000000001     0.006435398842023457     323.96804381838047       2.2383765886656113E-5
0.024130094874179477      -0.03092671630352727     0.002499999999999997     0.006198505438405597     324.05412798509684       5.95019302709166E-6
0.021160347544115016      -0.03037588685681289     0.005000000000000001     0.006160143538992516     324.06997163085185       6.630504294125971E-6
0.019283677705032167      -0.029487783150596428    0.0025000000000000022    0.006132489835580749     324.08201588261903       4.901880782769638E-6
0.021616876098587146      -0.026544832767587418    0                        0.006164072429992373     324.06692960071416       3.4391227477092536E-6
0.02204043211742775       -0.03060598715033748     0                        0.006169049451046405     324.0672107353758        3.846201886007822E-6
0.01908847078673267       -0.025752566502380187    0.005000000000000001     0.006131895041189068     324.07928980977425       6.276844876052361E-6
0.018355823850809097      -0.024798414840108446    0                        0.006121455777522571     324.0838988499776        2.9391623046524104E-6
0.01764848331190421       -0.0218429043215849      0.005000000000000001     0.006113406498941513     324.08733811977186       6.2070140724223885E-6
0.015                     -0.018500000000000003    0.005000000000000001     0.006071418719614019     324.1056705121595        6.204573904539776E-6
0.015                     -0.0185                  0.0025000000000000005    0.006065770583487655     324.1104504371529        4.953182093724057E-6
0.017322411904472458      -0.021505877549064994    0                        0.006103694719197637     324.0928583360638        2.947176279343082E-6
0.015                     -0.0185                  -1.0928757898653885E-18  0.006045823515177407     324.1235732418458        3.51896471010057E-6
0.014903646419579353      -0.021429360206084123    0.0024999999999999914    0.006078727332715712     324.10078247594174       4.797369455996517E-6
0.005637776308339705      -0.009911195474595381    0.005                    0.0060142039183651574    324.11298066362355       8.409894433998868E-6
0.009000000000000001      -0.012500000000000002    0.0025000000000000005    0.005996508021928808     324.1283608458972        5.406454274960133E-6
0.009000000000000001      -0.0125                  0.005000000000000001     0.006002147639250501     324.12348431231135       6.58121606994364E-6
0.009000000000000001      -0.0125                  -1.0928757898653885E-18  0.0059670760333557       324.1466909440954        4.050734091539858E-6
0.006317479117891377      -0.010197686383013839    0                        0.006006391216423137     324.1191270365876        6.14305263266685E-6
0.0032457848254035405     -0.008146046672547947    0                        0.006015666850299329     324.1097077883693        8.265784661477345E-6
0                         -0.011111111111111106    0.004999999999999999     0.0060158902839225       324.1079742031988        1.0673583469700155E-5
0                         -0.006934369525507928    0.0024959709924464784    0.006018816755340788     324.1055777855075        1.0614711784386452E-5
0                         -0.005555555555555553    0                        0.0060206695600896285    324.10377703127364       1.0495900297900041E-5
0.02421495039371586       -0.03529382448449725     0                        0.006200070588887798     324.0551257923225        5.4106995277477855E-6
0.031860681937470325      -0.03973350722679685     0                        0.0062988855008244546    324.0121437394444        1.134839309483735E-5
0.033862481020719905      -0.044698575728678976    0                        0.006324304548884293     324.00139995984          1.435909924946907E-5
0.03644147163658941       -0.05                    0                        0.006357338547916513     323.98920017886707       1.7912560700780853E-5
0.026701136995750725      -0.03640920676137373     0.002552083333333355     0.006233659238814259     324.03953710570397       7.998587866120898E-6
0.024180359518435036      -0.0345385973253732      0.005000000000000001     0.006203137001152599     324.05264519356416       7.747957954828696E-6
0.02731222139613234       -0.03864388109323885     0                        0.006240888492805381     324.0354510287852        8.164548152819537E-6
0.02866374674036961       -0.035610387050738844    0.005000000000000001     0.0062582515332948955    324.0285339684           1.0062726299015248E-5
0.024126971421631716      -0.037505789516242685    0.001881510416666682     0.006202512769617883     324.0536435426447        6.6362375998523004E-6
0.03064683906117006       -0.03995847656047362     0.005000000000000001     0.006283529895147137     324.0177023939781        1.2140150783670923E-5
0.03343452617542933       -0.04477423721132708     0.005000000000000001     0.006318816266000115     324.0033878674107        1.5208505482881534E-5
0.03644147163658888       -0.05                    0.005000000000000001     0.006357396730312134     323.98872701703937       1.8757718055274857E-5
0.020999999999999998      -0.037500000000000006    0.005000000000000001     0.006175038038889021     324.0665616077609        6.6311304664155325E-6
0.020196154330644416      -0.03450000330464761     0.005000000000000001     0.0061616769778386265    324.0727248689331        6.319267701572182E-6
0.021                     -0.037500000000000006    0.0025000000000000005    0.00616914129759774      324.07180855397627       5.483067481603147E-6
0.020999999999999998      -0.037500000000000006    -1.0928757898653885E-18  0.006150734159831247     324.0841698669597        4.0881226568440115E-6
0.02019334281390062       -0.0344951388688815      0.0025003864253527134    0.006153344560777169     324.0792031349926        5.125251836847333E-6
0.020196045605523977      -0.034500055312613326    0                        0.006133699694620511     324.09325524820946       3.652083563385185E-6
0.017999996695352398      -0.03230384566935559     0.005000000000000001     0.006126093361032722     324.0848310772563        6.3201493605248845E-6
0.017999944687386586      -0.0323039543944762      0                        0.006097042283924258     324.1072013143891        3.554519526409097E-6
0.017555792587297937      -0.026735357759542135    0.0025000000000000135    0.006112436679932777     324.0874080722527        4.743675565589089E-6
0.016755761323786762      -0.02867230067897582     0.005000000000000001     0.006100448262810838     324.0927041237751        6.2373568420872754E-6
0.015                     -0.0315                  0.0025000000000000005    0.006066101765735129     324.1102828467626        5.044557775076999E-6
0.017407007865949307      -0.02859967944437998     0                        0.006104301116908456     324.0928824654428        3.139828234839005E-6
0.015058287599141705      -0.02491147512561678     0                        0.006082989207528352     324.0977459908863        3.1590844060777482E-6
0.014149656437638653      -0.024850395793068615    0.005000000000000001     0.006075318830357069     324.09967119665          6.3322920639997725E-6
0.012484880934686284      -0.02135284286310328     0.005                    0.006055169008487673     324.10693575294033       6.343264518750821E-6
0.0120000033046476        -0.01769615433064441     0.005000000000000001     0.006035938927921347     324.1162956555182        6.461014119043254E-6
0.012000055312613332      -0.017696045605523986    0                        0.0060096511968654185    324.1363902486036        3.843229116936614E-6
0.012152047554790548      -0.021575536314486422    0                        0.006049506518500513     324.1106390994043        3.7917918034696796E-6
0.0091301912339821        -0.01859685742387372     0.005000000000000001     0.006027631606229799     324.1142351372319        6.96554117611323E-6
0.00980665718609938       -0.01550486113111851     0.002500386425352691     0.006004580339050527     324.12759914620784       5.315622635698913E-6
0.009803845669355585      -0.015499996695352397    0.005000000000000001     0.00601040563420249      324.1221276424963        6.526523625605303E-6
0.004090200126946481      -0.013835002275001125    0.005000000000000001     0.006013286551868451     324.113246837188         8.61652932255078E-6
0.006784230370357478      -0.01458315995353325     0                        0.006003674102525301     324.12254148546964       5.307374691592675E-6
0.009803954394476243      -0.015499944687386559    0                        0.005980179439511082     324.1436209798321        3.959195477254163E-6
0.007148746756535169      -0.015963206733059728    0.005000000000000001     0.006013576651744678     324.1176045416879        7.404338882466105E-6
0.008500120259354742      -0.01840226879426256     0                        0.006018304210531514     324.11912907352513       4.678924233977836E-6
0                         -0.015395755041359161    0.0024961072870138077    0.006016325976181547     324.10910599052795       9.626365485932748E-6
0                         -0.016666666666666663    0.004999999999999999     0.006017749839414868     324.1081725892251        1.0446959250405256E-5
0.0031947912813427696     -0.013441356636352915    0                        0.006013090305288647     324.1123371556105        7.318178523627574E-6
0                         -0.011111111111111106    0                        0.006014639745010432     324.1087566547213        9.204901112723783E-6
0.02019604560552395       -0.04049994468738666     0                        0.0061373204385765465    324.0895004636904        4.562113093595629E-6
0.023918740869482046      -0.04011111732482827     0                        0.006196302943573055     324.05562569472494       6.705573885869324E-6
0.02744152374196357       -0.04385127884566789     0                        0.006241496598064727     324.03237929045554       1.0368852790417894E-5
0.03036789303049117       -0.05                    0                        0.006278977181321159     324.0153996322511        1.4612174205314262E-5
0.02468836219953771       -0.040049689140630236    0.005000000000000001     0.006209062705809507     324.0486495054295        9.072359347663876E-6
0.020196154330644412      -0.0404999966953524      0.005000000000000001     0.00616490047009753      324.0676757444225        6.8670355717412996E-6
0.022818455510510927      -0.04260565095258157     0.0025000000000000248    0.0061822985699089995    324.05930145966875       8.070404813186021E-6
0.02745341676005894       -0.04502047743957846     0.005000000000000001     0.006241825630065376     324.0316552029381        1.2113237378127526E-5
0.030367893030490728      -0.049999999999999996    0.005000000000000001     0.006279184450372751     324.014953471957         1.5510450358486305E-5
0.018004861131118495      -0.04269334281390063     0.002500386425352706     0.006116014405432657     324.0887596367744        5.900752382579016E-6
0.015                     -0.0315                  0.005000000000000001     0.006071427634613197     324.10549731343946       6.3350618492778985E-6
0.015                     -0.0315                  -1.0928757898653885E-18  0.006038116470390539     324.12849319813927       3.5981059828846156E-6
0.004265223048087493      -0.019130649426909882    0.005000000000000001     0.006021049462110768     324.1101184548178        8.586031532447347E-6
0.013657293736669525      -0.026922023683529268    0.002499999999999997     0.006068563108228311     324.1027135407355        5.041470376910556E-6
0.012121768862862863      -0.028319168333488767    0.005000000000000001     0.0060534720201262755    324.1067411766288        6.590581824650423E-6
0.012000003304647601      -0.03230384566935558     0.005                    0.006035235772654444     324.1154483929357        6.467612473262931E-6
0.011995138868881509      -0.032306657186099375    0.0025003864253526987    0.0060303489852449425    324.1203533964075        5.146751110141609E-6
0.013164931035700362      -0.028993651573989882    0                        0.006052578927091802     324.1110925619096        3.4864488133405095E-6
0.012000055312613353      -0.032303954394476066    0                        0.00600373629297718      324.13862198534036       3.7733603006703225E-6
0.010982595715732225      -0.026385011719698467    0                        0.006048879090140984     324.10733871290626       4.147859860539811E-6
0.008859552723407141      -0.02409855629527744     0.005000000000000001     0.006038848573613424     324.1080359147184        7.267389116150888E-6
0.007937121694546617      -0.022938719795032113    0                        0.006033593903926678     324.1097567095066        5.2875983688998726E-6
0.004360521239369822      -0.018751981469749535    0                        0.006019508221175986     324.11147519691383       6.7583955106239825E-6
0.0033225659157148702     -0.022401910840049482    0.0024999017632469814    0.006024155141346369     324.10829511006784       8.177664037809616E-6
0                         -0.019628703429224178    0.002499337627557376     0.00602083687538739      324.10756056898134       9.7302624534457E-6
0                         -0.022222222222222216    0.004999999999999999     0.006023210709141114     324.1060330780044        1.0521908700397517E-5
0                         -0.016666666666666663    0                        0.006017466925846187     324.108474875852         9.031441076717897E-6
0.021992742648818748      -0.045161782055089965    0                        0.006169179897358447     324.0619447174339        8.312722597110087E-6
0.017999944687386627      -0.04269604560552388     0                        0.006096952092030562     324.1018498268679        4.750166987551534E-6
0.02429431442439292       -0.05                    0                        0.006199754830908428     324.04601179909326       1.1932820802135266E-5
0.017499238884381554      -0.04556707188350789     0                        0.006105332766550286     324.0887268607812        6.902786701641436E-6
0.02171817015153982       -0.045100184580334914    0.005000000000000001     0.00616699527072095      324.0625156390252        9.479420677874903E-6
0.017999996695352394      -0.042696154330644415    0.005                    0.006121708729518849     324.08373284044467       6.63923858298711E-6
0.01742635889559199       -0.04558003848525913     0.005000000000000001     0.006109073607053298     324.08511715517994       8.41364840371268E-6
0.024294314424392588      -0.05                    0.005000000000000001     0.006200161353813876     324.0455789832927        1.270002050608962E-5
0.015                     -0.043500000000000004    -1.0928757898653885E-18  0.0060394535544639385    324.1229403152715        4.492090520103871E-6
0.015                     -0.043500000000000004    0.0025000000000000005    0.006063962457383147     324.1069398711151        5.724252257186211E-6
0.015                     -0.043500000000000004    0.005000000000000001     0.006070639366292724     324.1011043756247        6.576233984949494E-6
0.003879971341908484      -0.025048685178879277    0.005000000000000002     0.006027082832398223     324.1071528160432        8.945299552726367E-6
0.008239893507841522      -0.02912738145609327     0.002481229586567363     0.006029538058950731     324.1121975484148        6.218234475875521E-6
0.007141418807713799      -0.02768533829195667     0.005000000000000001     0.006029641272080041     324.10998489254547       7.632472481381313E-6
0.008008198680513735      -0.031198331078729172    0.005000000000000001     0.006024055582161171     324.1137891722834        7.352029520669449E-6
0.009803845669355589      -0.0345000033046476      0.005000000000000001     0.006013315784014987     324.1210741299123        6.562682436902483E-6
0.009293075632333662      -0.030803961117061063    0                        0.006023665071232753     324.1182243669405        4.512941954810404E-6
0.009803954394476129      -0.03450005531261338     0                        0.0059851512367716285    324.1413429472327        3.960777183019169E-6
0.007603037525182148      -0.02690457294429682     0                        0.006032883373169664     324.10935741120016       5.500104452764394E-6
0.002595758466439224      -0.026903332836989285    0.0028973272701893205    0.006024396145748429     324.1075306477854        8.737688965467906E-6
0.003923269109829251      -0.024979464572770393    0                        0.006026673443773148     324.10747700489173       7.2765174624927976E-6
0                         -0.024997903788207494    0.0024996800049125753    0.006024099874270086     324.10614377871707       9.891485114007058E-6
0                         -0.02777777777777777     0.004999999999999999     0.006023376973177439     324.10597846684846       1.0577517212857015E-5
0                         -0.022222222222222216    0                        0.006023122661233824     324.106094192334         9.261415023702437E-6
0.015088115172102009      -0.04678214945704541     0.005000000000000001     0.006082224629002228     324.09316872482043       8.719416203806685E-6
0.018220735818294708      -0.05                    0                        0.006119648539818607     324.07810206953855       9.933488574373222E-6
0.01508527776962746       -0.04672978410874233     0                        0.006077998748057222     324.09627737860933       7.2859952069916155E-6
0.018220735818294437      -0.05000000000000001     0.005000000000000001     0.006119520090039406     324.07772682958273       1.0909632521703444E-5
0.012603247048267431      -0.045624035927253996    0                        0.006048815224535604     324.1075245638204        6.585229015893581E-6
0.012731725345108136      -0.04546343288545812     0.005000000000000001     0.006054827267628354     324.10268190353554       8.158257552506137E-6
0.012000055312613351      -0.04269604560552393     0                        0.006011246481596926     324.13157403078475       4.405264738154287E-6
0.012000003304647604      -0.04269615433064443     0.005000000000000001     0.006030604153564331     324.11468506217943       6.6599160820629E-6
0.009000000000000001      -0.037500000000000006    -1.0928757898653885E-18  0.005978023106517709     324.13988034152675       4.1359813414006845E-6
0.0074427902871178385     -0.0341347781770565      0                        0.006005115206790576     324.1237980392661        5.0111485205569555E-6
0.009000000000000001      -0.037500000000000006    0.0025000000000000005    0.005999613546818377     324.12625837471575       5.401143463646959E-6
0.004904863693275372      -0.0354438335807755      0.005000000000000001     0.006013580812199285     324.1139408198066        8.259668930265563E-6
0.009000000000000001      -0.037500000000000006    0.005000000000000001     0.006004791073446298     324.1221705916655        6.56728621603787E-6
0.003743086301732606      -0.030018995342301853    0.005000000000000001     0.006022128971604622     324.1092522982648        8.874647164249109E-6
0.004488719848926681      -0.030771987064390428    0                        0.0060205152986046555    324.111257217742         6.791809131018677E-6
0                         -0.030498991479976992    0.0024960182039230135    0.006020965394360902     324.10750268350347       9.770122400853989E-6
0                         -0.033333333333333326    0.004999999999999999     0.006018120080614704     324.10796151131933       1.0465710079327505E-5
0                         -0.02777777777777777     0                        0.0060231792892990015    324.10607509667443       9.303618098833579E-6
0.012147157212196294      -0.05                    0.005000000000000001     0.006059543102224605     324.09705519565256       1.0693483598665483E-5
0.01214715721219647       -0.05                    0                        0.006055149055286988     324.09992976884183       9.494758759342777E-6
0.009171625859207007      -0.04586161312509621     0                        0.0060323819785526814    324.1085556932868        7.640636229846503E-6
0.008750506105901546      -0.04524187899124542     0.005000000000000001     0.0060316983829150584    324.1073627028746        8.87437969495713E-6
0.009803845669355585      -0.0404999966953524      0.005                    0.006010877801519526     324.119598527923         6.545602346405603E-6
0.009806657186099452      -0.04050486113111863     0.002500386425352636     0.006007290960664755     324.1231889021105        5.53208959384012E-6
0.006073578606098149      -0.05                    0.005000000000000001     0.00603172524607449      324.10140495586705       1.1830060305106678E-5
0.00675763129103952       -0.040898814233593844    0.005                    0.006014450271667914     324.1142701691425        8.045202963637647E-6
0.009803954394476021      -0.04049994468738669     0                        0.0059800124496166744    324.1414746435153        4.299199515056418E-6
0.007922678747439071      -0.04313209288000827     0                        0.006015703988477508     324.11584375197293       6.721996282545643E-6
0.006965177743586893      -0.03978563478885366     0                        0.006004644059487278     324.12091017193364       5.8605197599422744E-6
0.006001096390407146      -0.038555753767519844    0.0025000276018109003    0.006009775443587539     324.1167557574827        6.977753141636291E-6
0.0044414154616613305     -0.0360312712175149      0                        0.006012855676791467     324.11399117643447       6.666677205547157E-6
0.003121162802680909      -0.041035542131933826    0.005000000000000001     0.006015853911059588     324.1096852870022        9.604233025791466E-6
0                         -0.03888888888888888     0.004999999999999999     0.006016492405617444     324.10762663096926       1.0692444781158895E-5
0                         -0.03447898801626375     0.0024920854672588707    0.00601689753818481      324.10885934196864       9.684466160224487E-6
0                         -0.033333333333333326    0                        0.006017944332180978     324.1082031540644        9.108250995777846E-6
0.00607357860609821       -0.05                    0                        0.006027426717608456     324.1037153783245        1.0703206264626112E-5
0.003036789303049077      -0.05                    0.0024999999999999883    0.006026132844609103     324.1016327804754        1.2060312147284355E-5
0.004409627317546561      -0.045466291569982525    0.005000000000000001     0.006023530900773422     324.1054167996941        1.0429826512504331E-5
0                         -0.05                    0.005                    0.006024078123624639     324.1000048269973        1.361839630693821E-5
0.004798334047601417      -0.045865142613536254    0                        0.0060232925135853006    324.10617913407907       9.239396651357187E-6
0.0037718053308830844     -0.041168043011300816    0                        0.006014672404204198     324.1110145241383        7.930319866935998E-6
0                         -0.04444444444444444     0.004999999999999999     0.006020675249490547     324.10383917659976       1.173789895807192E-5
0                         -0.04303603341581556     0.0024920841031428158    0.006018679980532168     324.10569327136966       1.0690042530141185E-5
0                         -0.03888888888888888     0                        0.006016008886897863     324.10799896395434       9.376698885252426E-6
0                         -0.04619129580988296     0.0025023222222222224    0.0060220296414665786    324.10301450006904       1.1650091837234293E-5
0                         -0.05                    0                        0.006024411230575009     324.09984833061395       1.2656475404542024E-5
0                         -0.04444444444444444     0                        0.006020490162239712     324.10397633487537       1.0619243240330617E-5
0.02019334497783586       -0.03449514260884364     -0.002499616762994321    0.002775270813169383     325.38659144238767       1.7238901195548375E-6
0.020999999999999998      -0.037500000000000006    -0.002499999999999999    0.002738958545283727     325.431403074991         1.92109451991229E-6
0.018541515897963483      -0.037546237357099006    -0.0019999539550232233   0.0030404034557465014    325.4473188458359        2.142065694402296E-6
0.020999999999999998      -0.037500000000000006    -0.004999999999999999    0                        325.8478926385705        0
0.020196154330644416      -0.03450000330464761     -0.004999999999999998    0                        325.7153717827673        0
0.01707200960909468       -0.03545385005210914     -0.004999999999999999    0                        325.91589327898294       0
0.017999996695352398      -0.03230384566935559     -0.004999999999999999    0                        325.91296046413987       0
0.017879473643894257      -0.03857295110980939     -0.004999999999999999    0                        325.86555519452196       0
0.01780246877895589       -0.03983950180690183     -0.0029182936939082856   0.0021927167915337946    325.60783110814367       1.6039853387978953E-6
0.020196154330644412      -0.0404999966953524      -0.004999999999999998    0                        325.96192569280726       0
0.016712391901419175      -0.04070909259432217     -0.005                   0                        325.8309797320322        0
0.017999996695352394      -0.042696154330644415    -0.004999999999999998    0                        325.7593052621593        0
0.018004857391156356      -0.04269334497783587     -0.002499616762994328    0.002862300854378486     325.39064344222237       2.7294130817335843E-6
0.015                     -0.043500000000000004    -0.004999999999999999    0                        325.7059708593893        0
0.017928905025256688      -0.03828294785434597     0                        0.0047526932390921       324.79985316455253       3.7643624434555184E-6
0.017221154418361452      -0.03528226657147265     0                        0.0047898412218330315    324.870166300126         3.422909907539745E-6
0.015                     -0.0315                  -0.002499999999999999    0.0028839616934479622    325.3287455580244        2.0106351564548032E-6
0.014202367727467703      -0.03369412417588848     -0.002910265836797554    0.002128963808437893     325.6204681150982        1.551963662325737E-6
0.015                     -0.0315                  -0.004999999999999999    0                        325.77580235960255       0
0.015782073285201637      -0.03785796205012888     0                        0.004416098894015698     324.9757029151094        3.4894097061350817E-6
0.01664794894094797       -0.04037757071786405     0                        0.004783461710496679     324.79282530526683       3.848604656686385E-6
0.015037796370831037      -0.03744545370564517     -0.0027026005467130974   0.0021184946389088363    325.6359949083516        1.6424967495422532E-6
0.015638392606707085      -0.037972757481502854    -0.004999999999999999    0                        325.8576910066759        0
0.012000003304647601      -0.03230384566935558     -0.004999999999999998    0                        325.74429845197386       0
0.013230073507161743      -0.0357591208393782      -0.005                   0                        325.9123882838631        0
0.011995142608843648      -0.032306655022164135    -0.002499616762994321    0.002842767118642663     325.33177610109175       2.0707982761472285E-6
0.009803845669355589      -0.0345000033046476      -0.004999999999999999    0                        325.8785426041504        0
0.01490759922712625       -0.040180214853229326    -0.0025078941682543047   0.002479262050731471     325.5853603281784        1.9352076936960772E-6
0.012874494939630558      -0.03962949005382688     -0.004999999999999999    0                        325.99797151541077       0
0.015                     -0.043500000000000004    -0.002499999999999999    0.0028486353557013373    325.34825175905746       2.623149600665706E-6
0.0120000033046476        -0.042696154330644415    -0.004999999999999999    0                        325.7860618020006        0
0.009803845669355585      -0.0404999966953524      -0.004999999999999999    0                        325.66366363687325       0
0.009806655022164134      -0.04050485739115636     -0.0024996167629943314   0.002907077843068657     325.28912868335016       2.23814004831993E-6
0.009000000000000001      -0.037500000000000006    -0.004999999999999999    0                        325.70806108281494       0
0.01316548106677251       -0.03565402570387081     0                        0.004645467514958589     324.9231755303609        3.5210659681345697E-6
0.013212044483297235      -0.03929384982381501     0                        0.004575009907601125     324.91685945854425       3.725074294494869E-6
0.009000000000000001      -0.037500000000000006    -0.002499999999999999    0.00278528134952868      325.3658023606609        2.063504848843702E-6
0.017439880932144294      -0.03686663365081744     0.0031209438146334333    0.005544717636214973     324.4049991742376        4.9910794476035856E-6
0.017610621865533898      -0.040728048521301276    0.0020966274835788968    0.005626944469734064     324.36160506732745       5.2337577922157155E-6
0.017879473643894257      -0.03857295110980938     0.005000000000000001     0.005857332244036866     324.2258631747372        6.043647316129413E-6
0.01707200960909468       -0.03545385005210914     0.005000000000000001     0.005693497594544748     324.30083402523775       5.626251733649379E-6
0.01671239190141917       -0.04070909259432216     0.005000000000000001     0.005767813420937784     324.2596638124456        6.138547371881875E-6
0.015638392606707092      -0.03797275748150285     0.005                    0.005570757807094325     324.3571250475488        5.666485440211705E-6
0.015575775716290926      -0.03416484055646131     0.002560770600142728     0.005596238735212754     324.39404654452505       4.574320024560208E-6
0.014537536555458905      -0.03738530769097433     0.0027898423368020696    0.005334218683905073     324.5147007870928        4.770284729655999E-6
0.014761737120215217      -0.03990469017711026     0.002659143377594035     0.0053866630779869544    324.48568191089527       5.11252532215438E-6
0.01323007350716175       -0.03575912083937819     0.005000000000000001     0.0057057118070560665    324.2849980100801        5.574882420507796E-6
0.012874494939630558      -0.03962949005382688     0.005000000000000001     0.005626469786967236     324.3178004237034        5.801422341365066E-6
0.011319917590345362      -0.03752920017374623     0.0025299839043400954    0.005550595747615618     324.39356943535245       4.985686827811587E-6
0.020196154330644412      -0.009500003304647602    -0.004999999999999998    0                        325.79607436393354       0
0.02019334497783587       -0.009495142608843647    -0.002499616762994326    0.0029278013851179205    325.3591854962729        2.5142538288549244E-6
0.017509832000627328      -0.009984446367765564    -0.0031674777957309305   0.0018836106095952495    325.68406044896415       1.3227270919444582E-6
0.020999999999999998      -0.0125                  -0.004999999999999999    0                        325.8759070525634        0
0.017999996695352398      -0.007303845669355587    -0.004999999999999999    0                        325.97589687640556       0
0.01707200960909468       -0.010453850052109134    -0.004999999999999999    0                        325.8434411832532        0
0.017879473643894257      -0.01357295110980938     -0.004999999999999999    0                        325.8796960511085        0
0.015                     -0.006499999999999999    -0.004999999999999999    0                        325.7877766711394        0
0.015                     -0.006499999999999999    -0.002499999999999999    0.0029372656641182345    325.3109686459642        2.7344840305207484E-6
0.020999999999999998      -0.0125                  -0.002499999999999999    0.0027391738469750267    325.43940201360056       2.0223404367861802E-6
0.0184490553995352        -0.012761793783300788    -0.0018113333610352683   0.0032286975138212516    325.39928815375055       2.2751122303817405E-6
0.01722115441836161       -0.01028226657147261     0                        0.004739142171827973     324.83142381371925       3.885999499422664E-6
0.014176161493699843      -0.008891254993954132    -0.002769847659956644    0.0022848714168074765    325.6037180195563        1.857267218454952E-6
0.017823320367859         -0.014857008124209072    -0.003002010126622553    0.0021038928344264134    325.6373925154284        1.358186993333241E-6
0.020196154330644416      -0.015499996695352397    -0.004999999999999999    0                        325.98076480040896       0
0.01671239190141917       -0.015709092594322155    -0.004999999999999999    0                        325.8601182185052        0
0.017999996695352394      -0.01769615433064441     -0.004999999999999998    0                        325.7771521607249        0
0.01800485739115636       -0.017693344977835868    -0.002499616762994322    0.0028625612865188737    325.39861006508727       1.8001895528414272E-6
0.015                     -0.018500000000000003    -0.004999999999999999    0                        325.71985045704565       0
0.017928905025256677      -0.013282947854345903    0                        0.004742924381191356     324.80046566823887       3.566093831335734E-6
0.015782073285201637      -0.012857962050128867    0                        0.0044090195493121384    324.97049385244713       3.499334438535772E-6
0.01563839260670709       -0.01297275748150286     -0.004999999999999999    0                        325.83497534379666       0
0.015292501920619924      -0.012538146996164045    -0.0028409250207111236   0.0020107850291140113    325.6802980892327        1.6130251173328264E-6
0.012000003304647601      -0.0073038456693555855   -0.004999999999999998    0                        325.7541377628324        0
0.013230073507161738      -0.010759120839378189    -0.004999999999999999    0                        325.92035391230354       0
0.009803845669355589      -0.009500003304647602    -0.004999999999999999    0                        325.891819910204         0
0.011995142608843642      -0.007306655022164134    -0.002499616762994328    0.002858175835331252     325.33525648780204       2.6806521290237736E-6
0.016647948940947992      -0.015377570717864025    0                        0.004779472454915805     324.79445095066154       3.41932333651729E-6
0.01316548106677249       -0.010654025703870787    0                        0.00471440674043088      324.88439415147565       3.830654593889414E-6
0.012874494939630558      -0.014629490053826879    -0.004999999999999999    0                        326.00443302479573       0
0.014909191424737737      -0.015178899656330102    -0.0025076101518711363   0.0024732133553541933    325.58119274364986       1.766916675583534E-6
0.015                     -0.0185                  -0.002499999999999999    0.0028486177474195177    325.349627157731         1.919029072023621E-6
0.0120000033046476        -0.01769615433064441     -0.004999999999999999    0                        325.7954449313134        0
0.013212044483297066      -0.014293849823814975    0                        0.00456423561908677      324.9228653003958        3.5259868513234857E-6
0.009000000000000001      -0.0125                  -0.002499999999999999    0.0027808801900094525    325.3675863540371        2.002364255293173E-6
0.009000000000000001      -0.0125                  -0.004999999999999999    0                        325.711843788383         0
0.009803845669355585      -0.015499996695352397    -0.004999999999999999    0                        325.66858182307436       0
0.009806655022164473      -0.015504857391156944    -0.0024996167629936414   0.002905395122016304     325.29297066115436       2.0448888970344086E-6
0.01557577571629093       -0.009164840556461306    0.0025607706001427233    0.005574489748935889     324.39153351750605       5.327611568205823E-6
0.017072009609094684      -0.010453850052109134    0.005000000000000001     0.005672294914344832     324.30386136769164       5.912100225088624E-6
0.017439880932144294      -0.011866633650817427    0.0031209438146334325    0.005528046779660983     324.40486870827567       5.1191996719630885E-6
0.017879473643894257      -0.013572951109809384    0.005000000000000001     0.005848186428690347     324.227947467857         5.740376775944057E-6
0.015638392606707092      -0.01297275748150286     0.005000000000000001     0.005552254949655819     324.3631157503125        5.500796863096874E-6
0.014537536555458886      -0.012385307690974331    0.0027898423368020696    0.005303461491997342     324.52662404931715       4.743165038456541E-6
0.017610621865533898      -0.01572804852130127     0.0020966274835788968    0.005624046529079384     324.3639948922065        4.441612756499992E-6
0.01671239190141917       -0.015709092594322155    0.005000000000000001     0.005765132009124181     324.2620223467343        5.6285824748429845E-6
0.013230073507161735      -0.010759120839378189    0.005000000000000001     0.005573281960573269     324.3563423715432        5.868302051861226E-6
0.014761737120215203      -0.014904690177110245    0.0026591433775940377    0.005387617341905589     324.484752405302         4.520497819315953E-6
0.012874494939630554      -0.014629490053826879    0.005000000000000001     0.005625540943099459     324.3158811350168        5.645337967495538E-6
0.010937247469815272      -0.01356474502691344     0.0024999999999999988    0.005670207753333671     324.31793724580433       5.003793716386661E-6
0.0971178166514354        -0.02216985786632054     0.05558348995497134      0.008955963907904797     325.8793003655447        3.1089818256624723E-6
0.09999999999999999       -0.02284534468471068     0.05715382452916323      0.01056189619321781      327.6080007726365        2.4494793731837698E-6
0.09499999999999999       -0.023260631633345623    0.05673842299900664      0.008832200004129388     325.70229005669455       3.6343556925021593E-6
0.09749999999999998       -0.025122695223445606    0.056865931614959134     0.009487589978702221     326.4869117961544        2.903204939506903E-6
0.09499999999999999       -0.02467944114917783     0.05431538698260023      0.008936160789584119     325.8413868079802        3.6563443349932848E-6
0.09999999999999999       -0.02454207725795046     0.05446025906927453      0.011224573600748801     328.2714521705148        2.0825130358570973E-6
0.09999999999999999       -0.0217761160153458      0.05332930288675601      0.01024505826161526      327.28471262359096       2.0216857915255724E-6
0.09626159405157099       -0.021922994723673518    0.05299940771388188      0.008528037214576862     325.3949444152086        3.6197911692069163E-6
0.095                     -0.022014741281484056    0.05322907983627347      0.008500063668347208     325.3380388588179        3.902307076696897E-6
0.095                     -0.02402939984114153     0.05224853003867834      0.008610995882025964     325.48361223073334       4.070948950724253E-6
0.09749925266965104       -0.024612400779263736    0.05294575812575363      0.009377247471102225     326.38531024870093       2.9763365141931857E-6
0.09999999999999999       -0.023925755898785952    0.05230274655164172      0.010564361022880366     327.67999052143574       1.9107066797902885E-6
0.09999999999999999       -0.026984758813545586    0.056993440230911636     0.01070891230820426      327.82444529340864       2.427334809296197E-6
0.09999999999999999       -0.02706938185694903     0.0529342048866082       0.010618433362165442     327.7954207608546        1.912904648955733E-6
0.09748354309552132       -0.027155113840269952    0.05483850300398833      0.009336072438122253     326.3464448213651        2.93944388379019E-6
0.095                     -0.026721233120825916    0.05670642358216201      0.008836642853833666     325.71281072933533       3.60651957188268E-6
0.095                     -0.027219820166249648    0.0527774971559881       0.008594132066571818     325.46630957035967       4.006315151360414E-6
0.10499999999999998       -0.01980384566935559     0.05799999669535241      0.02                     331.451520573154         0
0.10267380323261191       -0.019777408068875565    0.05795373213425895      0.014669827436001684     330.2659026112768        1.5780041451453975E-6
0.105                     -0.019000000000000003    0.055000000000000014     0.02                     331.65426395099325       0
0.10499999999999998       -0.023260631633345626    0.05673842299900665      0.019999999999999997     331.9596867318836        0
0.10499999999999998       -0.022000003304647606    0.06019615433064442      0.02                     331.3208254179033        0
0.10320196331467082       -0.021999995230894492    0.06019614966925937      0.015869076684577023     330.7111841289599        1.3764900489431009E-6
0.10499999999999997       -0.019803845669355585    0.05200000330464761      0.02                     331.8268323892346        0
0.10499999999999998       -0.02201474128148405     0.05322907983627348      0.019999999999999997     332.05601188748835       0
0.1025                    -0.019000000000000003    0.05500000000000001      0.014499920021291631     330.2046152973723        1.47449205873492E-6
0.105                     -0.025                   0.06100000000000001      0.02                     331.80418082037016       0
0.10232854548617058       -0.019781504776928974    0.05203903603419683      0.014079503288430746     330.09334782177484       1.39852228813517E-6
0.10242093919539104       -0.022324996692376652    0.055024331486484224     0.01496648341934553      330.82369556721534       1.3698829627089793E-6
0.105                     -0.024679441149177826    0.05431538698260022      0.019999999999999997     332.09677292952887       0
0.1029295718087169        -0.02254895061080595     0.05177660414589459      0.015615648608311525     330.9044723913413        9.025497298973978E-7
0.10499999999999998       -0.022000003304647606    0.0498038456693556       0.02                     331.99200338920315       0
0.10499999999999998       -0.02402939984114153     0.05224853003867834      0.02                     331.998491798403         0
0.1026791327776321        -0.025254004241648167    0.05735044693217109      0.015447319316792016     330.88674027411275       1.413344186636773E-6
0.10499999999999998       -0.0267212331208259      0.05670642358216202      0.02                     332.0136900443184        0
0.1025                    -0.025                   0.06100000000000001      0.014153747990449207     330.0505852022687        1.8743641581917179E-6
0.1027198607129162        -0.02488191080394305     0.05307853123822526      0.015547750609032967     330.9151102722844        1.0325431979362488E-6
0.10499999999999998       -0.02721982016624964     0.0527774971559881       0.02                     332.2107063906625        0
0.10249999999999998       -0.02689530748888747     0.05482031423438511      0.015133420500364614     330.70989632608934       1.2802468298938427E-6
0.10499999999999998       -0.030196154330644407    0.05799999669535241      0.02                     331.2968775337931        0
0.10320196331467087       -0.030196149669259358    0.05800000476910552      0.015817978167511043     330.7112698426508        1.320022462008928E-6
0.105                     -0.031                   0.055000000000000014     0.02                     331.3721967544276        0
0.10499999999999998       -0.027999996695352396    0.060196154330644416     0.02                     331.58969976692015       0
0.10267380323261192       -0.027953732134258925    0.06022259193112445      0.01482184673549811      330.4984484455344        1.7043636395079374E-6
0.1025                    -0.025                   0.049                    0.014134705860390616     330.0361482385073        1.235770410804906E-6
0.105                     -0.025                   0.049000000000000016     0.02                     331.27119552790737       0
0.10499999999999997       -0.027999996695352396    0.04980384566935559      0.02                     331.7082947738521        0
0.10179803101459516       -0.02200000330464862     0.049803845669355015     0.012682956933525866     329.2175011373387        1.6721340896948012E-6
0.10232854548617068       -0.02796096396580293     0.04978150477692883      0.014030490596565663     330.0473601463331        1.4203126066934428E-6
0.10499999999999998       -0.030196154330644414    0.05200000330464762      0.02                     331.9107881335922        0
0.1025                    -0.031                   0.05500000000000001      0.014187875440197959     330.1167594401358        1.5685309411557795E-6
0.10179803101459552       -0.030196154330644424    0.052000003304647636     0.012911115630288992     329.4975540693741        1.4799072297342989E-6
